Date,Close,ROI,Lower Bound,Upper Bound,Middle Bound,sellSignal,buySignal,ExitSignal
2017-01-03,1.0,,,,,,,
2017-01-04,0.998880827607,-0.00111917239313,,,,,,
2017-01-05,1.00396042422,0.00508528792919,,,,,,
2017-01-06,1.01515286155,0.0111482853858,,,,,,
2017-01-09,1.02445106856,0.00915941565988,,,,,,
2017-01-10,1.02548431266,0.00100858315863,,,,,,
2017-01-11,1.03099443359,0.00537318890694,,,,,,
2017-01-12,1.02668968087,-0.00417534040764,,,,,,
2017-01-13,1.02488166422,-0.00176101570473,,,,,,
2017-01-17,1.03314676982,0.00806444869682,,,,,,
2017-01-18,1.03306070776,-8.33009040119e-05,,,,,,
2017-01-19,1.03125275353,-0.00175009485536,,,,,,
2017-01-20,1.03314676982,0.00183661695287,,,,,,
2017-01-23,1.03383555166,0.000666683434451,,,,,,
2017-01-24,1.0328885123,-0.000916044485392,,,,,,
2017-01-25,1.04933280413,0.0159206842034,,,,,,
2017-01-26,1.0498493905,0.000492299845738,,,,,,
2017-01-27,1.04993545256,8.1975624963e-05,,,,,,
2017-01-30,1.04718039656,-0.00262402417317,,,,,,
2017-01-31,1.04476979389,-0.00230199369217,0.998385014741,1.06050440284,1.02944470879,,,
2017-02-01,1.10848040165,0.060980522342,0.990445887864,1.07929156988,1.03486872887,1,,
2017-02-02,1.10658639427,-0.00170865210571,0.988664806268,1.09184320815,1.04025400721,1,,1
2017-02-03,1.11132166239,0.00427916712459,0.987949796239,1.10329434199,1.04562206912,1,,
2017-02-06,1.12173918448,0.00937399354451,0.985906715658,1.11599605487,1.05095138526,1,,1
2017-02-07,1.13241502651,0.00951722305676,0.983155407077,1.12954375924,1.05634958316,1,,
2017-02-08,1.13680584129,0.00387739006966,0.981983437485,1.1418478817,1.06191565959,,,
2017-02-09,1.14502046535,0.00722605722568,0.980985618427,1.15424830393,1.06761696118,,,
2017-02-10,1.14242644911,-0.0022654758798,0.982907661164,1.16389993802,1.07340379959,,,
2017-02-13,1.15254318648,0.00885548245356,0.985760967397,1.17381278401,1.0797868757,,,
2017-02-14,1.16750234374,0.012979259638,0.987445637274,1.18556367153,1.0865046544,,,
2017-02-15,1.17173912786,0.00362892985603,0.990781920302,1.19609523051,1.09343857541,,,
2017-02-16,1.17035599079,-0.00118041382315,0.996633818232,1.2041536563,1.10039373727,,,
2017-02-17,1.17355524153,0.0027335706074,1.00381188703,1.21101643468,1.10741416085,,,
2017-02-21,1.18202908619,0.0072206610858,1.01218568207,1.21746199309,1.11482383758,,,
2017-02-22,1.18557435974,0.00299931159482,1.02281043735,1.22210582256,1.12245812995,,,
2017-02-23,1.18055912909,-0.0042302118016,1.03241031189,1.22562858051,1.1290194462,,,
2017-02-24,1.18168319715,0.00095214888544,1.04387942444,1.22734284863,1.13561113653,,,
2017-02-27,1.18401786795,0.00197571633999,1.05761909149,1.22701142311,1.1423152573,,,
2017-02-28,1.18453683528,0.000438310386928,1.07539458671,1.22297157177,1.14918307924,,,
2017-03-01,1.20874788246,0.0204392522518,1.09726995897,1.21749400837,1.15738198367,,,
2017-03-02,1.20157105037,-0.00593741026308,1.10347134028,1.22060169192,1.1620365161,,,
2017-03-03,1.20866148154,0.0059009670369,1.11118891122,1.22309162971,1.16714027047,,,
2017-03-06,1.20485685363,-0.0031478027256,1.1200289672,1.22360509286,1.17181703003,,,
2017-03-07,1.20641334542,0.00129184789321,1.12777489658,1.22432657957,1.17605073807,,,
2017-03-08,1.20191693942,-0.00372708575736,1.13458469234,1.2244669751,1.17952583372,,,
2017-03-09,1.19914984489,-0.00230223440536,1.14170824695,1.22357782085,1.1826430339,,,
2017-03-10,1.20312755108,0.00331710520335,1.14772690772,1.22336986866,1.18554838819,,,
2017-03-13,1.20364624197,0.000431118786382,1.15592156147,1.22129719419,1.18860937783,,,
2017-03-14,1.2018305385,-0.00150850258835,1.16268579344,1.21946169742,1.19107374543,,,
2017-03-15,1.2145414348,0.0105762800098,1.16546935131,1.22138204866,1.19342569998,,,
2017-03-16,1.21653008279,0.00163736529468,1.1678478302,1.22348266526,1.19566524773,,,
2017-03-17,1.21047745253,-0.00497532313263,1.17182176518,1.22352087645,1.19767132082,,,
2017-03-20,1.22318848259,0.0105008400068,1.17452275777,1.22578320797,1.20015298287,,,
2017-03-21,1.20918044887,-0.0114520647673,1.17707384534,1.22594725666,1.201510551,,,
2017-03-22,1.22284245978,0.0112985708056,1.17837661995,1.22837129206,1.203373956,,,
2017-03-23,1.21851886455,-0.00353569276332,1.18185390115,1.2286899844,1.20527194278,,,
2017-03-24,1.21609792659,-0.00198678742889,1.18593398171,1.22805137679,1.20699267925,,,
2017-03-27,1.21817325194,0.00170654460557,1.19008913178,1.22731176511,1.20870044845,,,
2017-03-28,1.24342195734,0.0207266949566,1.19065026739,1.23263914172,1.21164470455,1,,1
2017-03-29,1.24618906079,0.0022253937462,1.18752701149,1.23950651545,1.21351676347,1,,
2017-03-30,1.24454616808,-0.00131833343888,1.18687864336,1.24445239535,1.21566551935,1,,1
2017-03-31,1.24221148836,-0.00187592857429,1.18644215319,1.2482438862,1.2173430197,,,
2017-04-03,1.2425573774,0.000278446181579,1.18696467286,1.25149141891,1.21922804588,,,
2017-04-04,1.25180953484,0.00744606052604,1.18673946808,1.25625624263,1.22149785536,,,
2017-04-05,1.24532434709,-0.00518065054813,1.18863810232,1.25869834915,1.22366822574,,,
2017-04-06,1.24221148836,-0.00249963693339,1.19185923409,1.25978338174,1.22582130791,,,
2017-04-07,1.23944452759,-0.00222744741527,1.1949234189,1.26035089457,1.22763715674,,,
2017-04-10,1.23797443672,-0.00118608847209,1.19838407326,1.26032305969,1.22935356648,,,
2017-04-11,1.22465843969,-0.0107562778629,1.20223212871,1.25875779436,1.23049496154,,,
2017-04-12,1.22612826304,0.00120019043319,1.2037282478,1.25842035809,1.23107430295,,,
2017-04-13,1.21964306637,-0.00528916661149,1.20419883449,1.25826106976,1.23122995213,,,
2017-04-17,1.22638774224,0.00553004076558,1.20668209765,1.25736883557,1.23202546661,,,
2017-04-18,1.22094007895,-0.00444203990878,1.20638534865,1.25744074421,1.23191304643,,,
2017-04-19,1.21644368187,-0.00368273362247,1.20793091371,1.25662150245,1.23227620808,,,
2017-04-20,1.23166232725,0.0125107685722,1.2087752313,1.25665917161,1.23271720145,,,
2017-04-21,1.23019237015,-0.00119347411387,1.21026427585,1.25633747762,1.23330087673,,,
2017-04-24,1.24203841007,0.00962942074056,1.2127490844,1.25644671741,1.23459790091,,,
2017-04-25,1.24973406681,0.00619598932803,1.21476742691,1.25758445639,1.23617594165,,,
2017-04-26,1.24238429912,-0.00588106532692,1.21478456478,1.2574635527,1.23612405874,,,
2017-04-27,1.24333542266,0.000765563068374,1.21488850523,1.25707424843,1.23598137683,,,
2017-04-28,1.242124811,-0.000973680663884,1.21494739764,1.25677322032,1.23586030898,,,
2017-05-01,1.26746020267,0.0203968163687,1.21197579652,1.26226969287,1.2371227447,1,,
2017-05-02,1.27550201598,0.00634482509607,1.20835904184,1.26918091141,1.23876997662,1,,1
2017-05-03,1.27161085339,-0.00305069105383,1.20641398769,1.27310609741,1.23976004255,,,
2017-05-04,1.26702790379,-0.00360405039466,1.2053907883,1.27629965247,1.24084522039,,,
2017-05-05,1.28803996775,0.0165837420795,1.20186400885,1.28440927986,1.24313664436,1,,
2017-05-08,1.32305966416,0.0271883616051,1.19280370921,1.30183109316,1.24731740118,1,,1
2017-05-09,1.33153364258,0.00640483468394,1.18600781003,1.31798291292,1.25199536148,1,,
2017-05-10,1.32522153311,-0.00474048065088,1.18477786266,1.32926916963,1.25702351615,,,
2017-05-11,1.33668235815,0.00864823333438,1.18364792543,1.34145451638,1.2625512209,,,
2017-05-12,1.35535008483,0.0139657163582,1.18298122597,1.35569191768,1.26933657183,,,
2017-05-15,1.35187719402,-0.00256235702581,1.18430140398,1.36692068485,1.27561104442,,,
2017-05-16,1.34987996746,-0.00147737277107,1.18881407666,1.37530200102,1.28205803884,,,
2017-05-17,1.30455699008,-0.0335755611364,1.19807302302,1.37485438548,1.28646370425,,,
2017-05-18,1.32443994765,0.0152411567386,1.20511610615,1.37708906439,1.29110258527,,,
2017-05-19,1.3289548573,0.00340891986851,1.21350842815,1.3785729911,1.29604070963,,,
2017-05-22,1.33702987909,0.00607621977915,1.22043883433,1.38114173183,1.30079028308,,,
2017-05-23,1.33538017346,-0.00123385845583,1.22708386012,1.38306131671,1.30507258841,,,
2017-05-24,1.33138600571,-0.00299103418961,1.23660288017,1.38244246731,1.30952267374,,,
2017-05-25,1.33598772649,0.00345633854943,1.24743106192,1.38087951595,1.31415528893,,,
2017-05-26,1.33373033408,-0.00168968049584,1.26083765896,1.37663347121,1.31873556509,,,
2017-05-30,1.3342513435,0.000390640751458,1.26913758287,1.37501266139,1.32207512213,,,
2017-05-31,1.32635008664,-0.00592186539826,1.27642653646,1.37280851486,1.32461752566,,,
2017-06-01,1.32999674238,0.00274939156326,1.28629287981,1.36878076041,1.32753682011,,,
2017-06-02,1.34970634521,0.0148192865502,1.30065828269,1.36268320168,1.33167074218,,,
2017-06-05,1.33650873591,-0.00977813385348,1.31083038133,1.35735797985,1.33409418059,,,
2017-06-06,1.34102377932,0.00337823711304,1.31213887571,1.35784589698,1.33499238635,,,
2017-06-07,1.34901184731,0.00595669376664,1.31224582375,1.35948676942,1.33586629658,,,
2017-06-08,1.34571244498,-0.00244579195741,1.31343744482,1.36034423953,1.33689084218,,,
2017-06-09,1.29352995314,-0.0387768516467,1.30429844091,1.36516800295,1.33473322193,,1,1
2017-06-12,1.26262021724,-0.023895647583,1.28718899523,1.37300446186,1.33009672855,,1,
2017-06-13,1.27277873275,0.00804558280288,1.27749001343,1.37479359754,1.32614180548,,1,1
2017-06-14,1.26036256623,-0.00975516497594,1.26621377518,1.37711809567,1.32166593542,,1,
2017-06-15,1.25280855386,-0.00599352327016,1.2559650772,1.38219195002,1.31907851361,,1,1
2017-06-16,1.23527020112,-0.0139992281299,1.24132433259,1.38791571999,1.31462002629,,1,
2017-06-19,1.27060816039,0.0286074732791,1.23619797705,1.38720740583,1.31170269144,,,
2017-06-20,1.25906011402,-0.00908859766778,1.2297955946,1.38581281177,1.30780420319,,,
2017-06-21,1.26652717259,0.00593066088273,1.22540560054,1.38331750575,1.30436155314,,,
2017-06-22,1.26444354511,-0.0016451502371,1.22121103575,1.38081782448,1.30101443011,,,
2017-06-23,1.27008728473,0.00446341763333,1.21855671509,1.37688210096,1.29771940803,,,
2017-06-26,1.26609311697,-0.0031447978442,1.21587646381,1.37279863053,1.29433754717,,,
2017-06-27,1.24794653348,-0.0143327400255,1.21131129412,1.36873331922,1.29002230667,,,
2017-06-28,1.26618006186,0.0146108249747,1.20955959477,1.36446801609,1.28701380543,,,
2017-06-29,1.24751233518,-0.0147433427814,1.20629271216,1.35948645799,1.28288958507,,,
2017-06-30,1.25046449302,0.00236643578522,1.20690030069,1.34895468424,1.27792749246,,,
2017-07-03,1.24594958336,-0.00361058604814,1.20668116216,1.3401179075,1.27339953483,,,
2017-07-05,1.25107217088,0.0041113922949,1.20967042104,1.32813348778,1.26890195441,,,
2017-07-06,1.23926395867,-0.00943847404319,1.21634604331,1.31048307665,1.26341455998,,,
2017-07-07,1.25185362259,0.0101589849611,1.2317963638,1.28564687392,1.25872161886,,,
2017-07-10,1.2594943034,0.00610349379227,1.23562303339,1.27841663935,1.25701983637,,,
2017-07-11,1.26357515744,0.00324007343544,1.23561397386,1.2785211929,1.25706758338,,,
2017-07-12,1.26539861907,0.0014430970882,1.23614792088,1.27724923452,1.2566985777,,,
2017-07-13,1.28302419314,0.0139288709566,1.23416733611,1.28149598198,1.25783165904,1,,1
2017-07-14,1.29405095364,0.00859435119151,1.23138132638,1.28840623169,1.25989377903,1,,
2017-07-17,1.29856572953,0.00348887026288,1.23210717503,1.29400993588,1.26305855545,1,,1
2017-07-18,1.30308104939,0.00347715926194,1.22901555081,1.300348849,1.2646821999,1,,
2017-07-19,1.3112424721,0.00626317351123,1.22614300328,1.30843963234,1.26729131781,1,,1
2017-07-20,1.30533843288,-0.0045026296436,1.22471268012,1.31375108152,1.26923188082,,,
2017-07-21,1.30473088877,-0.000465430334407,1.22407265091,1.3184198451,1.271246248,,,
2017-07-24,1.32053285854,0.0121112866266,1.2217139132,1.32582314019,1.2737685267,,,
2017-07-25,1.32617659815,0.00427383505009,1.21987355445,1.33367184706,1.27677270075,,,
2017-07-26,1.33242829207,0.00471407347193,1.22066799729,1.34132558008,1.28099678868,,,
2017-07-27,1.30724857187,-0.0188976174961,1.22205286448,1.34404756389,1.28305021418,,,
2017-07-28,1.29804499656,-0.00704041718679,1.2266255929,1.3445281016,1.28557684725,,,
2017-07-31,1.2913592381,-0.00515063689875,1.23100769563,1.34423547338,1.28762158451,,,
2017-08-01,1.30282047334,0.00887532678861,1.23704107647,1.34388918155,1.29046512901,,,
2017-08-02,1.36437990413,0.0472508930066,1.23661179449,1.35564923685,1.29613051567,1,,
2017-08-03,1.35074836405,-0.00999101499428,1.24374896925,1.35966050262,1.30170473594,,,
2017-08-04,1.3578679106,0.00527081634144,1.24885527459,1.36515562608,1.30700545034,,,
2017-08-07,1.37887996565,0.015474299733,1.25097669611,1.37497277079,1.31297473345,1,,1
2017-08-08,1.38990673507,0.00799690306276,1.2528984221,1.38568420256,1.31929131233,1,,
2017-08-09,1.39841554495,0.00612185671868,1.25574001131,1.39614430595,1.32594215863,1,,1
2017-08-10,1.35387346641,-0.0318518188011,1.26127928636,1.39768995822,1.32948462229,,,
2017-08-11,1.37270147486,0.0139067711442,1.26474599677,1.40208829994,1.33341714835,,,
2017-08-14,1.39336016806,0.0150496619824,1.26658953213,1.40972420842,1.33815687028,,,
2017-08-15,1.40861405511,0.0109475549787,1.26733664409,1.41953039704,1.34343352056,,,
2017-08-16,1.4029484143,-0.00402213849041,1.26909013651,1.42694749884,1.34801881767,,,
2017-08-17,1.37601394122,-0.0191984771556,1.27436027046,1.42874491572,1.35155259309,,,
2017-08-18,1.37287578375,-0.00228061458549,1.28050203654,1.42941763914,1.35495983784,,,
2017-08-21,1.37034802397,-0.00184121521776,1.28452477704,1.43037641518,1.35745059611,,,
2017-08-22,1.39274976147,0.0163474804266,1.28778653585,1.43377197271,1.36077925428,,,
2017-08-23,1.39449308221,0.00125171139019,1.29068780932,1.43707717825,1.36388249378,,,
2017-08-24,1.38830424721,-0.00443805356727,1.29909761418,1.43677294092,1.36793527755,,,
2017-08-25,1.39344697919,0.00370432633066,1.31145596054,1.43395479282,1.37270537668,,,
2017-08-28,1.40748087344,0.0100713514505,1.32880175095,1.42822116595,1.37851145845,,,
2017-08-29,1.42003297717,0.00891813449515,1.3458589715,1.42288519578,1.38437208364,,,
2017-08-30,1.42386849503,0.00270100619114,1.34623352707,1.4284594993,1.38734651319,,,
2017-08-31,1.42953413584,0.00397904780458,1.34984128001,1.43273032354,1.39128580177,,,
2017-09-01,1.42996996603,0.0003048756753,1.35314328282,1.43663852627,1.39489090455,,,
2017-09-05,1.41279804807,-0.01200858645,1.35482206043,1.4383515569,1.39658680867,,,
2017-09-06,1.4113163913,-0.00104873924977,1.355517634,1.43979694896,1.39765729148,,,
2017-09-07,1.40565047405,-0.00401463292302,1.35572802909,1.44031004678,1.39801903793,,,
2017-09-08,1.38272568504,-0.0163090252041,1.36179567254,1.43712762519,1.39946164887,,,
2017-09-11,1.40774253742,0.0180924189386,1.36558396923,1.43684343476,1.40121370199,,,
2017-09-12,1.40216369881,-0.00396296798228,1.36621566184,1.43709209522,1.40165387853,,,
2017-09-13,1.39161644604,-0.00752212654183,1.36525350243,1.43635449372,1.40080399808,,,
2017-09-14,1.37967474891,-0.0085811698807,1.36288223587,1.43639839374,1.39964031481,,,
2017-09-15,1.39362142184,0.0101086672356,1.36533542542,1.43570595225,1.40052068884,,,
2017-09-18,1.38307416014,-0.00756824021717,1.36726530825,1.43479590707,1.40103060766,,,
2017-09-19,1.38359721165,0.000378180378997,1.37000651447,1.43337961961,1.40169306704,,,
2017-09-20,1.36041103511,-0.0167578948188,1.36353887519,1.43661338626,1.40007613072,,1,
2017-09-21,1.33705029107,-0.0171718278047,1.35105271869,1.44335526365,1.39720399117,,1,1
2017-09-22,1.32397526959,-0.00977900499683,1.33743101421,1.45054407036,1.39398754229,,1,
2017-09-25,1.31229482623,-0.00882225191579,1.32259312501,1.45726674427,1.38992993464,,1,1
2017-09-26,1.33487100638,0.0172035884758,1.3152212654,1.45737761717,1.38629944129,,,
2017-09-27,1.3443724415,0.00711786761929,1.31094575792,1.45408707109,1.3825164145,,,
2017-09-28,1.33609154314,-0.00615967577428,1.30646866853,1.44978646528,1.37812756691,,,
2017-09-29,1.34341328336,0.00547996899005,1.30487021386,1.44277283471,1.37382152428,,,
2017-10-02,1.34071136628,-0.00201123296241,1.3042625108,1.4344546778,1.3693585943,,,
2017-10-03,1.34655131598,0.00435585901988,1.30356783238,1.428524683,1.36604625769,,,
2017-10-04,1.33783473012,-0.00647326675359,1.30251549088,1.42222885839,1.36237217463,,,
2017-10-05,1.3544834628,0.0124445361685,1.30347514011,1.41615250803,1.35981382407,,,
2017-10-06,1.35369902376,-0.000579142578382,1.30302232803,1.41370265398,1.35836249101,,,
2017-10-09,1.35840605931,0.00347716550845,1.30566054981,1.40613078439,1.3558956671,,,
2017-10-10,1.35892897706,0.000384949511318,1.30840019443,1.3990676676,1.35373393101,,,
2017-10-11,1.36459502807,0.00416949752807,1.31030943538,1.39445628485,1.35238286012,,,
2017-10-12,1.35980062851,-0.00351342300054,1.31113012663,1.39164818156,1.3513891541,,,
2017-10-13,1.36843013573,0.00634615622213,1.31407743543,1.38618174415,1.35012958979,,,
2017-10-16,1.39362142184,0.0184088945762,1.31233839282,1.38897551293,1.35065695287,1,,
2017-10-17,1.39876428757,0.00369028895414,1.30988602668,1.39294458666,1.35141530667,1,,1
2017-10-18,1.39257546149,-0.00442449534605,1.30770885532,1.39833820066,1.35302352799,,,
2017-10-19,1.3596264623,-0.0236604766512,1.30939165556,1.39891301755,1.35415233655,,,
2017-10-20,1.36197977944,0.00173085564331,1.31351438222,1.39859074187,1.35605256204,,,
2017-10-23,1.36128242796,-0.000512013094377,1.32126095643,1.39574292783,1.35850194213,,,
2017-10-24,1.36938915119,0.0059552103705,1.32442644567,1.39602925307,1.36022784937,,,
2017-10-25,1.36337462508,-0.0043921233815,1.32614798192,1.39620793518,1.36117795855,,,
2017-10-26,1.37209106827,0.0063932854746,1.32972075218,1.39623511743,1.36297793481,,,
2017-10-27,1.42125338016,0.0358302105681,1.32592327641,1.40781660288,1.36686993965,1,,
2017-10-30,1.45324363142,0.0225084785757,1.31799989539,1.42699321041,1.3724965529,1,,1
2017-10-31,1.47346621799,0.0139154826741,1.30952486599,1.44815973002,1.378842298,1,,
2017-11-01,1.45472542195,-0.0127188501637,1.31039471855,1.45897894664,1.38468683259,,,
2017-11-02,1.4653597712,0.00731021063872,1.30918749748,1.47127379855,1.39023064801,,,
2017-11-03,1.50362580234,0.0261137448243,1.30414565425,1.49130831964,1.39772698694,1,,1
2017-11-06,1.51887995691,0.0101449140763,1.29967992502,1.51182143863,1.40575068182,1,,
2017-11-07,1.52376144403,0.00321387289332,1.29808121699,1.52990339336,1.41399230517,,,
2017-11-08,1.53622618376,0.00818024355039,1.29704657581,1.54810115011,1.42257386296,,,
2017-11-09,1.53308829381,-0.00204259631468,1.30015550509,1.56232098735,1.43123824622,,,
2017-11-10,1.52801427951,-0.00330966867878,1.30484551024,1.57358939659,1.43921745341,,,
2017-11-13,1.52189076464,-0.00400749845645,1.30821233768,1.58304950342,1.44563092055,,,
2017-11-14,1.49888338245,-0.0151176304673,1.31311250837,1.58816124222,1.45063687529,,,
2017-11-15,1.47911295386,-0.013190104592,1.3197042784,1.59022322143,1.45496374991,,,
2017-11-16,1.49678410489,0.0119471274875,1.3331678946,1.59047536949,1.46182163204,,,
2017-11-17,1.48847341342,-0.00555236486426,1.34800353491,1.58828909257,1.46814631374,,,
2017-11-20,1.48698618326,-0.000999164742656,1.36516808865,1.58369491436,1.47443150151,,,
2017-11-21,1.51462984125,0.0185903933047,1.38303398119,1.58035309083,1.48169353601,,,
2017-11-22,1.53055128666,0.0105117732259,1.40641729063,1.57368744754,1.49005236909,,,
2017-11-24,1.53063891819,5.72548775772e-05,1.43357813755,1.56238138562,1.49797976158,,,
2017-11-27,1.52294039896,-0.0050296115795,1.44892970491,1.55719852014,1.50306411252,,,
2017-11-28,1.514017669,-0.00585888322652,1.45717050284,1.55503512597,1.5061028144,,,
2017-11-29,1.48261224025,-0.0207431058397,1.45875406006,1.55436617098,1.50656011552,,,
2017-11-30,1.50334495699,0.0139839104076,1.46779566895,1.55018651559,1.50899109227,,,
2017-12-01,1.49634650906,-0.0046552508782,1.47421084662,1.5468700117,1.51054042916,,,
2017-12-04,1.48541172287,-0.00730765643172,1.47169269876,1.54756675162,1.50962972519,,,
2017-12-05,1.4840118478,-0.000942415525018,1.46855987227,1.54721276719,1.50788631973,,,
2017-12-06,1.47850078162,-0.00371362680706,1.46495707438,1.54628949884,1.50562328661,,,
2017-12-07,1.4812126327,0.00183418982377,1.46350046541,1.54224475271,1.50287260906,,,
2017-12-08,1.48164982726,0.000295159885395,1.46255246131,1.53804891015,1.50030068573,,,
2017-12-11,1.51051838261,0.0194840608271,1.46362097252,1.53523080926,1.49942589089,,,
2017-12-12,1.50203283829,-0.00561763724469,1.46418353322,1.53268245592,1.49843299457,,,
2017-12-13,1.50701908731,0.00331966711568,1.46437521291,1.53330434672,1.49883977981,,,
2017-12-14,1.50658162524,-0.00029028303445,1.46688820339,1.53353822337,1.50021321338,,,
2017-12-15,1.52189076464,0.0101615067834,1.46682211386,1.53611497887,1.50146854637,,,
2017-12-18,1.54332327623,0.0140828186164,1.4654559321,1.54296614692,1.50421103951,1,,1
2017-12-19,1.52687714742,-0.0106563084121,1.46707881807,1.54533235736,1.50620558772,,,
2017-12-20,1.52521506441,-0.00108855058146,1.46684926436,1.54662043339,1.50673484888,,,
2017-12-21,1.53098861497,0.00378540095282,1.46681571355,1.54669771703,1.50675671529,,,
2017-12-22,1.53098861497,0.0,1.46678889644,1.54675950382,1.50677420013,,,
2017-12-26,1.49214769534,-0.0253698291792,1.46549966565,1.54496946425,1.50523456495,,,
2017-12-27,1.49241002812,0.000175808857751,1.46425014834,1.54405821747,1.5041541829,,,
2017-12-28,1.4966091272,0.00281363633243,1.46606538592,1.54364266858,1.50485402725,,,
2017-12-29,1.48042534008,-0.0108136365185,1.46340688584,1.54400920697,1.50370804641,,,
2018-01-02,1.50693159846,0.0179044884331,1.46406538432,1.54440921744,1.50423730088,,,
2018-01-03,1.506669123,-0.000174178749033,1.46611266966,1.54448767211,1.50530017088,,,
2018-01-04,1.51366769578,0.00464506285312,1.46876015709,1.54480576947,1.50678296328,,,
2018-01-05,1.53090125989,0.0113853021761,1.47237737606,1.54642859833,1.5094029872,,,
2018-01-08,1.52521506441,-0.00371427969961,1.4764485016,1.54675771597,1.51160310878,,,
2018-01-09,1.5250400778,-0.000114729140187,1.48113590385,1.54640933877,1.51377262131,,,
2018-01-10,1.52469011349,-0.000229478761608,1.48152813925,1.54743427645,1.51448120785,,,
2018-01-11,1.53335063551,0.00568018507094,1.48261184798,1.54948234745,1.51604709771,,,
2018-01-12,1.54918459208,0.0103263768886,1.48191700215,1.55439374376,1.51815537295,,,
2018-01-16,1.54131149644,-0.00508209007412,1.48267348131,1.55711025171,1.51989186651,,,
2018-01-17,1.5667681205,0.0165162098098,1.47940665466,1.56486481395,1.52213573431,1,,
2018-01-18,1.56816772804,0.000893308670018,1.4767854392,1.56997047459,1.5233779569,,,
2018-01-19,1.56116942279,-0.00446272750505,1.47552868227,1.57465645905,1.52509257066,,,
2018-01-22,1.54839729054,-0.00818113144176,1.47560330778,1.57690005616,1.52625168197,,,
2018-01-23,1.54874713001,0.000225936500055,1.475528077,1.57875113845,1.52713960772,,,
2018-01-24,1.52407766481,-0.0159286591853,1.47519849621,1.57838962422,1.52679406021,,,
2018-01-25,1.49687132622,-0.0178510185005,1.47606302971,1.57799745381,1.52703024176,,,
2018-01-26,1.50037047884,0.00233764423498,1.47748538182,1.57737114677,1.52742826429,,,
2018-01-29,1.46931515708,-0.020698435621,1.47131447178,1.5808126598,1.52606356579,,1,1
2018-01-30,1.46065476882,-0.00589416655603,1.46629109751,1.58385897694,1.52507503723,,1,
2018-01-31,1.46467873861,0.00275490819061,1.45865534582,1.58726944265,1.52296239423,,,
2018-02-01,1.46774057184,0.00209044697016,1.45241898863,1.58961294472,1.52101596667,,,
2018-02-02,1.40405506663,-0.0433901647413,1.42923543064,1.60183523979,1.51553533522,,1,1
2018-02-05,1.36897577508,-0.0249842704777,1.39953164534,1.61534647662,1.50743906098,,1,
2018-02-06,1.42618738199,0.0417915407688,1.389067569,1.61590778471,1.50248767686,,,
2018-02-07,1.39565687739,-0.0214070780526,1.37361127384,1.61842575983,1.49601851683,,,
2018-02-08,1.35725328606,-0.0275164991819,1.35137777979,1.62391557114,1.48764667546,,,
2018-02-09,1.37385452455,0.0122314962551,1.33618770036,1.62315603947,1.47967186992,,,
2018-02-12,1.42919165325,0.0402787396432,1.33240880625,1.6149356397,1.47367222297,,,
2018-02-13,1.44350897891,0.0100177786722,1.33064074336,1.60692345083,1.4687820971,,,
2018-02-14,1.47012341456,0.018437319087,1.33370479882,1.59419492478,1.4639498618,,,
2018-02-15,1.51948777745,0.0335783801555,1.33781627264,1.5852154559,1.46151586427,,,
2018-02-16,1.51456888174,-0.00323720650391,1.34179511938,1.57657655506,1.45918583722,,,
2018-02-20,1.50947432168,-0.00336370310679,1.34489411626,1.56958526129,1.45723968878,,,
2018-02-21,1.50262310934,-0.00453880681749,1.34877379849,1.56109317699,1.45493348774,,,
2018-02-22,1.51518364004,0.00835906929446,1.34948037917,1.55949719384,1.4544887865,,,
2018-02-23,1.54153464606,0.0173912952383,1.34616537204,1.56727853295,1.4567219525,,,
2018-02-26,1.57201412516,0.0197721661211,1.33961440764,1.58099386198,1.46030413481,,,
2018-02-27,1.56691969887,-0.0032407000739,1.33540893133,1.59495979248,1.4651843619,,,
2018-02-28,1.56454787808,-0.00151368368894,1.33325763546,1.60750039927,1.47037901737,,,
2018-03-01,1.53714288604,-0.0175162373942,1.33372192872,1.61428252075,1.47400222474,,,
2018-03-02,1.54777124278,0.00691435834853,1.33396021136,1.62204730521,1.47800375828,,,
2018-03-05,1.55312923246,0.00346174520493,1.34209935501,1.62881557814,1.48545746658,,,
2018-03-06,1.55181167413,-0.000848324981174,1.35943207318,1.62976644988,1.49459926153,,,
2018-03-07,1.53740644942,-0.0092828433706,1.36771989042,1.63260053938,1.5001602149,,,
2018-03-08,1.5541832274,0.010912389489,1.38322189327,1.63295117153,1.5080865324,,,
2018-03-09,1.5808855621,0.0171809438087,1.41254020207,1.62599609034,1.5192681462,,,
2018-03-12,1.5961691085,0.00966771204944,1.44283959522,1.61792815558,1.5303838754,,,
2018-03-13,1.58079765413,-0.00963021667464,1.46179750364,1.61413084725,1.53796417544,,,
2018-03-14,1.56735865907,-0.0085014011907,1.48135910108,1.60695421782,1.54415665945,,,
2018-03-15,1.56920321041,0.00117685338178,1.49602214039,1.6021991581,1.54911064924,,,
2018-03-16,1.5636695564,-0.00352641007773,1.49976660324,1.60287287314,1.55131973819,,,
2018-03-19,1.53977813645,-0.0152790721341,1.50364414172,1.60151626013,1.55258020093,,,
2018-03-20,1.53925100076,-0.000342345223523,1.50899547349,1.59914259627,1.55406903488,,,
2018-03-21,1.50437976163,-0.0226546801734,1.50950049639,1.5988132386,1.5541568675,,1,1
2018-03-22,1.48312331566,-0.0141297074803,1.50034401285,1.60476368971,1.55255385128,,1,
2018-03-23,1.44877906954,-0.0231567029893,1.47808097054,1.61775117436,1.54791607245,,1,1
2018-03-26,1.51755546083,0.0474719663817,1.4750680852,1.61531819327,1.54519313923,,,
2018-03-27,1.47864364767,-0.0256411143864,1.46548986919,1.61606880415,1.54077933667,,,
2018-03-28,1.46230597257,-0.0110490956527,1.45359429754,1.61774018526,1.5356672414,,,
2018-03-29,1.47372475195,0.00780874837259,1.44588838559,1.61910428379,1.53249633469,,,
2018-04-02,1.46406275862,-0.00655617225688,1.43685608871,1.61976573226,1.52831091049,,,
2018-04-03,1.47908274163,0.0102591114504,1.43140564338,1.61781152851,1.52460858594,,,
2018-04-04,1.50736634072,0.0191223913947,1.42979694507,1.61497569347,1.52238631927,,,
2018-04-05,1.51781875669,0.00693422407497,1.42907248825,1.61374138103,1.52140693464,,,
2018-04-06,1.47899511902,-0.0255785728686,1.42481077197,1.61048428647,1.51764752922,,,
2018-04-09,1.49366377336,0.00991798698188,1.42486824526,1.6017046343,1.51328643978,,,
2018-04-10,1.52177143167,0.0188179286494,1.43001498521,1.58911812667,1.50956655594,,,
2018-04-11,1.51465678079,-0.0046752427707,1.43401218967,1.57850683487,1.50625951227,,,
2018-04-12,1.52958887367,0.0098584003113,1.43704106605,1.57170097995,1.504371023,,,
2018-04-13,1.53477133277,0.00338813859818,1.44075822859,1.56454062965,1.50264942912,,,
2018-04-16,1.54434556081,0.00623821141346,1.44329899578,1.5600674629,1.50168322934,,,
2018-04-17,1.56560200678,0.0137640477044,1.44007524119,1.56587360453,1.50297442286,,,
2018-04-18,1.56208842577,-0.00224423640439,1.43771265383,1.57051993438,1.50411629411,,,
2018-04-19,1.51781875669,-0.0283400531911,1.43810199643,1.57147449129,1.50478824386,,,
2018-04-20,1.45563028189,-0.0409722666368,1.43377866922,1.57304851512,1.50341359217,,,
2018-04-23,1.4514141862,-0.00289640559198,1.43433701748,1.57275367853,1.503545348,,,
2018-04-24,1.43121186893,-0.0139190573314,1.42325780721,1.57519852961,1.49922816841,,,
2018-04-25,1.43744818921,0.0043573704332,1.41674478675,1.57759200423,1.49716839549,,,
2018-04-26,1.44245498397,0.00348311320202,1.41348267726,1.57886901485,1.49617584606,,,
2018-04-27,1.42576597128,-0.0115698672586,1.40573514541,1.58182066863,1.49377790702,,,
2018-04-30,1.45158985053,0.0181122847447,1.40405488388,1.58225363935,1.49315426162,,,
2018-05-01,1.48531919567,0.023236140103,1.40453055865,1.58240160999,1.49346608432,,,
2018-05-02,1.55093335245,0.0441751220652,1.40320996622,1.58807890359,1.49564443491,,,
2018-05-03,1.55374399076,0.00181222378623,1.40184951779,1.59303187543,1.49744069661,,,
2018-05-04,1.61470267253,0.0392334143392,1.39575026701,1.61270188157,1.50422607429,1,,
2018-05-07,1.62638489045,0.00723490344371,1.38961968226,1.63210457803,1.51086213014,,,
2018-05-08,1.63420246621,0.00480671936999,1.38327588075,1.64969148298,1.51648368187,,,
2018-05-09,1.64570914464,0.00704115840646,1.37785209157,1.66822050855,1.52303630006,,,
2018-05-10,1.66924923591,0.014303919589,1.37075608428,1.68928255206,1.53001931817,,,
2018-05-11,1.6629006631,-0.00380325039496,1.36641234383,1.70643922555,1.53642578469,,,
2018-05-14,1.65902092373,-0.00233311553427,1.36350609165,1.72081301402,1.54215955283,,,
2018-05-15,1.64394296854,-0.00908846595569,1.36190878219,1.73024441966,1.54607660092,,,
2018-05-16,1.65928530752,0.00933264673295,1.35998483806,1.74188805196,1.55093644501,,,
2018-05-17,1.64879261154,-0.00632362374735,1.36237745226,1.75259282325,1.55748513775,,,
2018-05-18,1.64279672285,-0.00363653297024,1.37436905493,1.75931786467,1.5668434598,,,
2018-05-21,1.65443579828,0.00708491517324,1.38878525302,1.76520382779,1.57699454041,,,
2018-05-22,1.65029168404,-0.00250485044228,1.41025685199,1.76564021033,1.58794853116,,,
2018-05-23,1.66087254658,0.00641151055209,1.43359047483,1.76464902323,1.59911974903,,,
2018-05-24,1.65902092373,-0.0011148494564,1.45996630696,1.75992978508,1.60994804602,,,
2018-05-25,1.66281248761,0.00228542257989,1.49790649557,1.74569424809,1.62180037183,,,
2018-05-29,1.65681659891,-0.00360587182117,1.53685041689,1.72727300161,1.63206170925,,,
2018-05-30,1.65328941882,-0.00212888987982,1.57465955814,1.70626088268,1.64046022041,,,
2018-05-31,1.64773439866,-0.00335998047291,1.59475475297,1.69584579247,1.64530027272,,,
2018-06-01,1.67744970802,0.0180340407941,1.62238893682,1.68058218034,1.65148555858,,,
2018-06-04,1.69146945033,0.00835777206074,1.62640481755,1.6842429774,1.65532389747,1,,1
2018-06-05,1.70451943168,0.00771517413337,1.62598521566,1.69247603341,1.65923062454,1,,
2018-06-06,1.71042714488,0.00346591132595,1.62477922957,1.70130448737,1.66304185847,1,,1
2018-06-07,1.70584216211,-0.00268060687905,1.62423493639,1.70786208229,1.66604850934,,,
2018-06-08,1.69032320463,-0.00909753423897,1.62390963711,1.71029477845,1.66710220778,,,
2018-06-11,1.68617909039,-0.00245166973374,1.62430257611,1.71222968218,1.66826612914,,,
2018-06-12,1.69543736519,0.00549068295586,1.62474087644,1.71543302599,1.67008695122,,,
2018-06-13,1.68150565569,-0.00821717733635,1.62809063054,1.71583954061,1.67196508557,,,
2018-06-14,1.68238738384,0.000524368228481,1.62943529062,1.71680508816,1.67312018939,,,
2018-06-15,1.66510497899,-0.0102725478141,1.631574288,1.71629732752,1.67393580776,,,
2018-06-18,1.66422338461,-0.000529452732181,1.63493982734,1.71507445436,1.67500714085,,,
2018-06-19,1.6373297355,-0.0161598793549,1.63158331332,1.7167203621,1.67415183771,,,
2018-06-20,1.64447200364,0.00436214403987,1.63053280587,1.71718890151,1.67386085369,,,
2018-06-21,1.63530176166,-0.00557640504746,1.62623651372,1.71892811517,1.67258231445,,,
2018-06-22,1.63054016039,-0.00291175695145,1.621431112,1.72088544056,1.67115827628,,,
2018-06-25,1.6062921059,-0.0148711789362,1.6107969192,1.72586759519,1.66833225719,,1,
2018-06-26,1.62621969517,0.0124059560492,1.60642108729,1.72718373672,1.66680241201,,,
2018-06-27,1.62383903721,-0.00146392148884,1.60218773065,1.7284720552,1.66532989293,,,
2018-06-28,1.6356544547,0.00727622456346,1.60065083435,1.72880095711,1.66472589573,,,
2018-06-29,1.63221571763,-0.00210236157651,1.59709983336,1.72782855906,1.66246419621,,,
2018-07-02,1.65046775858,0.0111823705371,1.59632054928,1.72450767396,1.66041411162,,,
2018-07-03,1.62172261145,-0.0174163639231,1.59349325648,1.71905528473,1.65627427061,,,
2018-07-05,1.6347725928,0.00804698735678,1.59451600818,1.71046707783,1.652491543,,,
2018-07-06,1.65743395218,0.0138620866806,1.59770301516,1.70243924985,1.65007113251,,,
2018-07-09,1.68044758549,0.0138850982722,1.59864061714,1.70051408596,1.64957735155,,,
2018-07-10,1.67841947789,-0.001206885364,1.5993194618,1.69905928005,1.64918937093,,,
2018-07-11,1.65664025685,-0.0129760297279,1.60216558169,1.69233344932,1.64724951551,,,
2018-07-12,1.68441550035,0.0167660078164,1.6018293949,1.69296062058,1.64739500774,,,
2018-07-13,1.68706081854,0.00157046654248,1.60126651884,1.69399084011,1.64762867948,,,
2018-07-16,1.68335742123,-0.00219517711924,1.60006048266,1.69702212052,1.64854130159,,,
2018-07-17,1.68811888874,0.00282855408533,1.59852699148,1.70094516211,1.6497360768,,,
2018-07-18,1.67886033751,-0.00548453743043,1.5993685009,1.70425671289,1.6518126069,,,
2018-07-19,1.69191045262,0.00777319877083,1.59892293584,1.70944612285,1.65418452934,,,
2018-07-20,1.68803071325,-0.00229311153141,1.60033484301,1.71330711083,1.65682097692,,,
2018-07-23,1.68952965198,0.000887980722824,1.60290323055,1.71663767246,1.6597704515,,,
2018-07-24,1.70178608068,0.00725434364749,1.61062443149,1.71846586899,1.66454515024,,,
2018-07-25,1.71783406434,0.0094300828068,1.61337913539,1.72487260201,1.6691258687,,,
2018-07-26,1.71245539516,-0.00313107610109,1.61888931999,1.7282240532,1.6735566866,,,
2018-07-27,1.68397449806,-0.0166316139849,1.62416193008,1.72778344745,1.67597268877,,,
2018-07-30,1.67453987229,-0.00560259420903,1.63051955955,1.72565823345,1.6780888965,,,
2018-07-31,1.67789044279,0.00200089025139,1.63369631128,1.72522375014,1.67946003071,,,
2018-08-01,1.77673511292,0.058910085907,1.63124939318,1.74317191839,1.68721065578,1,,1
2018-08-02,1.82867050294,0.0292308007192,1.61709430454,1.77671679804,1.69690555129,1,,
2018-08-03,1.83396114823,0.00289316488826,1.60740393817,1.80405988402,1.70573191109,1,,1
2018-08-06,1.84348407433,0.00519254517116,1.59877996519,1.82898750588,1.71388373553,1,,
2018-08-07,1.82620166949,-0.00937485985531,1.59713557291,1.84541011732,1.72127284511,,,
2018-08-08,1.82743609067,0.000675950089581,1.60098594901,1.8586393246,1.7298126368,,,
2018-08-09,1.84180865978,0.00786488193923,1.60151206278,1.87385252678,1.73768229478,,,
2018-08-10,1.83632262481,-0.00297861286591,1.60437345016,1.88591732002,1.74514538509,,,
2018-08-13,1.84817968667,0.00645696006791,1.60860390289,1.89816909383,1.75338649836,,,
2018-08-14,1.8559662387,0.00421309253302,1.61350912207,1.91004860965,1.76177886586,,,
2018-08-15,1.8603019438,0.00233609049951,1.62174210772,1.91995978463,1.77085094617,,,
2018-08-16,1.88755535747,0.0146499947297,1.62770848427,1.93355789856,1.78063319142,,,
2018-08-17,1.9252497639,0.0199699607604,1.63314782866,1.95184045924,1.79249414395,,,
2018-08-20,1.90649114192,-0.00974347449898,1.643969472,1.96271496489,1.80334221845,,,
2018-08-21,1.9027746895,-0.00194936778607,1.65564315512,1.97114014265,1.81339164889,,,
2018-08-22,1.90286313251,4.64810745193e-05,1.66679979623,1.97848640836,1.8226431023,,,
2018-08-23,1.90675647987,0.00204604697609,1.68128481768,1.98343149538,1.83235815653,,,
2018-08-24,1.91268487258,0.00310915041989,1.70596905019,1.98161830033,1.84379367526,,,
2018-08-27,1.92843527288,0.00823470741403,1.73903884932,1.97393804126,1.85648844529,,,
2018-08-28,1.94400851964,0.00807558696573,1.78065222553,1.95893647273,1.86979434913,,,
2018-08-29,1.9730313821,0.0149293905721,1.79038294068,1.9688353845,1.87960916259,1,,1
2018-08-30,1.99117088516,0.00919372252436,1.78895509176,1.98651327164,1.8877341817,1,,
2018-08-31,2.01417690299,0.0115540147744,1.78641574668,2.0070741922,1.89674496944,1,,1
2018-09-04,2.02063623913,0.00320693586091,1.78528481252,2.02592034283,1.90560257768,,,
2018-09-05,2.00745196137,-0.0065248150568,1.79224309457,2.03708708997,1.91466509227,,,
2018-09-06,1.97409339381,-0.01661736779,1.80408956542,2.03990634944,1.92199795743,,,
2018-09-07,1.95816609856,-0.00806815690312,1.81520358772,2.04042807101,1.92781582937,,,
2018-09-10,1.93188612874,-0.0134207051399,1.82854326058,2.03664474855,1.93259400456,,,
2018-09-11,1.98072975865,0.0252828721027,1.84109275819,2.03735025814,1.93922150816,,,
2018-09-12,1.95613105321,-0.0124190113924,1.8540932579,2.03436623987,1.94422974889,,,
2018-09-13,2.00338186175,0.024155236664,1.86675042905,2.03601706052,1.95138374479,,,
2018-09-14,1.9806410392,-0.0113512171517,1.87607491873,2.03600113901,1.95603802887,,,
2018-09-17,1.92790433837,-0.0266260770045,1.87641427941,2.03592723579,1.9561707576,,,
2018-09-18,1.93108971359,0.00165224755261,1.88015065442,2.03465071794,1.95740068618,,,
2018-09-19,1.93224004347,0.000595689503605,1.8849585068,2.03278940096,1.95887395388,,,
2018-09-20,1.94692856582,0.00760181034818,1.89170411484,2.03045033624,1.96107722554,,,
2018-09-21,1.92595772711,-0.0107712419862,1.89534997879,2.02872459702,1.96203728791,,,
2018-09-24,1.953653231,0.0143801203418,1.90138357311,2.02678783855,1.96408570583,,,
2018-09-25,1.96604123629,0.00634094377343,1.90555154392,2.02638046407,1.965966004,,,
2018-09-26,1.95037941276,-0.00796617244763,1.90629184826,2.02627724904,1.96628454865,,,
2018-09-27,1.99046292194,0.0205516469859,1.90625115995,2.02806109134,1.96715612565,,,
2018-09-28,1.99745333528,0.00351195355366,1.90598176519,2.02895873111,1.96747024815,,,
2018-10-01,2.01090294207,0.00673337722401,1.90632629333,2.02828680688,1.96730655011,,,
2018-10-02,2.02877684857,0.00888849786124,1.9051464982,2.03028066296,1.96771358058,,,
2018-10-03,2.05346413078,0.0121685547767,1.89854435588,2.04148402222,1.97001418905,1,,
2018-10-04,2.01736242089,-0.0175808816676,1.89763439161,2.04672088919,1.9721776404,,,
2018-10-05,1.98462297225,-0.0162288383604,1.89906524853,2.04793571964,1.97350048409,,,
2018-10-08,1.98002179543,-0.00231841356126,1.90407003738,2.04774449747,1.97590726742,,,
2018-10-09,2.00745196137,0.0138534666631,1.90404731973,2.05043943538,1.97724337756,,,
2018-10-10,1.91445472266,-0.0463260095386,1.89721391491,2.05310520715,1.97515956103,,,
2018-10-11,1.89755399248,-0.00882796024049,1.88585703181,2.05387930332,1.96986816757,,,
2018-10-12,1.96533340684,0.0357193600928,1.88522608442,2.05297948748,1.96910278595,,,
2018-10-15,1.92330316156,-0.0213858092141,1.88449648326,2.05324897096,1.96887272711,,,
2018-10-16,1.9656871878,0.0220371011154,1.88808988117,2.05311532046,1.97060260082,,,
2018-10-17,1.95719279739,-0.00432133376173,1.89104291431,2.05265756272,1.97185023851,,,
2018-10-18,1.9114460997,-0.0233736286779,1.88549506437,2.05465716604,1.97007611521,,,
2018-10-19,1.9405576727,0.0152301302164,1.88758727527,2.05402494971,1.97080611249,,,
2018-10-22,1.95241445812,0.00610998868359,1.88746975684,2.05401859084,1.97074417384,,,
2018-10-23,1.97081929913,0.0094267080108,1.88773805876,2.05422809521,1.97098307699,,,
2018-10-24,1.90321704724,-0.0343015982838,1.88039948035,2.05685043707,1.96862495871,,,
2018-10-25,1.94489337779,0.021897833783,1.87814193033,2.05455103268,1.9663464815,,,
2018-10-26,1.91392364547,-0.0159236144671,1.8722731433,2.05206685072,1.96216999701,,,
2018-10-29,1.87799908912,-0.0187701094712,1.86125360482,2.04979600391,1.95552480436,,,
2018-10-30,1.88737833769,0.00499427748485,1.85612602429,2.04078373335,1.94845487882,,,
2018-10-31,1.93657574856,0.0260665336109,1.86457813362,2.0206427858,1.94261045971,,,
2018-11-01,1.96630657425,0.0153522658245,1.86932276753,2.01079256722,1.94005766738,,,
2018-11-02,1.83588012439,-0.0663306788299,1.85115119451,2.01408985546,1.93262052498,,1,1
2018-11-05,1.78376266732,-0.028388268042,1.82071076707,2.02490437008,1.92280756858,,1,
2018-11-06,1.80305250917,0.0108141302666,1.80537360494,2.01980158699,1.91258759597,,1,1
2018-11-07,1.85773582126,0.0303281861215,1.79978048843,2.01972281336,1.9097516509,,,
2018-11-08,1.8512541648,-0.00348900870551,1.79447568998,2.02039762905,1.90743665951,,,
2018-11-09,1.81555916079,-0.0192815252993,1.78334815195,2.01654774248,1.89994794721,,,
2018-11-12,1.72410181854,-0.0503742010859,1.75008489157,2.02989086855,1.88998788006,,1,
2018-11-13,1.70687587883,-0.00999125430283,1.71982037537,2.03427425386,1.87704731461,,1,1
2018-11-14,1.65866115917,-0.0282473495914,1.68192514771,2.04231631769,1.8621207327,,1,
2018-11-15,1.69959495365,0.0246788165611,1.65905276417,2.04400358663,1.8515281754,,,
2018-11-16,1.71841916329,0.0110757034153,1.64398097883,2.03686152102,1.84042124993,,,
2018-11-19,1.6503145394,-0.0396321371102,1.61892797904,2.03170452894,1.82531625399,,,
2018-11-20,1.57146589977,-0.0477779464141,1.58168234796,2.02901482009,1.80534858402,,1,1
2018-11-21,1.5696900661,-0.00113004912714,1.54674098413,2.0306034858,1.78867223497,,,
2018-11-23,1.52982182354,-0.0253987990516,1.51162719554,2.02421011897,1.76791865725,,,
2018-11-26,1.55051072005,0.0135237294936,1.48563059481,2.01386542716,1.74974801098,,,
2018-11-27,1.54713661646,-0.00217612399874,1.46157042531,2.0048393494,1.73320488735,,,
2018-11-28,1.6066281947,0.0384526987498,1.45210095487,1.98623380553,1.7191673802,,,
2018-11-29,1.59428591796,-0.00768209893275,1.45021245324,1.95389332411,1.70205288867,,,
2018-11-30,1.58567301498,-0.00540235780722,1.45930508762,1.9067373338,1.68302121071,,,
2018-12-03,1.64108007413,0.0349422980767,1.46091204046,1.88565037593,1.6732812082,,,
2018-12-04,1.5688910649,-0.0439887183842,1.45196906936,1.87310618679,1.66253762807,,,
2018-12-06,1.55139870822,-0.0111495036631,1.44473271904,1.85517715701,1.64995493803,,,
2018-12-07,1.49608049338,-0.0356569942673,1.44046933026,1.823275013,1.63187217163,,,
2018-12-10,1.50593652094,0.00658789925238,1.44553103872,1.78368154016,1.61460628944,,,
2018-12-11,1.4973234842,-0.00571938897651,1.45065816972,1.7467308415,1.59869450561,,,
2018-12-12,1.50149686543,0.0027872275236,1.44589166773,1.72923684818,1.58756425795,,,
2018-12-13,1.51792352751,0.0109401907207,1.44500232283,1.71123095794,1.57811664039,,,
2018-12-14,1.46935352875,-0.0319976585589,1.43275859356,1.70454392418,1.56865125887,,,
2018-12-17,1.45567940797,-0.00930621563328,1.42638746171,1.68652350146,1.55645548158,,,
2018-12-18,1.4745924619,0.0129925956399,1.43390037165,1.65462792138,1.54426414651,,,
2018-12-19,1.4285974407,-0.0311916833934,1.42312571972,1.64323086344,1.53317829158,,,
2018-12-20,1.39254729135,-0.0252346450574,1.39921405127,1.64925067105,1.52423236116,,1,
2018-12-21,1.33838322304,-0.0388956760402,1.36467068121,1.6606633568,1.51266701901,,1,1
2018-12-24,1.30375390471,-0.0258739931393,1.32674589453,1.6759813516,1.50136362306,,1,
2018-12-26,1.39556625853,0.0704215369849,1.31448917457,1.67274362541,1.49361639999,,,
2018-12-27,1.38650922324,-0.00648986404433,1.30220813947,1.66896192118,1.48558503033,,,
2018-12-28,1.38721963875,0.000512377051471,1.29552571171,1.65370349335,1.47461460253,,,
2018-12-31,1.40062748525,0.00966526577495,1.29226002002,1.63760334177,1.46493168089,,,
2019-01-02,1.40222574625,0.00114110355484,1.29077475282,1.62074388209,1.45575931746,,,
2019-01-03,1.26255368434,-0.0996074007919,1.27453692115,1.59912907479,1.43683299797,,1,1
2019-01-04,1.31645119302,0.0426892807352,1.26594325649,1.58247875226,1.42421100437,,,
2019-01-07,1.31352108797,-0.00222576048262,1.25860687813,1.56602736859,1.41231712336,,,
2019-01-08,1.33856078679,0.0190630352575,1.25267222803,1.55621004803,1.40444113803,,,
2019-01-09,1.36129195177,0.0169817950777,1.25216808291,1.54224973624,1.39720890957,,,
2019-01-10,1.36564289674,0.00319618798141,1.25295135875,1.52829840165,1.3906248802,,,
2019-01-11,1.35223491648,-0.00981807197922,1.25493605363,1.51138751188,1.38316178275,,,
2019-01-14,1.33190129906,-0.0150370450976,1.26069063205,1.48703071061,1.37386067133,,,
2019-01-15,1.35916097277,0.0204667370798,1.2644021696,1.47229991746,1.36835104353,,,
2019-01-16,1.37576535018,0.0122166378757,1.2687300679,1.45998061338,1.36435534064,,,
2019-01-17,1.38393425461,0.0059377163622,1.27870512578,1.44093973478,1.35982243028,,,
2019-01-18,1.3924585719,0.00615948138901,1.28189246181,1.43413851187,1.35801548684,,,
2019-01-22,1.36120323231,-0.0224461540308,1.28204753451,1.43084903326,1.35644828388,,,
2019-01-23,1.3667083149,0.0040442767529,1.28383425174,1.43189482521,1.35786453848,,,
2019-01-24,1.35587557971,-0.00792615005819,1.2909270611,1.43001418336,1.36047062223,,,
2019-01-25,1.400805049,0.0331368673912,1.29059548124,1.43086964227,1.36073256175,,,
2019-01-28,1.38784120996,-0.00925456332637,1.29055657149,1.43104175069,1.36079916109,,,
2019-01-29,1.37345666476,-0.0103646909329,1.29069343323,1.42952859155,1.36011101239,,,
2019-01-30,1.46731126921,0.068334594646,1.28070620099,1.44618420218,1.36344520159,1,,
2019-01-31,1.4778777212,0.00720123412847,1.271177391,1.46327820966,1.36722780033,1,,1
2019-02-01,1.4785881367,0.000480699788253,1.28295847461,1.47310057129,1.37802952295,1,,
2019-02-04,1.52058735827,0.0284049496407,1.27832712265,1.49814553977,1.38823633121,1,,1
2019-02-05,1.5466037647,0.0171094454363,1.27493854857,1.52484238154,1.39989046505,1,,
2019-02-06,1.54713661646,0.000344530235411,1.27274128428,1.54789722879,1.41031925653,,,
2019-02-07,1.51783481697,-0.0189393743118,1.27462878427,1.56166401531,1.41814639979,,,
2019-02-08,1.51961827504,0.00117500142045,1.27774015184,1.57395018558,1.42584516871,,,
2019-02-11,1.51087910134,-0.00575090063374,1.28527920663,1.58227554927,1.43377737795,,,
2019-02-12,1.52389859401,0.00861716378634,1.29781440926,1.58894007614,1.4433772427,,,
2019-02-13,1.5175671694,-0.00415475454476,1.30780524816,1.59478985691,1.45129755253,,,
2019-02-14,1.52309606152,0.00364326022742,1.31637654225,1.60095163395,1.4586640881,,,
2019-02-15,1.51970739577,-0.0022248535909,1.32523688735,1.60566860296,1.46545274516,,,
2019-02-19,1.52425523747,0.00299257719743,1.33389820093,1.61018695594,1.47204257844,,,
2019-02-20,1.53406445748,0.00643541827092,1.35032930167,1.61104197771,1.48068563969,,,
2019-02-21,1.52541454719,-0.00563855726117,1.36856294622,1.6086789564,1.48862095131,,,
2019-02-22,1.54244685396,0.0111656905316,1.39331823874,1.6025807913,1.49794951502,,,
2019-02-25,1.55368276373,0.00728447125349,1.40880044556,1.60238635595,1.50559340076,,,
2019-02-26,1.55457455964,0.000573988419308,1.43230739746,1.59555273902,1.51393006824,,,
2019-02-27,1.55938990623,0.0030975333781,1.47244132401,1.57401213662,1.52322673031,,,
2019-02-28,1.54405192787,-0.00983588408063,1.48290211825,1.57122540825,1.52706376325,,,
2019-03-01,1.56028170214,0.0105111583198,1.49116203238,1.57120589221,1.53118396229,,,
2019-03-04,1.56812907993,0.00502946216477,1.50069914309,1.57062287582,1.53566100946,,,
2019-03-05,1.5652754418,-0.00181977247132,1.50131521803,1.57447560924,1.53789541363,,,
2019-03-06,1.55626888805,-0.00575397371249,1.50106603802,1.57569130158,1.5383786698,,,
2019-03-07,1.53825565572,-0.0115746272846,1.50085015414,1.57501908938,1.53793462176,,,
2019-03-08,1.54191183527,0.00237683478261,1.50325766065,1.57501928471,1.53913847268,,,
2019-03-11,1.5953271164,0.0346422408272,1.50036166479,1.5854861647,1.54292391475,1,,1
2019-03-12,1.61325122799,0.0112353832723,1.49778026647,1.59830477569,1.54804252108,1,,
2019-03-13,1.62038519402,0.00442210481627,1.49449427722,1.61123942493,1.55286685108,1,,1
2019-03-14,1.63839829259,0.0111165534213,1.49159218648,1.626224628,1.55890840724,1,,
2019-03-15,1.65971092725,0.013008213422,1.4869724165,1.64450588455,1.56573915052,1,,1
