,Close,ROI,RSI,Sell Signal,Buy Signal
0,1.0,,,0,0
1,0.9988808276068682,-0.001119172393131751,,0,0
2,1.0039604242221958,0.005085287929188942,,0,0
3,1.0151528615474403,0.011148285385766732,,0,0
4,1.0244510685646737,0.009159415659883763,,0,0
5,1.0254843126592634,0.0010085831586250649,,0,0
6,1.030994433592286,0.005373188906940829,,0,0
7,1.0266896808736599,-0.004175340407636452,,0,0
8,1.0248816642217615,-0.0017610157047257546,,0,0
9,1.0331467698231906,0.008064448696821103,,0,0
10,1.0330607077632874,-8.330090401187373e-05,,0,0
11,1.0312527535333575,-0.0017500948553588191,,0,0
12,1.0331467698231906,0.0018366169528698517,,0,0
13,1.0338355516599886,0.0006666834344513095,,0,0
14,1.0328885123040878,-0.0009160444853923977,81.19761690915728,0,0
15,1.049332804125828,0.015920684203426294,87.02624749343907,0,0
16,1.0498493905034265,0.0004922998457375094,86.07063314719957,0,0
17,1.04993545256333,8.197562496303767e-05,83.0652205618037,0,0
18,1.0471803965555306,-0.002624024173174755,74.7290870640413,0,0
19,1.044769793888099,-0.0023019936921667705,70.43975983938172,0,0
20,1.1084804016464882,0.06098052234195128,86.6097996619269,0,0
21,1.106586394274079,-0.0017086521057079196,88.7636752384095,0,0
22,1.111321662392976,0.004279167124590755,90.77334345688311,0,0
23,1.1217391844821267,0.009373993544514292,90.89063314282805,0,0
24,1.132415026512349,0.00951722305675795,91.72893611108401,0,0
25,1.1368058412908781,0.0038773900696569275,93.40993688080268,0,0
26,1.1450204653545277,0.007226057225675042,93.70599193891124,0,0
27,1.14242644910839,-0.00226547587979975,91.92518431311802,0,0
28,1.1525431864829472,0.008855482453555608,93.12756273340366,0,0
29,1.1675023437442802,0.012979259637967866,92.96784248924925,0,0
30,1.171739127856484,0.0036289298560343575,93.1379061077713,0,0
31,1.170355990792831,-0.0011804138231547023,92.2930667214921,0,0
32,1.1735552415294568,0.002733570607400093,94.30399363278154,0,0
33,1.182029086194011,0.007220661085804991,96.20506273156363,0,0
34,1.1855743597376445,0.0029993115948176996,93.37850488799776,0,0
35,1.1805591290894069,-0.0042302118016008805,90.44870731589067,0,0
36,1.1816831971483648,0.0009521488854395965,90.03622975173556,0,0
37,1.1840178679496602,0.001975716339988054,88.9777464999886,0,0
38,1.1845368352794912,0.000438310386928098,87.32541460306877,0,0
39,1.2087478824573283,0.020439252251809092,90.04716858595299,0,0
40,1.2015710503745554,-0.005937410263075593,82.04878426202056,0,0
41,1.2086614815353096,0.005900967036900573,85.72064823681141,0,0
42,1.20485685362941,-0.003147802725595894,80.34834711143856,0,0
43,1.2064133454173942,0.0012918478932129052,76.64844848735973,0,0
44,1.2019169394202016,-0.0037270857573586946,70.69077726620756,0,0
45,1.1991498448898792,-0.002302234405363479,69.43790656993912,1,0
46,1.2031275510799637,0.0033171052033533766,69.71708660309915,0,0
47,1.2036462419696476,0.0004311187863816901,66.11566364428361,0,0
48,1.2018305384981829,-0.0015085025883465608,62.49396639106176,0,0
49,1.2145414347976633,0.010576280009795713,73.16518565127929,0,0
50,1.216530082791951,0.0016373652946792827,73.45877277971454,0,0
51,1.2104774525294972,-0.004975323132628939,67.09102616020874,1,0
52,1.223188482590339,0.0105008400067923,71.46589479879626,0,0
53,1.2091804488651405,-0.011452064767266013,50.45355819892786,1,0
54,1.2228424597833314,0.011298570805551078,62.378102891133175,0,0
55,1.2185188645476006,-0.0035356927633154456,56.02883838254085,0,0
56,1.2160979265856475,-0.0019867874288937992,56.97791281025731,0,0
57,1.2181732519421014,0.0017065446055652966,57.23664654565833,0,0
58,1.2434219573394532,0.02072669495664803,70.03016962703981,0,0
59,1.2461890607871995,0.002225393746196236,72.68416465519073,0,0
60,1.2445461680771963,-0.00131833343888077,70.46155440010588,0,0
61,1.2422114883584765,-0.0018759285742905307,68.76314744523015,1,0
62,1.242557377404123,0.00027844618157857326,70.10006581023873,0,0
63,1.2518095348433498,0.007446060526038467,68.94407916031378,1,0
64,1.2453243470905078,-0.005180650548131216,64.11579904171273,0,0
65,1.2422114883584765,-0.0024996369333851742,66.05079130347167,0,0
66,1.2394445275895158,-0.0022274474152682577,59.22281131654637,0,0
67,1.2379744367235506,-0.0011860884720870102,68.79846384661467,0,0
68,1.2246584396949431,-0.01075627786293376,51.44265056097322,0,0
69,1.2261282630381856,0.001200190433185977,55.40479738004955,0,0
70,1.2196430663679196,-0.005289166611490148,52.54220918956571,0,0
71,1.2263877422443892,0.005530040765578281,55.2208883461818,0,0
72,1.220940078949701,-0.0044420399087801155,32.41648873296566,0,0
73,1.2164436818699322,-0.003682733622469514,27.317911714883138,0,0
74,1.2316623272548928,0.012510768572176145,42.06427903097949,0,1
75,1.2301923701502888,-0.0011934741138670546,42.516905757976815,0,0
76,1.242038410074292,0.009629420740559391,49.903101067959284,0,0
77,1.2497340668081107,0.006195989328025897,49.027524256737635,0,0
78,1.2423842991199385,-0.005881065326917012,48.552066779300596,0,0
79,1.2433354226560729,0.0007655630683742753,50.83251180387269,0,0
80,1.242124810996311,-0.0009736806638837026,51.75301058209243,0,0
81,1.2674602026732527,0.020396816368735138,63.57326389737642,0,0
82,1.2755020159754404,0.006344825096067375,74.46068612513083,0,0
83,1.2716108533861603,-0.003050691053831378,71.45894238337291,0,0
84,1.2670279037881635,-0.0036040503946571656,72.88904885748623,0,0
85,1.2880399677520975,0.01658374207948543,76.03509678829468,0,0
86,1.323059664157146,0.027188361605086753,84.41905847154389,0,0
87,1.331533642583061,0.0064048346839395975,87.82093960987429,0,0
88,1.325221533114404,-0.004740480650877288,82.78625354376061,0,0
89,1.336682358152519,0.008648233334377586,84.84319537234724,0,0
90,1.3553500848274425,0.013965716358166791,85.37006928318527,0,0
91,1.3518771940151562,-0.002562357025807427,82.81541298472463,0,0
92,1.3498799674588926,-0.0014773727710662987,85.94028532766967,0,0
93,1.3045569900847251,-0.03357556113636284,66.56949629496955,1,0
94,1.3244399476450897,0.015241156738635908,70.07616531818213,0,0
95,1.3289548572972711,0.0034089198685143263,66.61325108411017,1,0
96,1.3370298790867738,0.00607621977914663,66.55204860548164,0,0
97,1.3353801734647652,-0.001233858455830017,67.38760391412308,0,0
98,1.3313860057098086,-0.0029910341896071113,67.67428198460195,0,0
99,1.3359877264855171,0.0034563385494315035,64.43421706529088,0,0
100,1.333730334081395,-0.001689680495838397,54.23386992164033,0,0
101,1.334251343501343,0.0003906407514580046,51.46639448925729,0,0
102,1.3263500866376794,-0.005921865398260784,50.86223863786215,0,0
103,1.329996742375805,0.002749391563256154,47.80275443592345,0,0
104,1.3497063452118385,0.014819286550150412,48.26883139196808,0,0
105,1.336508735905465,-0.009778133853480586,44.88103891922553,0,0
106,1.3410237793190076,0.003378237113043525,47.29255799468519,0,0
107,1.349011847306198,0.005956693766643539,71.96242850557849,0,0
108,1.3457124449796047,-0.0024457919574107923,62.57880768067374,1,0
109,1.2935299531415225,-0.038776851646692645,36.950954385678514,0,0
110,1.2626202172432537,-0.023895647582957147,26.174399716265583,0,0
111,1.2727787327496776,0.008045582802882256,31.21293382122053,0,1
112,1.260362566233833,-0.009755164975942865,29.60199621279888,0,0
113,1.2528085538642777,-0.005993523270155343,26.45266510391569,0,0
114,1.2352702011156464,-0.013999228129896069,24.220952540352556,0,0
115,1.2706081603865067,0.02860747327908042,36.50104342137274,0,1
116,1.2590601140233564,-0.009088597667779474,35.849064797912916,0,0
117,1.266527172590599,0.0059306608827289775,36.97989216102097,0,0
118,1.2644435451123166,-0.0016451502371012117,31.033867560086463,0,0
119,1.2700872847279203,0.0044634176333293585,34.80760713352764,0,0
120,1.266093116972964,-0.0031447978441986324,32.76926932847873,0,0
121,1.2479465334793496,-0.014332740025473023,27.654511383162415,0,0
122,1.2661800618578523,0.014610824974741865,33.82416712524031,0,1
123,1.2475123351829287,-0.01474334278138345,38.96086108463805,0,0
124,1.2504644930154138,0.002366435785223997,46.82646684130356,0,0
125,1.2459495833632324,-0.0036105860481444596,42.31460439631284,0,0
126,1.2510721708801034,0.004111392294898097,47.44656353482668,0,0
127,1.2392639586690946,-0.009438474043189649,46.19014756384588,0,0
128,1.251853622588056,0.010158984961107231,55.64165401129297,0,0
129,1.259494303402353,0.006103493792269932,46.01996820938142,0,0
130,1.2635751574368992,0.0032400734354434135,52.07874218617333,0,0
131,1.2653986190673236,0.001443097088204226,49.77659862172473,0,0
132,1.2830241931409903,0.013928870956614325,57.169890033664075,0,0
133,1.294050953644046,0.008594351191508753,58.78085627241109,0,0
134,1.298565729534866,0.0034888702628796953,61.76404196569692,0,0
135,1.3030810493885556,0.0034771592619395886,72.01617570177154,0,0
136,1.3112424721000773,0.006263173511234177,69.44825700971253,1,0
137,1.3053384328752538,-0.00450262964359871,78.25812805754254,0,0
138,1.304730888771926,-0.00046543033440726855,77.14334617933062,0,0
139,1.320532858536383,0.012111286626570461,83.50282660840107,0,0
140,1.3261765981519869,0.004273835050086605,83.53345701832097,0,0
141,1.3324282920724269,0.004714073471927982,93.9974141313167,0,0
142,1.3072485718678437,-0.018897617496112518,73.91842175960542,0,0
143,1.2980449965550651,-0.007040417186785053,66.56663933069387,1,0
144,1.291359238099566,-0.005150636898753724,61.784655191610014,0,0
145,1.3028204733391893,0.008875326788609472,64.57513421906025,0,0
146,1.3643799041318054,0.047250893006644645,73.31220565486589,0,0
147,1.350748364051734,-0.009991014994277347,66.26597150079161,1,0
148,1.3578679106021454,0.005270816341435669,66.70067171755413,0,0
149,1.3788799656486554,0.015474299733022168,69.35899525726575,0,0
150,1.3899067350691352,0.007996903062764016,69.70845519402428,0,0
151,1.3984155449535507,0.0061218567186756,72.95845538146847,0,0
152,1.3538734664070424,-0.03185181880110444,60.58199570855052,1,0
153,1.3727014748625794,0.01390677114420713,60.96084072226325,0,0
154,1.3933601680620546,0.015049661982437401,63.08986919923062,0,0
155,1.4086140551070232,0.010947554978684604,64.21867063548136,0,0
156,1.4029484142978514,-0.004022138490405225,69.27441517125526,0,0
157,1.3760139412154662,-0.019198477155601967,65.08640782400437,0,0
158,1.3728757837512884,-0.0022806145854931126,66.028705988276,0,0
159,1.3703480239661479,-0.0018412152177624819,63.81599436125509,0,0
160,1.3927497614655935,0.016347480426621264,56.8402931461703,0,0
161,1.3944930822057107,0.001251711390194421,60.94368652947102,0,0
162,1.3883042472076892,-0.00443805356727367,57.78350235894151,0,0
163,1.3934469791855817,0.0037043263306555385,54.20770991343145,0,0
164,1.4074808734406443,0.010071351450533728,54.88126660319294,0,0
165,1.4200329771693343,0.008918134495146557,55.75844880955873,0,0
166,1.4238684950322855,0.0027010061911356686,72.287307790596,0,0
167,1.4295341358414573,0.0039790478045820254,69.66084565985878,1,0
168,1.4299699660264866,0.0003048756753001314,64.69068357819252,0,0
169,1.4127980480686075,-0.01200858644996261,51.91553886749779,0,0
170,1.4113163913035958,-0.0010487392497726677,53.6678294858548,0,0
171,1.4056504740542775,-0.004014632923015071,64.84443721435956,0,0
172,1.3827256850447671,-0.016309025204102823,54.38109044472648,0,0
173,1.4077425374157502,0.018092418938593147,63.34987796844541,0,0
174,1.4021636988126813,-0.0039629679822775765,53.98704732990399,0,0
175,1.3916164460378533,-0.007522126541829044,49.210421628406024,0,0
176,1.3796747489056245,-0.008581169880701456,47.196119068064355,0,0
177,1.393621421835652,0.0101086672355859,50.33833625281987,0,0
178,1.3830741601434,-0.00756824021717406,41.95614715609508,0,0
179,1.3835972116534645,0.00037818037899728374,36.823682272930114,0,0
180,1.3604110351089953,-0.016757894818796748,29.703730920644276,0,0
181,1.3370502910705186,-0.017171827804678852,23.325763608177382,0,0
182,1.3239752695931255,-0.009779004996831153,21.439249741245263,0,0
183,1.3122948262344944,-0.008822251915793444,21.964258341886648,0,0
184,1.3348710063840106,0.017203588475843024,31.299808486698396,0,1
185,1.3443724414962805,0.00711786761929023,35.414654716380895,0,0
186,1.336091543136786,-0.006159675774280227,37.99632774290881,0,0
187,1.3434132833610397,0.005479968990047102,31.819903988244803,0,0
188,1.3407113662833996,-0.002011232962413678,32.31808444087852,0,0
189,1.3465513159812803,0.00435585901987956,36.745523421298415,0,0
190,1.337834730115542,-0.006473266753585394,37.39430144440922,0,0
191,1.3544834628019953,0.01244453616854102,38.595703239070964,0,0
192,1.353699023756972,-0.000579142578382319,40.94677996567127,0,0
193,1.3584060593111964,0.0034771655084457898,42.4998645057302,0,0
194,1.3589289770598998,0.0003849495113181778,49.737598207003884,0,0
195,1.3645950280705794,0.004169497528074162,61.76199778688196,0,0
196,1.3598006285125344,-0.003513423000539584,66.47015498739856,0,0
197,1.3684301357320225,0.006346156222127863,76.49573049499911,0,0
198,1.393621421835652,0.018408894576231738,76.84582029477693,0,0
199,1.3987642875749062,0.003690288954140808,75.8217059964968,0,0
200,1.3925754614943084,-0.0044244953460511605,77.55832545657736,0,0
201,1.3596264623026106,-0.02366047665118398,56.71460124314436,1,0
202,1.3619797794376807,0.001730855643309992,58.73242160344066,0,0
203,1.3612824279563314,-0.0005120130943774281,56.39620666017777,0,0
204,1.3693891511884781,0.005955210370501396,63.392373566374545,0,0
205,1.3633746250791654,-0.004392123381503965,54.35803500257853,0,0
206,1.3720910682661183,0.006393285474597166,58.0714222012801,0,0
207,1.4212533801607483,0.0358302105681334,69.43140718059419,0,0
208,1.4532436314187136,0.022508478575683055,74.20961183361,0,0
209,1.4734662179930131,0.013915482674131896,75.87110325995113,0,0
210,1.4547254219450867,-0.012718850163699669,71.51918260086745,0,0
211,1.465359771201013,0.007310210638724612,71.68924707164076,0,0
212,1.5036258023418885,0.026113744824257434,72.97876955140153,0,0
213,1.5188799569095799,0.010144914076316791,73.97194513252916,0,0
214,1.523761444031299,0.003213872893320202,76.32825261802739,0,0
215,1.5362261837561682,0.008180243550389488,88.91074594934508,0,0
216,1.5330882938147132,-0.0020425963146797343,87.64967014379027,0,0
217,1.5280142795068667,-0.0033096686787823515,86.13627592228644,0,0
218,1.5218907646403124,-0.0040074984564481,83.46417926807095,0,0
219,1.49888338244887,-0.015117630467308851,78.22319216150458,0,0
220,1.4791129538631114,-0.013190104592031626,71.62986830986195,0,0
221,1.4967841048913078,0.011947127487487164,67.22208567950167,1,0
222,1.4884734134179247,-0.005552364864261139,59.0984565583344,0,0
223,1.4869861832628564,-0.0009991647426562666,54.025997938960806,0,0
224,1.51462984124836,0.01859039330469492,65.9118203336129,0,0
225,1.5305512866607898,0.010511773225930332,66.73287464896302,0,0
226,1.5306389181873332,5.725487757723968e-05,58.62144714004134,0,0
227,1.5229403989603816,-0.005029611579502102,51.5980579143063,0,0
228,1.5140176690019287,-0.005858883226516176,47.21214203303419,0,0
229,1.4826122402507071,-0.020743105839659437,35.146666257674696,0,0
230,1.5033449569875625,0.013983910407585398,42.73941343699743,0,0
231,1.4963465090563084,-0.004655250878200179,42.29786249198843,0,0
232,1.4854117228653285,-0.007307656431715159,41.25259362318435,0,0
233,1.4840118477966564,-0.0009424155250180588,46.1513889414008,0,0
234,1.47850078161668,-0.0037136268070627754,50.131209730336884,0,0
235,1.481212632704758,0.0018341898237703713,45.07687037030781,0,0
236,1.481649827255673,0.0002951598853953019,47.896248058495566,0,0
237,1.5105183826143331,0.01948406082706522,57.30315348628539,0,0
238,1.5020328382893715,-0.005617637244689,46.150410274103784,0,0
239,1.507019087309313,0.003319667115680547,41.978912809595286,0,0
240,1.506581625235675,-0.0002902830344498897,41.81229792887229,0,0
241,1.5218907646403124,0.0101615067834393,49.97435826218187,0,0
242,1.5433232762327185,0.014082818616401482,59.34468512234302,0,0
243,1.5268771474216152,-0.010656308412096638,65.55778362018305,0,0
244,1.5252150644149682,-0.0010885505814620666,58.93099411929885,0,0
245,1.5309886149730665,0.0037854009528242027,64.13570413246737,0,0
246,1.5309886149730665,0.0,70.36224284492421,0,0
247,1.4921476953358848,-0.025369829179209824,53.122682420813895,1,0
248,1.4924100281177972,0.00017580885775081434,55.25991884886884,0,0
249,1.4966091271957918,0.002813636332429592,55.71102256539361,0,0
250,1.4804253400840255,-0.01081363651850098,49.99380197340194,0,0
251,1.506931598461555,0.01790448843305059,49.24918726203897,0,0
252,1.506669123000857,-0.00017417874903269404,51.91310081459306,0,0
253,1.5136676957760489,0.004645062853118498,52.538181510653246,0,0
254,1.5309012598866698,0.011385302176106338,57.452697246472376,0,0
255,1.5252150644149682,-0.003714279699608136,51.395626387081485,0,0
256,1.5250400778020283,-0.00011472914018650915,43.94340140503487,0,0
257,1.5246901134935724,-0.0002294787616076155,49.51651827653676,0,0
258,1.5333506355140496,0.005680185070940702,53.440863233618536,0,0
259,1.5491845920787215,0.01032637688858662,56.70333784046092,0,0
260,1.541311496440338,-0.0050820900741203046,53.77563128866325,0,0
261,1.5667681204977986,0.016516209809796845,77.529122164767,0,0
262,1.5681677280437476,0.0008933086700182447,77.7076837055666,0,0
263,1.561169422791279,-0.0044627275050475035,73.25367523922614,0,0
264,1.548397290540565,-0.008181131441761247,75.41291435225395,0,0
265,1.5487471300050835,0.00022593650005453547,69.34481413522593,1,0
266,1.5240776648069942,-0.015928659185317273,56.8428338811582,0,0
267,1.496871326216343,-0.017851018500488758,44.762578266352776,0,0
268,1.5003704788425773,0.0023376442349787308,39.30323059621747,0,0
269,1.4693151570785972,-0.020698435621005484,33.152443531305806,0,0
270,1.460654768819481,-0.005894166556026925,31.476239498707514,0,0
271,1.4646787386057503,0.00275490819060642,33.153848872567465,0,0
272,1.467740571837132,0.002090446970163695,31.034865375663642,0,0
273,1.4040550666275593,-0.04339016474134738,16.96328963049909,0,0
274,1.3689757750773102,-0.02498427047772922,14.932073554537467,0,0
275,1.42618738199294,0.041791540768790325,26.16077130328985,0,0
276,1.3956568773889946,-0.021407078052592565,23.207976860759388,0,0
277,1.3572532860640893,-0.02751649918191279,20.931750211804044,0,0
278,1.3738545245498333,0.012231496255121321,25.69276073526335,0,0
279,1.429191653251814,0.040278739643204275,36.35426598272557,0,1
280,1.4435089789141888,0.010017778672159805,40.8069264366764,0,0
281,1.470123414563368,0.0184373190869922,47.452668457878666,0,0
282,1.5194877774530544,0.033578380155483645,52.83376368050364,0,0
283,1.514568881737273,-0.003237206503909018,56.041379785509044,0,0
284,1.509474321684321,-0.0033637031067933476,56.53882224408565,0,0
285,1.5026231093422349,-0.004538806817489416,55.22687270120224,0,0
286,1.5151836400366907,0.008359069294464838,56.184345016745084,0,0
287,1.5415346460607942,0.017391295238288862,68.1628605236724,0,0
288,1.5720141251640904,0.019772166121068357,77.06817110125546,0,0
289,1.5669196988724996,-0.0032407000738998715,71.65961130463664,0,0
290,1.56454787808244,-0.0015136836889384497,78.66558250375833,0,0
291,1.5371428860353111,-0.017516237394228695,82.73158579146703,0,0
292,1.547771242782248,0.006914358348526939,82.24360316486026,0,0
293,1.5531292324602761,0.003461745204928812,77.92401428026082,0,0
294,1.5518116741333892,-0.0008483249811735982,75.90353757296349,0,0
295,1.537406449421748,-0.00928284337059504,67.26658375172397,1,0
296,1.5541832274007257,0.010912389488991536,60.54326431689735,0,0
297,1.580885562099171,0.017180943808731808,67.57400650400567,0,0
298,1.596169108496667,0.009667712049442612,71.71476394119574,0,0
299,1.580797654132481,-0.009630216674637482,69.02388974321073,1,0
300,1.5673586590733848,-0.008501401190699198,62.79767892143442,0,0
301,1.5692032104117846,0.0011768533817846372,57.75490169927909,0,0
302,1.5636695563965852,-0.003526410077728026,47.70453719244786,0,0
303,1.5397781364504464,-0.015279072134137928,42.728590035093056,0,0
304,1.5392510007601479,-0.000342345223522722,43.16669636590705,0,0
305,1.5043797616313683,-0.022654680173382125,41.308672349413335,0,0
306,1.4831233156602175,-0.014129707480310727,33.492446582930384,0,0
307,1.4487790695429508,-0.023156702989311606,26.616996644965255,0,0
308,1.5175554608267503,0.047471966381662734,44.792085358470594,0,1
309,1.478643647668044,-0.02564111438636152,41.29079150052642,0,0
310,1.462305972568737,-0.011049095652676644,36.052775312829056,0,0
311,1.4737247519522627,0.0078087483725906015,33.056685564160915,0,0
312,1.464062758619232,-0.006556172256882653,28.669653619575456,0,0
313,1.4790827416302907,0.010259111450402703,33.77146936062435,0,1
314,1.5073663407208453,0.01912239139466898,41.23421649947174,0,0
315,1.5178187566904646,0.006934224074965689,42.815732156979436,0,0
316,1.4789951190211712,-0.02557857286857268,38.81469871286687,0,0
317,1.493663773357888,0.0099179869818804,44.01751257480136,0,0
318,1.5217714316711253,0.018817928649396798,48.30715725260952,0,0
319,1.5146567807865394,-0.004675242770704968,52.065115874719844,0,0
320,1.529588873665756,0.009858400311298476,57.391272386935356,0,0
321,1.5347713327679744,0.003388138598183099,64.50622008136186,0,0
322,1.5443455608131,0.006238211413460704,55.681481133142725,0,0
323,1.5656020067842513,0.01376404770442674,68.91626906523719,0,0
324,1.5620884257658374,-0.002244236404391753,73.09637227060674,0,0
325,1.5178187566904646,-0.028340053191079018,59.3262366619125,1,0
326,1.4556302818850366,-0.04097226663678022,49.12300308767215,0,0
327,1.4514141861967245,-0.002896405591983342,45.6768840353577,0,0
328,1.4312118689273847,-0.013919057331441498,36.74799185517938,0,0
329,1.4374481892086914,0.004357370433198282,35.86680570939788,0,0
330,1.442454983973739,0.0034831132020165523,42.87108921186054,0,0
331,1.4257659712826662,-0.011569867258593547,36.41236943734359,0,0
332,1.4515898505338953,0.018112284744737694,36.1384677086305,0,0
333,1.485319195672959,0.023236140102976144,45.20116817257852,0,0
334,1.5509333524475344,0.04417512206515806,53.87928652013243,0,0
335,1.5537439907596937,0.0018122237862276958,53.54141844459896,0,0
336,1.6147026725261393,0.03923341433915395,59.719628556376485,0,0
337,1.6263848904521647,0.007234903443708918,58.631006463774874,0,0
338,1.634202466208157,0.0048067193699878885,59.98440566204095,0,0
339,1.6457091446409486,0.007041158406455361,68.87701041934159,0,0
340,1.6692492359127458,0.014303919588982472,85.53110191697596,0,0
341,1.66290066309698,-0.0038032503949563257,85.13755578026118,0,0
342,1.6590209237279607,-0.0023331155342699583,90.4549947370399,0,0
343,1.6439429685428857,-0.009088465955687686,85.91485136543183,0,0
344,1.659285307517414,0.009332646732950423,86.33503797956378,0,0
345,1.6487926115431755,-0.006323623747345519,88.70844911456375,0,0
346,1.6427967228502134,-0.0036365329702383598,85.71965749892122,0,0
347,1.6544357982784856,0.007084915173241058,84.28001573348425,0,0
348,1.6502916840374369,-0.002504850442284212,76.64088087966903,0,0
349,1.6608725465836647,0.006411510552087218,77.51335234833235,0,0
350,1.6590209237279607,-0.0011148494563972822,66.12028692624668,1,0
351,1.662812487607567,0.002285422579894947,64.02605766072206,0,0
352,1.6568165989146049,-0.0036058718211749996,58.90642129882645,0,0
353,1.653289418824452,-0.0021288898798235145,53.298475717381116,0,0
354,1.6477343986611308,-0.003359980472911417,39.855468063446885,0,0
355,1.6774497080243624,0.018034040794060457,55.859530598140076,0,0
356,1.6914694503273928,0.008357772060744617,61.85504497118447,0,0
357,1.704519431677938,0.007715174133366309,72.31296227596607,0,0
358,1.7104271448814874,0.00346591132594698,70.1765171486837,0,0
359,1.7058421621107975,-0.002680606879053915,73.70831991976927,0,0
360,1.6903232046347205,-0.009097534238967309,68.53767078407766,1,0
361,1.686179090393672,-0.0024516697337442217,63.19799235892767,0,0
362,1.6954373651858252,0.005490682955860748,67.92725834692686,0,0
363,1.6815056556934225,-0.00821717733634808,58.13558686095193,0,0
364,1.68238738383528,0.0005243682284814533,59.25636036416119,0,0
365,1.6651049789929118,-0.010272547814148658,51.03842216449307,0,0
366,1.6642233846124157,-0.0005294527321810794,52.94566825070239,0,0
367,1.6373297354975194,-0.01615987935487373,45.23598788640455,0,0
368,1.6444720036445153,0.004362144039866012,49.25082677208,0,0
369,1.6353017616629897,-0.005576405047457378,35.236260958024374,0,0
370,1.6305401603907514,-0.0029117569514485186,27.132586197357085,0,0
371,1.6062921059029363,-0.014871178936190277,15.983023070740586,0,0
372,1.6262196951708765,0.012405956049157396,23.843879566301936,0,0
373,1.623839037213543,-0.001463921488838782,24.151406993971506,0,0
374,1.6356544547032175,0.007276224563457667,32.49192780029617,0,1
375,1.6322157176252003,-0.0021023615765110026,32.61507445621716,0,0
376,1.650467758576116,0.011182370537070607,36.53445543100251,0,0
377,1.6217226114494536,-0.01741636392307433,33.39506457387219,0,0
378,1.6347725927999985,0.00804698735678433,37.76802908265541,0,0
379,1.657433952184433,0.013862086680582753,48.351676931033225,0,0
380,1.680447585490163,0.013885098272180985,53.998928488866,0,0
381,1.6784194778942718,-0.0012068853639964905,60.92564590077026,0,0
382,1.656640256853203,-0.012976029727915672,53.24875571704553,0,0
383,1.6844155003485952,0.016766007816417128,61.17383282507415,0,0
384,1.6870608185355294,0.0015704665424811637,62.94451412876874,0,0
385,1.6833574212279117,-0.0021951771192413316,69.46552810578365,0,0
386,1.6881188887387886,0.00282855408532523,66.87247339954422,0,0
387,1.6788603375064886,-0.0054845374304277605,64.57050005203138,0,0
388,1.691910452618395,0.007773198770833378,64.72061198133773,0,0
389,1.6880307132493755,-0.0022931115314142048,64.61553255182554,0,0
390,1.6895296519822758,0.0008879807228239223,61.217332574338734,0,0
391,1.7017860806803764,0.007254343647488337,75.10499289466603,0,0
392,1.7178340643406593,0.009430082806804352,75.45486511628258,0,0
393,1.7124553951561639,-0.003131076101090091,68.87999118040817,1,0
394,1.6839744980575932,-0.016631613984884774,51.4332798390306,0,0
395,1.6745398722866136,-0.00560259420903475,49.04903242775037,0,0
396,1.6778904427926422,0.0020008902513939386,57.85537961160221,0,0
397,1.7767351129200482,0.05891008590697444,71.95248119628033,0,0
398,1.8286705029365655,0.029230800719169725,77.0015102107211,0,0
399,1.8339611482278575,0.002893164888259525,78.52769920082795,0,0
400,1.8434840743321872,0.005192545171162299,78.85159924431002,0,0
401,1.8262016694898189,-0.009374859855314388,76.94159912590864,0,0
402,1.8274360906719043,0.0006759500895814341,75.8755306953231,0,0
403,1.8418086597765235,0.007864881939228185,78.16195996018085,0,0
404,1.8363226248059712,-0.002978612865908614,76.59713010918823,0,0
405,1.848179686666151,0.006456960067914297,76.4807705350944,0,0
406,1.8559662387037301,0.004213092533023488,75.6899619368311,0,0
407,1.8603019438013766,0.0023360904995095577,77.59315836958852,0,0
408,1.8875553574738049,0.014649994729746929,88.21629792891447,0,0
409,1.9252497638955917,0.019969960760374716,92.59152682492119,0,0
410,1.9064911419169073,-0.009743474498980165,87.33630172057414,0,0
411,1.9027746895004203,-0.0019493677860733527,79.54023241265932,0,0
412,1.9028631325125562,4.648107451932226e-05,72.78148607526742,0,0
413,1.9067564798707386,0.0020460469760856803,72.51796911868908,0,0
414,1.9126848725807553,0.0031091504198892395,71.84764224667788,0,0
415,1.9284352728816934,0.008234707414026987,82.5909286220941,0,0
416,1.944008519635637,0.008075586965733184,83.99612783321233,0,0
417,1.9730313821007692,0.014929390572101076,85.14116260095248,0,0
418,1.9911708851596557,0.009193722524358794,88.85908179126197,0,0
419,2.014176902985212,0.011554014774433297,89.37507735261319,0,0
420,2.0206362391256136,0.003206935860910809,89.27704127412174,0,0
421,2.007451961368256,-0.006524815056797473,83.91144554986532,0,0
422,1.9740933938054774,-0.016617367789982906,69.76153129229806,1,0
423,1.9581660985628437,-0.008068156903119239,58.46707980045867,0,0
424,1.93188612873905,-0.013420705139917,56.45732028030549,0,0
425,1.980729758648936,0.025282872102698084,65.75008764447499,0,0
426,1.9561310532110094,-0.01241901139239987,60.01607574674846,0,0
427,2.003381861747164,0.024155236664021862,65.38049827233175,0,0
428,1.9806410391966534,-0.011351217151720716,60.46940133726853,0,0
429,1.9279043383687322,-0.026626077004499038,50.35794912864814,0,0
430,1.9310897135934724,0.0016522475526121738,48.634356208070734,0,0
431,1.9322400434663787,0.0005956895036045573,44.32036949806775,0,0
432,1.9469285658239703,0.007601810348180527,43.796125966599575,0,0
433,1.9259577271116095,-0.010771241986213154,37.13443177447989,0,0
434,1.9536532310007793,0.014380120341844327,41.04830049911479,0,0
435,1.9660412362913438,0.006340943773434526,44.62724029325777,0,0
436,1.950379412763903,-0.007966172447626096,46.88988797634252,0,0
437,1.9904629219436376,0.0205516469859226,54.91662149408594,0,0
438,1.9974533352757857,0.0035119535536598523,60.08589548518672,0,0
439,2.0109029420695506,0.00673337722400813,55.29860688142065,0,0
440,2.0287768485693065,0.008888497861244682,62.471962881682146,0,0
441,2.0534641307807298,0.012168554776654128,59.238973834773326,0,0
442,2.0173624208887375,-0.017580881667636605,56.70034188860194,0,0
443,1.984622972245757,-0.016228838360415887,61.068115122830875,0,0
444,1.9800217954329178,-0.0023184135612581702,59.550059403861354,0,0
445,2.007451961368256,0.013853466663149128,63.151745065608736,0,0
446,1.9144547226575435,-0.04632600953864263,46.06572139467652,0,0
447,1.8975539924836993,-0.008827960240492705,46.54784225012633,0,0
448,1.9653334068366874,0.03571936009276455,52.05769649600237,0,0
449,1.9233031615558929,-0.02138580921414479,45.675234986487276,0,0
450,1.9656871878026545,0.022037101115392588,52.286020445079316,0,0
451,1.9571927973929946,-0.0043213337617341585,46.799264359677565,0,0
452,1.9114460996957132,-0.023373628677878067,41.45771500946187,0,0
453,1.940557672695704,0.01523013021639752,43.461337678158756,0,0
454,1.9524144581157372,0.0061099886835944694,42.82139859050052,0,0
455,1.9708192991284543,0.009426708010797924,42.17554210848638,0,0
456,1.9032170472398844,-0.03430159828375201,39.45757268673757,0,0
457,1.9448933777933504,0.02189783378301846,46.87319317478543,0,0
458,1.9139236454657969,-0.015923614467077574,44.5852843854723,0,0
459,1.8779990891207987,-0.018770109471245466,38.92848947031896,0,0
460,1.8873783376881723,0.004994277484854592,47.62944027740729,0,0
461,1.936575748564025,0.02606653361091027,54.50878738057673,0,0
462,1.9663065742451753,0.015352265824456257,50.63521322077141,0,0
463,1.8358801243877219,-0.0663306788299386,42.62568735889146,0,0
464,1.7837626673235358,-0.028388268042047415,34.10746372022348,0,0
465,1.803052509172752,0.010814130266645794,37.00314990793645,0,0
466,1.8577358212577961,0.03032818612150856,46.13498487888163,0,0
467,1.8512541648048941,-0.0034890087055077235,42.77646540290036,0,0
468,1.8155591607908492,-0.019281525299259417,38.93047239263552,0,0
469,1.7241018185418873,-0.050374201085864656,31.605359905447784,0,0
470,1.7068758788288643,-0.009991254302829655,33.991486202397056,0,0
471,1.6586611591704286,-0.028247349591416837,26.665149739214087,0,0
472,1.6995949536546755,0.02467881656113513,33.29338794881106,0,1
473,1.7184191632875498,0.01107570341533215,37.43331716497758,0,0
474,1.6503145393953826,-0.03963213711017666,32.49982604060044,0,0
475,1.5714658997658166,-0.04777794641405353,23.913508472889887,0,0
476,1.5696900660974633,-0.0011300491271353241,20.696826877939813,0,0
477,1.5298218235352883,-0.025398799051646437,23.259262241995614,0,0
478,1.5505107200501602,0.013523729493583492,28.637408483218138,0,0
479,1.5471366164619553,-0.0021761239987400094,25.921583688360812,0,0
480,1.606628194699506,0.03845269874977042,27.830831803578803,0,0
481,1.5942859179596807,-0.007682098932748849,27.465493690952457,0,0
482,1.5856730149838496,-0.005402357807220426,28.713101575183643,0,0
483,1.6410800741255527,0.03494229807667337,42.284881634197646,0,1
484,1.5688910648988992,-0.0439887183842137,37.84940001180592,0,0
485,1.5513987082237297,-0.011149503663147375,39.957282955352085,0,0
486,1.4960804933782461,-0.035656994267334485,30.816909041851417,0,0
487,1.5059365209420754,0.006587899252381568,29.826545972216607,0,0
488,1.497323484204883,-0.005719388976505035,33.444362002055556,0,1
489,1.5014968654317988,0.0027872275236049404,41.04634283042087,0,0
490,1.517923527506111,0.010940190720670095,43.875008648480616,0,0
491,1.4693535287544612,-0.03199765855889214,42.72155417641527,0,0
492,1.4556794079743547,-0.009306215633277715,37.97177836193458,0,0
493,1.474592461903449,0.012992595639868654,41.42099705524466,0,0
494,1.4285974406975022,-0.03119168339337297,27.262480709884926,0,0
495,1.3925472913516046,-0.02523464505739026,25.476252133956834,0,0
496,1.3383832230365387,-0.03889567604019706,22.645095652582256,0,0
497,1.3037539047059268,-0.025873993139307716,11.394239458708924,0,0
498,1.3955662585253807,0.07042153698489817,32.54204080158593,0,1
499,1.3865092232426917,-0.006489864044333604,33.02480527663684,0,0
500,1.3872196387503344,0.0005123770514712245,37.369231551090614,0,0
501,1.4006274852470801,0.00966526577494542,38.05263040658763,0,0
502,1.4022257462495076,0.0011411035548438697,39.09183070976101,0,0
503,1.26255368434211,-0.09960740079190133,28.234432750409837,0,0
504,1.3164511930162444,0.0426892807351944,33.846213950844486,0,1
505,1.3135210879735362,-0.0022257604826159127,36.524414614828,0,0
506,1.3385607867850406,0.019063035257496308,40.53976296701111,0,0
507,1.3612919517652604,0.016981795077693596,41.147975140783196,0,0
508,1.3656428967406786,0.0031961879814070837,45.21312761288253,0,0
509,1.3522349164825715,-0.009818071979217469,47.2242903259311,0,0
510,1.331901299060914,-0.0150370450975702,50.71554412287732,0,0
511,1.359160972765054,0.02046673707981217,58.029734321494075,0,0
512,1.3757653501840785,0.012216637875677616,48.60180883225282,0,0
513,1.3839342546144124,0.005937716362198531,51.00206724994624,0,0
514,1.3924585718993219,0.006159481389008903,52.04934453298757,0,0
515,1.3612032323129781,-0.022446154030788312,46.158212735809954,0,0
516,1.3667083149013892,0.004044276752896536,46.71669023690757,0,0
517,1.355875579711708,-0.007926150058187753,69.47362446730745,0,0
518,1.4008050489955826,0.03313686739120092,67.84143359347848,0,0
519,1.3878412099617576,-0.009254563326367427,65.27340288938836,0,0
520,1.373456664756584,-0.010364690932884169,57.710487440977744,0,0
521,1.4673112692065373,0.06833459464597458,67.22127271557855,0,0
522,1.4778777211954337,0.007201234128468403,67.78629780990896,0,0
523,1.4785881367030769,0.00048069978825338033,70.84008685005494,0,0
524,1.520587358265458,0.028404949640695953,78.85072004152667,0,0
525,1.5466037647028146,0.017109445436290782,78.54600338924183,0,0
526,1.5471366164619553,0.00034453023541103356,77.39425340972291,0,0
527,1.5178348169712528,-0.018939374311824464,70.56083182476866,0,0
528,1.519618275037204,0.0011750014204510162,69.92050487988828,1,0
529,1.5108791013362428,-0.0057509006337445046,75.41471817120959,0,0
530,1.5238985940138203,0.008617163786343252,75.9327131520336,0,0
531,1.5175671694045818,-0.0041547545447641054,77.27548965608837,0,0
532,1.5230960615153162,0.0036432602274227843,73.62849095443167,0,0
533,1.5197073957735705,-0.0022248535908985234,76.55692226589018,0,0
534,1.5242552374729206,0.0029925771974250726,81.655977760836,0,0
535,1.5340644574776956,0.006435418270917648,71.0908350877961,0,0
536,1.5254145471918865,-0.005638557261167021,65.34045398757607,1,0
537,1.542446853958195,0.01116569053157579,68.51668141362462,0,0
538,1.553682763725884,0.007284471253486524,61.552179771295386,0,0
539,1.5545745596395406,0.0005739884193076694,53.498621166042746,0,0
540,1.5593899062267758,0.0030975333781042558,55.06567817574742,0,0
541,1.5440519278726277,-0.009835884080628077,61.97144324419129,0,0
542,1.5602817021404323,0.010511158319763014,66.30510601274142,0,0
543,1.568129079927737,0.005029462164774179,73.08772789709663,0,0
544,1.5652754417966104,-0.0018197724713185925,68.18350356615159,1,0
545,1.556268888051701,-0.005753973712493532,66.74888651231016,0,0
546,1.5382556557179454,-0.01157462728456038,56.1013099233272,0,0
547,1.5419118352650005,0.00237683478260875,58.82645290055803,0,0
548,1.5953271163965592,0.03464224082719913,70.08559646506767,0,0
549,1.6132512279939486,0.011235383272288013,71.27680762304351,0,0
550,1.6203851940191158,0.004422104816271144,75.70943815573374,0,0
551,1.63839829259151,0.011116553421298248,75.69943121261045,0,0
552,1.659710927251859,0.013008213422047943,76.81217293899006,0,0
