Date,Close,EMA 5,EMA 10,EMA 15,state,closePriceEMA5,closePriceEMA10,closePriceEMA15,sellSignal1EMA,sellSignal2EMA,buySignal1EMA,buySignal2EMA,exit_Signal_EMA
2017-01-03,1.0,1.0,1.0,1.0,NA,1.0,1.0,1.0,NA,NA,0,0,0
2017-01-04,0.998880827607,0.999626942536,0.99979651411,0.999860103451,NA,0.999253606624,0.999084127129,0.99902058714,NA,NA,0,0,0
2017-01-05,1.00396042422,1.00107143643,1.00055358868,1.00037264355,NA,1.00288589574,1.0034049506,1.00358644421,NA,NA,1,1,0
2017-01-06,1.01515286155,1.0057652448,1.00320800193,1.0022201708,NA,1.00933380507,1.01190666302,1.01290404157,NA,NA,0,0,0
2017-01-09,1.02445106856,1.01199385272,1.00707037768,1.00499903302,NA,1.01230957659,1.0172586656,1.01935527787,NA,NA,0,0,0
2017-01-10,1.02548431266,1.0164906727,1.01041836586,1.00755969297,NA,1.00884773486,1.01491060269,1.01779013175,NA,NA,0,0,0
2017-01-11,1.03099443359,1.02132525967,1.01415946908,1.01048903555,NA,1.00946728169,1.01659991848,1.02029254878,NA,NA,0,0,0
2017-01-12,1.02668968087,1.02311340007,1.01643768941,1.01251411622,NA,1.00349548819,1.01008619768,1.01400036249,NA,NA,0,0,0
2017-01-13,1.02488166422,1.02370282145,1.01797295756,1.01406005972,NA,1.00115154784,1.00678672907,1.01067156171,NA,NA,0,0,0
2017-01-17,1.03314676982,1.02685080424,1.02073183251,1.01644589848,NA,1.00613133432,1.01216278058,1.01643065447,0,NA,0,0,0
2017-01-18,1.03306070776,1.02892077208,1.02297344619,1.01852274964,NA,1.0040235709,1.00986072669,1.01427357232,0,NA,0,0,0
2017-01-19,1.03125275353,1.02969809923,1.0244787748,1.02011400013,NA,1.00150981565,1.00661212208,1.0109191261,0,NA,0,0,0
2017-01-20,1.03314676982,1.0308476561,1.0260547739,1.02174309634,NA,1.00223031377,1.00691190773,1.01116099881,0,NA,0,0,0
2017-01-23,1.03383555166,1.03184362128,1.02746946076,1.02325465325,NA,1.00193045761,1.00619589306,1.01034043517,0,NA,0,0,0
2017-01-24,1.0328885123,1.03219191829,1.02845474286,1.02445888564,NA,1.0006748687,1.00431109825,1.00822836991,0,0,0,0,0
2017-01-25,1.04933280413,1.0379055469,1.032250754,1.02756812545,NA,1.01100992018,1.01654835326,1.0211807647,0,0,0,0,0
2017-01-26,1.0498493905,1.0418868281,1.03545050609,1.03035328358,NA,1.00764244464,1.01390591277,1.0189217691,0,0,0,0,0
2017-01-27,1.04993545256,1.04456970292,1.03808413272,1.0328010547,NA,1.00513680382,1.01141653115,1.01659022111,0,0,0,0,0
2017-01-30,1.04718039656,1.04543993413,1.03973799887,1.03459847243,NA,1.00166481341,1.00715795488,1.01216116634,0,0,0,0,0
2017-01-31,1.04476979389,1.04521655405,1.04065287069,1.03586988762,NA,0.999572566889,1.00395609651,1.00859172216,0,0,0,0,0
2017-02-01,1.10848040165,1.06630450325,1.05298514905,1.04494620187,NA,1.03955333422,1.05270278754,1.06080140744,0,0,0,0,0
2017-02-02,1.10658639427,1.07973180026,1.06273083,1.05265122592,NA,1.02487154126,1.0412668599,1.05123745361,0,0,0,0,0
2017-02-03,1.11132166239,1.0902617543,1.0715655268,1.05998503048,NA,1.01931637793,1.03710098412,1.04843146878,0,0,0,0,0
2017-02-06,1.12173918448,1.10075423103,1.08068801001,1.06770429973,NA,1.01906415879,1.03798614779,1.05060847349,0,0,0,0,0
2017-02-07,1.13241502651,1.11130782952,1.0900929221,1.07579314058,NA,1.01899311462,1.03882430896,1.05263268913,0,0,0,0,0
2017-02-08,1.13680584129,1.11980716678,1.09858618014,1.08341972817,NA,1.01518000154,1.03478986159,1.04927555936,0,0,0,0,0
2017-02-09,1.14502046535,1.12821159964,1.10702877745,1.09111982031,NA,1.01489868188,1.03431860913,1.04939938221,0,0,0,0,0
2017-02-10,1.14242644911,1.13294988279,1.11346471775,1.09753314891,NA,1.0083645062,1.02601046167,1.04090382166,0,0,0,0,0
2017-02-13,1.15254318648,1.13948098402,1.12056989388,1.10440940361,NA,1.01146329131,1.02853306409,1.04358327873,0,0,0,0,0
2017-02-14,1.16750234374,1.14882143726,1.12910306659,1.11229602113,NA,1.01626093131,1.03400865545,1.04963276104,0,0,0,0,0
2017-02-15,1.17173912786,1.15646066746,1.13685507773,1.11972640947,NA,1.01321139648,1.03068469395,1.04645127412,0,0,0,0,0
2017-02-16,1.17035599079,1.16109244191,1.14294615283,1.12605510713,NA,1.00797830436,1.02398174043,1.03934166577,0,0,0,0,0
2017-02-17,1.17355524153,1.16524670845,1.14851144168,1.13199262393,NA,1.0071302781,1.02180544219,1.03671633253,0,0,0,0,0
2017-02-21,1.18202908619,1.17084083436,1.15460555887,1.13824718172,NA,1.00955574106,1.02375142499,1.03846432056,0,0,0,0,0
2017-02-22,1.18557435974,1.17575200949,1.16023624993,1.14416307897,NA,1.00835410033,1.02183875034,1.03619351256,0,0,0,0,0
2017-02-23,1.18055912909,1.17735438269,1.16393131887,1.14871258523,NA,1.00272198961,1.01428590326,1.02772368325,0,0,0,0,0
2017-02-24,1.18168319715,1.17879732084,1.1671589331,1.15283391172,NA,1.00244815309,1.01244411848,1.02502466759,0,0,0,0,0
2017-02-27,1.18401786795,1.18053750321,1.17022419399,1.15673190625,NA,1.00294811874,1.01178720628,1.02358883813,0,0,0,0,0
2017-02-28,1.18453683528,1.1818706139,1.1728264924,1.16020752238,NA,1.00225593339,1.00998471893,1.02096979414,0,0,0,0,0
2017-03-01,1.20874788246,1.19082970342,1.17935765423,1.16627506739,NA,1.01504680223,1.02492053884,1.03641749383,0,0,0,0,0
2017-03-02,1.20157105037,1.1944101524,1.18339645353,1.17068706526,NA,1.00599534252,1.01535799502,1.02638107657,0,0,0,0,0
2017-03-03,1.20866148154,1.19916059545,1.18799009499,1.1754338673,NA,1.0079229472,1.0174003021,1.02826838256,0,0,0,0,0
2017-03-06,1.20485685363,1.20105934818,1.19105677837,1.17911174059,NA,1.00316179668,1.01158641259,1.02183432847,0,0,0,0,0
2017-03-07,1.20641334542,1.20284401392,1.19384888147,1.18252444119,NA,1.00296741012,1.01052433364,1.02020161562,0,0,0,0,0
2017-03-08,1.20191693942,1.20253498909,1.1953158011,1.18494850347,NA,0.999486044336,1.0055225057,1.01431997753,0,0,0,0,0
2017-03-09,1.19914984489,1.20140660769,1.19601289997,1.18672367115,NA,0.998121566184,1.00262283535,1.01047099173,0,0,0,0,0
2017-03-10,1.20312755108,1.20198025549,1.1973064729,1.18877415614,NA,1.00095450453,1.00486181133,1.01207411422,0,0,0,0,0
2017-03-13,1.20364624197,1.20253558431,1.19845915819,1.19063316687,NA,1.0009235965,1.00432812729,1.01092954191,0,0,0,0,0
2017-03-14,1.2018305385,1.20230056904,1.19907213642,1.19203283832,short,0.999609057372,1.00230044715,1.00821932069,1,0,0,0,0
2017-03-15,1.2145414348,1.20638085763,1.20188473613,1.19484641288,short,1.00676451149,1.01053070922,1.0164833084,0,0,0,0,0
2017-03-16,1.21653008279,1.20976393268,1.20454752643,1.19755687162,exit,1.00559295076,1.00994776553,1.01584326525,0,0,0,0,0
2017-03-17,1.21047745253,1.21000177263,1.20562569481,1.19917194423,exit,1.00039312331,1.00402426536,1.00942776251,0,0,0,0,0
2017-03-20,1.22318848259,1.21439734262,1.20881892895,1.20217401153,exit,1.00723909685,1.01188726723,1.01748039041,0,0,0,0,0
2017-03-21,1.20918044887,1.21265837803,1.20888465985,1.2030498162,exit,0.997131979434,1.00024467927,1.00509590924,0,0,0,0,0
2017-03-22,1.22284245978,1.21605307195,1.21142244165,1.20552389664,exit,1.00558313448,1.00942694946,1.01436600567,0,0,0,0,0
2017-03-23,1.21851886455,1.21687500282,1.21271270036,1.20714826763,exit,1.00135088791,1.00478774914,1.00941938718,0,0,0,0,0
2017-03-24,1.21609792659,1.21661597741,1.21332819604,1.208266975,exit,0.999574187065,1.00228275462,1.00648114344,0,0,0,0,0
2017-03-27,1.21817325194,1.21713506892,1.21420911529,1.20950525962,exit,1.00085297273,1.00326478907,1.00716656026,0,0,0,0,0
2017-03-28,1.24342195734,1.22589736506,1.21952054112,1.21374484683,exit,1.01429531768,1.01959902717,1.02445086427,0,0,0,0,0
2017-03-29,1.24618906079,1.23266126363,1.22436936288,1.21780037358,exit,1.0109744644,1.01782117274,1.02331144564,0,0,0,0,0
2017-03-30,1.24454616808,1.23662289845,1.22803787291,1.22114359789,exit,1.00640718334,1.01344282251,1.01916447028,0,0,0,0,0
2017-03-31,1.24221148836,1.23848576175,1.2306148939,1.2237770842,exit,1.00300829184,1.00942341468,1.01506353109,0,0,0,0,0
2017-04-03,1.2425573774,1.23984296697,1.23278625454,1.22612462085,exit,1.00218931793,1.00792604787,1.01340219116,0,0,0,0,0
2017-04-04,1.25180953484,1.24383182293,1.23624503278,1.2293352351,exit,1.00641381879,1.01259014326,1.01828166891,0,0,0,0,0
2017-04-05,1.24532434709,1.24432933098,1.2378958172,1.2313338741,exit,1.00079964048,1.00600093303,1.01136204671,0,0,0,0,0
2017-04-06,1.24221148836,1.24362338344,1.23868048468,1.23269357588,exit,0.998864692397,1.00285061702,1.00772123151,0,0,0,0,0
2017-04-07,1.23944452759,1.24223043149,1.23881940157,1.23353744484,exit,0.997757337262,1.00050461432,1.00478873403,0,0,0,0,0
2017-04-10,1.23797443672,1.24081176657,1.2386657716,1.23409206883,short,0.997713327742,0.999441871332,1.00314593051,1,0,0,0,0
2017-04-11,1.22465843969,1.23542732428,1.23611898398,1.23291286519,short,0.991283271488,0.990728607492,0.993304940093,0,0,0,0,0
2017-04-12,1.22612826304,1.2323276372,1.23430248926,1.23206478992,short,0.994969378295,0.993377453017,0.995181643913,0,0,0,0,0
2017-04-13,1.21964306637,1.22809944692,1.23163713965,1.23051207447,short,0.993114254245,0.990261682688,0.991167085369,0,0,0,0,0
2017-04-17,1.22638774224,1.2275288787,1.23068270376,1.22999653295,short,0.999070379141,0.996510098421,0.99706601555,0,1,0,0,0
2017-04-18,1.22094007895,1.22533261211,1.22891131743,1.2288644762,short,0.996415231978,0.993513577127,0.993551447373,0,0,0,0,0
2017-04-19,1.21644368187,1.22236963537,1.2266444746,1.22731187691,short,0.995152077306,0.991683985914,0.991144716156,0,0,0,0,0
2017-04-20,1.23166232725,1.22546719933,1.22755681145,1.2278556832,short,1.00505531925,1.00334446094,1.00310023736,0,0,0,0,0
2017-04-21,1.23019237015,1.22704225627,1.22803600394,1.22814776907,short,1.00256724156,1.00175594706,1.00166478427,0,0,0,0,0
2017-04-24,1.24203841007,1.2320409742,1.23058189596,1.22988409919,exit,1.00811453197,1.00930983476,1.00988248477,0,0,1,1,0
2017-04-25,1.24973406681,1.23793867174,1.23406410884,1.23236534515,exit,1.00952825478,1.01269784759,1.01409380889,0,0,0,0,0
2017-04-26,1.24238429912,1.23942054753,1.23557687071,1.23361771439,exit,1.00239123968,1.00550951428,1.00710640308,0,0,0,0,0
2017-04-27,1.24333542266,1.24072550591,1.23698751652,1.23483242793,exit,1.00210354082,1.00513174632,1.0068859503,0,0,0,0,0
2017-04-28,1.242124811,1.24119194094,1.23792157006,1.23574397581,exit,1.0007515921,1.00339540165,1.00516355759,0,0,0,0,0
2017-05-01,1.26746020267,1.24994802818,1.24329223054,1.23970850417,exit,1.01401032211,1.01943868991,1.02238566438,0,0,0,0,0
2017-05-02,1.27550201598,1.25846602411,1.24914855516,1.24418269314,exit,1.0135371091,1.02109713909,1.02517260769,0,0,0,0,0
2017-05-03,1.27161085339,1.26284763387,1.25323260938,1.24761121317,exit,1.00693925322,1.01466467108,1.01923647364,0,0,0,0,0
2017-05-04,1.26702790379,1.26424105718,1.25574084473,1.2500382995,exit,1.00220436332,1.00898836659,1.013591267,0,0,0,0,0
2017-05-05,1.28803996775,1.27217402737,1.26161341255,1.25478850803,exit,1.01247151729,1.02094663463,1.02649965274,0,0,0,0,0
2017-05-08,1.32305966416,1.2891359063,1.2727854583,1.26332240255,exit,1.02631511363,1.03949935594,1.04728584049,0,0,0,0,0
2017-05-09,1.33153364258,1.30326848506,1.28346694635,1.27184880755,exit,1.02168790073,1.03745066935,1.04692761803,0,0,0,0,0
2017-05-10,1.32522153311,1.31058616774,1.2910586894,1.27852039825,exit,1.01116703787,1.02646110823,1.03652748515,0,0,0,0,0
2017-05-11,1.33668235815,1.31928489788,1.2993539019,1.28579064324,exit,1.01318703814,1.02872847513,1.03958009431,0,0,0,0,0
2017-05-12,1.35535008483,1.33130662686,1.30953502607,1.29448557343,exit,1.01806004528,1.03498574521,1.04701830027,0,0,0,0,0
2017-05-15,1.35187719402,1.33816348258,1.31723360206,1.30165952601,exit,1.01024815847,1.02630026436,1.03857972611,0,0,0,0,0
2017-05-16,1.34987996746,1.34206897754,1.32316930486,1.30768708119,exit,1.00582011063,1.02018688198,1.03226527728,0,0,0,0,0
2017-05-17,1.30455699008,1.32956498172,1.31978524763,1.3072958198,exit,0.981190846645,0.988461564054,0.997904965598,0,0,0,0,0
2017-05-18,1.32443994765,1.32785663703,1.32063155672,1.30943883578,exit,0.997426913954,1.0028837649,1.01145613789,0,0,0,0,0
2017-05-19,1.3289548573,1.32822271045,1.3221448841,1.31187833847,short,1.00055122295,1.00515070117,1.0130168464,1,0,0,0,0
2017-05-22,1.33702987909,1.33115843333,1.32485124682,1.31502228105,short,1.00441077907,1.00919245258,1.01673553244,0,0,0,0,0
2017-05-23,1.33538017346,1.33256568004,1.32676559712,1.3175670176,short,1.00211208608,1.00649291507,1.0135197342,0,0,0,0,0
2017-05-24,1.33138600571,1.33217245526,1.32760567141,1.31929439111,short,0.99940964884,1.00284748279,1.00916521337,0,0,0,0,0
2017-05-25,1.33598772649,1.33344421234,1.32912968142,1.32138105804,short,1.00190747699,1.0051598013,1.01105409251,0,0,0,0,0
2017-05-26,1.33373033408,1.33353958625,1.32996616373,1.32292471754,exit,1.00014303875,1.00283027528,1.00816797539,0,1,0,0,0
2017-05-30,1.3342513435,1.33377683867,1.33074528732,1.32434054579,exit,1.00035576029,1.00263465609,1.00748357192,0,0,0,0,0
2017-05-31,1.32635008664,1.33130125466,1.32994615992,1.32459173839,exit,0.996280955942,0.997296076041,1.0013274643,0,0,0,0,0
2017-06-01,1.32999674238,1.33086641723,1.32995535673,1.32526736389,exit,0.999346534826,1.00003111807,1.00356862216,0,0,0,0,0
2017-06-02,1.34970634521,1.33714639322,1.33354644555,1.32832223656,exit,1.00939310165,1.01211798788,1.01609858517,0,0,0,0,0
2017-06-05,1.33650873591,1.33693384078,1.33408504379,1.32934554897,exit,0.999682029981,1.00181674483,1.00538850635,0,0,0,0,0
2017-06-06,1.34102377932,1.33829715363,1.33534663207,1.33080532777,exit,1.00203738436,1.00425144087,1.00767839694,0,0,0,0,0
2017-06-07,1.34901184731,1.34186871819,1.33783121666,1.33308114271,exit,1.00532326972,1.00835728043,1.01195028876,0,0,0,0,0
2017-06-08,1.34571244498,1.34314996045,1.33926416726,1.33466005549,exit,1.00190781715,1.00481479149,1.00828105212,0,0,0,0,0
2017-06-09,1.29352995314,1.32660995802,1.3309488556,1.3295187927,short,0.975064257076,0.971885544433,0.972930928276,1,0,0,0,0
2017-06-12,1.26262021724,1.30528004442,1.31852546681,1.32115647077,short,0.967317490707,0.957600174607,0.955693171233,0,1,0,0,1
2017-06-13,1.27277873275,1.29444627387,1.3102078788,1.31510925352,short,0.983261150691,0.971432666025,0.967812164159,0,0,0,0,1
2017-06-14,1.26036256623,1.28308503799,1.3011450947,1.30826591761,short,0.982290751523,0.968656432991,0.963384086731,0,0,0,0,1
2017-06-15,1.25280855386,1.27299287661,1.29235663273,1.30133374714,short,0.984144198196,0.969398478824,0.962711185059,0,0,0,0,1
2017-06-16,1.23527020112,1.26041865145,1.28197728153,1.29307580388,short,0.980047541899,0.963566374316,0.955296044829,0,0,0,0,1
2017-06-19,1.27060816039,1.26381515443,1.27991016859,1.29026734845,short,1.00537499961,0.992732296037,0.984763477054,0,0,0,0,0
2017-06-20,1.25906011402,1.26223014096,1.27611924958,1.28636644414,short,0.997488550754,0.986632020823,0.978772510551,0,0,0,0,0
2017-06-21,1.26652717259,1.26366248484,1.27437523558,1.2838865352,short,1.00226697222,0.993841638811,0.986479052367,0,0,0,0,0
2017-06-22,1.26444354511,1.26392283826,1.27256947368,1.28145616144,short,1.00041197677,0.993614550142,0.986723996623,0,0,0,0,0
2017-06-23,1.27008728473,1.26597765375,1.2721181666,1.28003505185,exit,1.00324621131,0.998403543066,0.992228519752,0,0,0,0,0
2017-06-26,1.26609311697,1.26601614149,1.27102270303,1.27829230999,exit,1.00006080134,0.9961215594,0.990456648356,0,0,0,0,0
2017-06-27,1.24794653348,1.25999293882,1.26682703584,1.27449908793,exit,0.990439307261,0.985096227169,0.979166282111,0,0,0,0,0
2017-06-28,1.26618006186,1.26205531317,1.2667094042,1.27345920967,exit,1.00326827885,0.999582112247,0.994283956836,0,0,0,0,0
2017-06-29,1.24751233518,1.25720765384,1.26321902802,1.27021585036,exit,0.992288212193,0.987566136602,0.982126254236,0,0,0,0,0
2017-06-30,1.25046449302,1.25495993356,1.26090002165,1.26774693069,short,0.996417861297,0.991723746165,0.986367596516,1,0,0,0,0
2017-07-03,1.24594958336,1.2519564835,1.25818176015,1.26502226227,short,0.995201989675,0.990277893726,0.984923048804,0,0,0,0,0
2017-07-05,1.25107217088,1.25166171262,1.25688910755,1.26327850085,short,0.999528992747,0.99537195713,0.990337578007,0,0,0,0,0
2017-07-06,1.23926395867,1.24752912797,1.25368453503,1.26027668308,short,0.993374768478,0.988497444168,0.983326895839,0,1,0,0,0
2017-07-07,1.25185362259,1.24897062618,1.25335164186,1.25922380052,short,1.00230829801,0.998804789319,0.994147046836,0,0,0,0,0
2017-07-10,1.2594943034,1.25247851859,1.25446848941,1.25925761338,short,1.00560152107,1.0040063294,1.00018795997,0,0,0,0,0
2017-07-11,1.26357515744,1.2561773982,1.25612424723,1.25979730638,exit,1.00588910392,1.00593166657,1.00299877689,0,0,1,0,0
2017-07-12,1.26539861907,1.25925113849,1.25781049666,1.26049747047,exit,1.00488185429,1.00603280258,1.00388826532,0,0,0,0,0
2017-07-13,1.28302419314,1.26717549004,1.26239480511,1.2633133108,exit,1.01250710989,1.01634147095,1.01560252882,0,0,0,0,0
2017-07-14,1.29405095364,1.27613397791,1.26815046848,1.26715551616,exit,1.01404004285,1.02042382652,1.02122504866,0,0,0,1,0
2017-07-17,1.29856572953,1.28361122845,1.27368051594,1.27108179283,exit,1.0116503352,1.01953803429,1.0216224769,0,0,0,0,0
2017-07-18,1.30308104939,1.29010116876,1.27902606748,1.2750816999,exit,1.01006113392,1.01880726478,1.02195886702,0,0,0,0,0
2017-07-19,1.3112424721,1.29714826988,1.28488359559,1.27960179643,exit,1.01086552906,1.02051460272,1.02472697035,0,0,0,0,0
2017-07-20,1.30533843288,1.29987832421,1.28860265692,1.28281887598,exit,1.00420047674,1.01298753799,1.01755474394,0,0,0,0,0
2017-07-21,1.30473088877,1.30149584573,1.29153506271,1.28555787758,exit,1.00248563455,1.0102171644,1.01491415636,0,0,0,0,0
2017-07-24,1.32053285854,1.30784151667,1.29680738922,1.2899297502,exit,1.00970403654,1.01829529158,1.02372463177,0,0,0,0,0
2017-07-25,1.32617659815,1.31395321049,1.30214724539,1.29446060619,exit,1.00930275718,1.01845363713,1.02450131878,0,0,0,0,0
2017-07-26,1.33242829207,1.32011157102,1.30765289024,1.29920656693,exit,1.00933006067,1.01894646662,1.02557077988,0,0,0,0,0
2017-07-27,1.30724857187,1.31582390464,1.30757937781,1.30021181755,exit,0.993482917632,0.999747008902,1.00541200613,0,0,0,0,0
2017-07-28,1.29804499656,1.30989760194,1.30584585395,1.29994096492,exit,0.990951502339,0.994026203501,0.998541496562,0,0,0,0,0
2017-07-31,1.2913592381,1.30371814733,1.30321192379,1.29886824907,exit,0.990520259878,0.990905020529,0.994218804736,0,0,0,0,0
2017-08-01,1.30282047334,1.30341892267,1.30314075098,1.2993622771,short,0.999540861871,0.999754226362,1.00266145654,1,0,0,0,0
2017-08-02,1.36437990413,1.32373924982,1.31427514246,1.30748948048,short,1.03070140461,1.03812349488,1.04351119034,0,0,0,0,0
2017-08-03,1.35074836405,1.3327422879,1.3209066373,1.31289684093,exit,1.01351054613,1.02259185162,1.02883053866,0,0,0,0,0
2017-08-04,1.3578679106,1.34111749547,1.32762686881,1.31851822464,exit,1.01248989383,1.02277826888,1.0298438696,0,0,0,0,0
2017-08-07,1.37887996565,1.35370498553,1.33694561369,1.32606344226,exit,1.01859709493,1.03136578746,1.03982955996,0,0,0,0,0
2017-08-08,1.38990673507,1.36577223537,1.34657490848,1.33404385386,exit,1.01767095499,1.03217929156,1.0418748462,0,0,0,0,0
2017-08-09,1.39841554495,1.37665333857,1.35600047875,1.34209031525,exit,1.01580805115,1.0312795363,1.04196828564,0,0,0,0,0
2017-08-10,1.35387346641,1.36906004785,1.35561374923,1.34356320915,exit,0.988907293391,0.998716239911,1.00767381631,0,0,0,0,0
2017-08-11,1.37270147486,1.37027385685,1.35872060844,1.34720549236,exit,1.00177162981,1.01028972869,1.018925088,0,0,0,0,0
2017-08-14,1.39336016806,1.37796929392,1.36501871019,1.35297482682,exit,1.01116924318,1.0207626882,1.02984929242,0,0,0,0,0
2017-08-15,1.40861405511,1.38818421432,1.37294513654,1.35992973036,exit,1.01471695225,1.02597985718,1.03579914731,0,0,0,0,0
2017-08-16,1.4029484143,1.39310561431,1.37840027795,1.36530706585,exit,1.00706536524,1.0178091493,1.02756987742,0,0,0,0,0
2017-08-17,1.37601394122,1.38740838995,1.37796639854,1.36664542527,exit,0.991787242449,0.998583087854,1.00685511821,0,0,0,0,0
2017-08-18,1.37287578375,1.38256418788,1.37704083222,1.36742422008,exit,0.992992438098,0.996975363135,1.00398673915,0,0,0,0,0
2017-08-21,1.37034802397,1.37849213324,1.37582395799,1.36778969557,exit,0.994092016138,0.99601988758,1.00187041064,0,0,0,0,0
2017-08-22,1.39274976147,1.38324467598,1.3789013768,1.3709097038,short,1.00687158653,1.01004305666,1.01593106942,1,0,0,0,0
2017-08-23,1.39449308221,1.38699414472,1.38173623233,1.3738576261,short,1.00540661077,1.00923247837,1.01502008338,0,0,0,0,0
2017-08-24,1.38830424721,1.38743084555,1.38293041685,1.37566345374,short,1.00062951005,1.00388582845,1.0091888706,0,0,0,0,0
2017-08-25,1.39344697919,1.38943622343,1.3848425191,1.37788639442,short,1.00288660659,1.00621331305,1.01129308253,0,0,0,0,0
2017-08-28,1.40748087344,1.39545110677,1.38895858352,1.3815857043,exit,1.00862070094,1.01333537957,1.01874307838,0,0,0,0,0
2017-08-29,1.42003297717,1.40364506357,1.39460847328,1.38639161341,exit,1.01167525468,1.01823056749,1.02426541205,0,0,0,0,0
2017-08-30,1.42386849503,1.41038620739,1.39992847723,1.39107622361,exit,1.00955928778,1.01710088636,1.02357331026,0,0,0,0,0
2017-08-31,1.42953413584,1.41676885021,1.40531132425,1.39588346264,exit,1.00901013996,1.01723661595,1.02410707921,0,0,0,0,0
2017-09-01,1.42996996603,1.42116922215,1.40979471367,1.40014427556,exit,1.00619260799,1.01431077317,1.02130186937,0,0,0,0,0
2017-09-05,1.41279804807,1.41837883079,1.41034077447,1.40172599713,exit,0.996065379293,1.00174232614,1.00789886965,0,0,0,0,0
2017-09-06,1.4113163913,1.41602468429,1.41051815935,1.4029247964,exit,0.996674992293,1.00056591399,1.00598150017,0,0,0,0,0
2017-09-07,1.40565047405,1.41256661421,1.40963312566,1.40326550611,exit,0.995103848492,0.997174689265,1.00169958425,0,0,0,0,0
2017-09-08,1.38272568504,1.40261963782,1.40474086373,1.40069802847,short,0.98581657333,0.984327943146,0.987169009263,1,0,0,0,0
2017-09-11,1.40774253742,1.40432727102,1.40528662258,1.40157859209,short,1.00243195903,1.00174762557,1.00439785921,0,0,0,0,0
2017-09-12,1.40216369881,1.40360608028,1.40471881826,1.40165173043,short,0.998972374449,0.998181045621,1.00036526076,0,0,0,0,0
2017-09-13,1.39161644604,1.39960953554,1.40233656876,1.40039731988,short,0.994289057558,0.992355527935,0.993729726757,0,0,0,0,0
2017-09-14,1.37967474891,1.39296460666,1.39821623788,1.39780699851,short,0.990459299763,0.986739183488,0.98702807353,0,1,0,0,0
2017-09-15,1.39362142184,1.39318354505,1.39738081678,1.39728380143,short,1.00031429942,0.997309684733,0.99737892933,0,0,0,0,0
2017-09-18,1.38307416014,1.38981375008,1.39477960648,1.39550759627,short,0.995150724377,0.991607673151,0.991090384491,0,0,0,0,0
2017-09-19,1.38359721165,1.38774157061,1.39274644379,1.39401879819,short,0.997013594577,0.993430798424,0.9925240703,0,0,0,0,0
2017-09-20,1.36041103511,1.37863139211,1.38686727857,1.3898178278,short,0.986783735593,0.980923738073,0.978841260986,0,0,0,0,1
2017-09-21,1.33705029107,1.36477102509,1.37780964448,1.38322188571,short,0.979688362726,0.970417282551,0.966620254408,0,0,0,0,1
2017-09-22,1.32397526959,1.35117243993,1.36802157632,1.3758160587,short,0.979871429041,0.967802915181,0.962319970917,0,0,0,0,1
2017-09-25,1.31229482623,1.33821323536,1.35788943994,1.36787590464,short,0.980632078324,0.966422440322,0.959366870769,0,0,0,0,1
2017-09-26,1.33487100638,1.33709915904,1.3537042702,1.36375029236,short,0.998333592062,0.986087608473,0.978823626191,0,0,0,0,1
2017-09-27,1.3443724415,1.33952358652,1.35200757407,1.361328061,short,1.00361983546,0.994352744227,0.987544795418,0,0,0,0,0
2017-09-28,1.33609154314,1.33837957206,1.34911375027,1.35817349627,short,0.998290448411,0.990347584013,0.98374143422,0,0,0,0,0
2017-09-29,1.34341328336,1.34005747583,1.34807730174,1.35632846965,short,1.00250422657,0.996540244115,0.990477832928,0,0,0,0,0
2017-10-02,1.34071136628,1.34027543931,1.34673804075,1.35437633173,short,1.00032525178,0.995524983864,0.989910510743,0,0,0,0,0
2017-10-03,1.34655131598,1.3423673982,1.34670409079,1.35339820476,exit,1.00311682017,0.999886556513,0.994940965077,0,0,0,0,0
2017-10-04,1.33783473012,1.34085650884,1.34509147976,1.35145277043,exit,0.997746381731,0.994605014044,0.989923406415,0,0,0,0,0
2017-10-05,1.3544834628,1.34539882683,1.34679911304,1.35183160698,exit,1.00675237394,1.00570563916,1.00196167615,0,0,0,0,0
2017-10-06,1.35369902376,1.34816555914,1.34805364226,1.35206503408,exit,1.00410443998,1.00418780182,1.00120851412,0,0,1,0,0
2017-10-09,1.35840605931,1.3515790592,1.34993589991,1.35285766223,exit,1.00505112895,1.00627449007,1.00410124231,0,0,0,0,0
2017-10-10,1.35892897706,1.35402903182,1.35157100484,1.35361657658,exit,1.00361878891,1.00544401455,1.00392459768,0,0,0,0,0
2017-10-11,1.36459502807,1.35755103057,1.35393900907,1.35498888302,exit,1.00518875338,1.00787038333,1.00708946411,0,0,0,0,0
2017-10-12,1.35980062851,1.35830089655,1.35500475806,1.35559035121,exit,1.00110412352,1.00353937536,1.00310586255,0,0,0,0,0
2017-10-13,1.36843013573,1.36167730961,1.35744573582,1.35719532427,exit,1.00495919707,1.00809196245,1.0082779621,0,0,0,1,0
2017-10-16,1.39362142184,1.37232534702,1.36402313327,1.36174858647,exit,1.01551824053,1.02169925703,1.02340581491,0,0,0,0,0
2017-10-17,1.39876428757,1.3811383272,1.37033970678,1.36637554911,exit,1.01276190808,1.0207427258,1.02370412621,0,0,0,0,0
2017-10-18,1.39257546149,1.3849507053,1.37438257128,1.36965053815,exit,1.00550543508,1.01323713688,1.01673779019,0,0,0,0,0
2017-10-19,1.3596264623,1.37650929097,1.37169964237,1.36839752867,exit,0.987735041982,0.991198379225,0.993590264388,0,0,0,0,0
2017-10-20,1.36197977944,1.37166612046,1.36993239457,1.36759531002,exit,0.992938266189,0.994194884974,0.995893865283,0,0,0,0,0
2017-10-23,1.36128242796,1.36820488962,1.36835967336,1.36680619976,exit,0.994940478783,0.994827934829,0.995958628366,0,0,0,0,0
2017-10-24,1.36938915119,1.36859964348,1.36854685115,1.36712906869,short,1.00057687265,1.00061547037,1.00165315957,1,0,1,0,0
2017-10-25,1.36337462508,1.36685797068,1.36760644641,1.36665976324,short,0.997451567263,0.996905673162,0.997596228229,0,0,0,0,0
2017-10-26,1.37209106827,1.36860233654,1.3684218322,1.36733867637,short,1.0025491201,1.00268136329,1.0034756509,0,0,1,0,0
2017-10-27,1.42125338016,1.38615268441,1.37802756819,1.37407801434,short,1.02532238774,1.03136788622,1.03433237802,0,0,0,0,0
2017-10-30,1.45324363142,1.40851633342,1.39170321605,1.38397371648,exit,1.03175490191,1.04421949641,1.0500514671,0,0,0,0,0
2017-10-31,1.47346621799,1.43016629494,1.40656921641,1.39516027917,exit,1.03027614565,1.047560405,1.05612684076,0,0,0,0,0
2017-11-01,1.45472542195,1.43835267061,1.41532489014,1.40260592201,exit,1.0113829881,1.02783850696,1.03715904739,0,0,0,0,0
2017-11-02,1.4653597712,1.44735503747,1.42442214124,1.41045015316,exit,1.01243974924,1.0287398158,1.03893056264,0,0,0,0,0
2017-11-03,1.50362580234,1.4661119591,1.4388228069,1.42209710931,exit,1.02558729776,1.04503889925,1.0573299056,0,0,0,0,0
2017-11-06,1.51887995691,1.4837012917,1.45337865235,1.43419496526,exit,1.02371007251,1.04506829961,1.05904705685,0,0,0,0,0
2017-11-07,1.52376144403,1.49705467581,1.46617552357,1.44539077511,exit,1.01783954097,1.03927628005,1.05422109389,0,0,0,0,0
2017-11-08,1.53622618376,1.51011184513,1.47891200724,1.45674520119,exit,1.01729298311,1.03875428439,1.05456066202,0,0,0,0,0
2017-11-09,1.53308829381,1.51777066136,1.48876224116,1.46628808777,exit,1.01009219169,1.02977376201,1.04555735439,0,0,0,0,0
2017-11-10,1.52801427951,1.52118520074,1.49589897541,1.47400386173,exit,1.00448931449,1.02146889906,1.03664197848,0,0,0,0,0
2017-11-13,1.52189076464,1.52142038871,1.50062475527,1.4799897246,exit,1.00030916894,1.01417143713,1.02831171011,0,0,0,0,0
2017-11-14,1.49888338245,1.51390805329,1.50030814203,1.48235143183,exit,0.99007557242,0.999050355365,1.01115251773,0,0,0,0,0
2017-11-15,1.47911295386,1.50230968681,1.49645447145,1.48194662208,exit,0.984559286841,0.988411596932,0.998087874302,0,0,0,0,0
2017-11-16,1.49678410489,1.50046782617,1.4965144048,1.48380130743,short,0.997544951503,1.00018021884,1.0087496873,1,0,0,0,0
2017-11-17,1.48847341342,1.49646968859,1.49505240637,1.48438532068,short,0.994656573915,0.995599490075,1.00275406438,0,0,0,0,0
2017-11-20,1.48698618326,1.49330852015,1.49358582035,1.4847104285,short,0.995766221917,0.995581347253,1.00153279368,0,0,0,0,0
2017-11-21,1.51462984125,1.50041562718,1.49741200597,1.4884503551,short,1.00947351774,1.01149839537,1.01758841742,0,0,1,0,0
2017-11-22,1.53055128666,1.51046084701,1.50343732973,1.49371297154,short,1.01330086754,1.01803464394,1.0246622449,0,1,0,0,0
2017-11-24,1.53063891819,1.51718687073,1.50838307309,1.49832871487,exit,1.00886644072,1.01475476986,1.02156416212,0,0,0,0,0
2017-11-27,1.52294039896,1.51910471348,1.51102985961,1.50140517538,exit,1.00252496451,1.0078823984,1.01434337908,0,0,0,0,0
2017-11-28,1.514017669,1.51740903198,1.51157309768,1.50298173709,exit,0.997765030449,1.00161723659,1.00734269196,0,0,0,0,0
2017-11-29,1.48261224025,1.50581010141,1.50630748724,1.50043554998,exit,0.984594431174,0.984269316067,0.988121242708,0,0,0,0,0
2017-11-30,1.50334495699,1.5049883866,1.50576884537,1.50079922586,exit,0.998908011765,0.998390265282,1.0016962503,0,0,0,0,0
2017-12-01,1.49634650906,1.50210776075,1.50405569332,1.50024263626,short,0.996164555003,0.994874402394,0.99740300195,1,0,0,0,0
2017-12-04,1.48541172287,1.49654241479,1.50066588051,1.49838877208,short,0.992562394614,0.989835073989,0.99133933098,0,0,0,0,0
2017-12-05,1.4840118478,1.49236555913,1.49763787456,1.49659165655,short,0.99440236926,0.990901654535,0.991594361297,0,0,0,0,0
2017-12-06,1.47850078162,1.48774396662,1.49415840312,1.49433029718,short,0.993787113097,0.989520775397,0.989406949993,0,0,0,0,1
2017-12-07,1.4812126327,1.48556685532,1.49180462668,1.49269058912,short,0.997068982391,0.992899878588,0.992310558866,0,1,0,0,0
2017-12-08,1.48164982726,1.4842611793,1.48995829951,1.49131049389,short,0.998240638456,0.994423688061,0.993522028664,0,0,0,0,0
2017-12-11,1.51051838261,1.4930135804,1.49369649644,1.49371147998,short,1.01172447621,1.01126191714,1.01125177309,0,0,0,0,0
2017-12-12,1.50203283829,1.4960199997,1.49521219496,1.49475164977,exit,1.0040192234,1.00456165577,1.00487116942,0,0,1,1,0
2017-12-13,1.50701908731,1.49968636224,1.49735890266,1.49628507946,exit,1.00488950574,1.00645148243,1.00717377189,0,0,0,0,0
2017-12-14,1.50658162524,1.50198478324,1.49903576131,1.49757214768,exit,1.0030605117,1.00503381182,1.00601605577,0,0,0,0,0
2017-12-15,1.52189076464,1.50862011037,1.50319121646,1.5006119748,exit,1.00879655135,1.01243989985,1.01418007466,0,0,0,0,0
2017-12-18,1.54332327623,1.52018783232,1.5104879546,1.50595088748,exit,1.01521880613,1.02173822144,1.02481647248,0,0,0,0,0
2017-12-19,1.52687714742,1.52241760402,1.51346780784,1.50856666997,exit,1.00292925107,1.00886000978,1.01213766538,0,0,0,0,0
2017-12-20,1.52521506441,1.52335009082,1.51560367267,1.51064771928,exit,1.00122425804,1.00634162606,1.00964311199,0,0,0,0,0
2017-12-21,1.53098861497,1.52589626554,1.51840093491,1.51319033124,exit,1.00333728416,1.00829008977,1.0117620919,0,0,0,0,0
2017-12-22,1.53098861497,1.52759371535,1.52068960401,1.51541511671,exit,1.00222238386,1.00677259247,1.01027672094,0,0,0,0,0
2017-12-26,1.49214769534,1.51577837535,1.51550016607,1.51250668904,exit,0.984410201126,0.984590915094,0.986539567826,0,0,0,0,0
2017-12-27,1.49241002812,1.50798892627,1.51130195917,1.50999460642,short,0.989669089819,0.987499565565,0.988354542309,1,0,0,0,0
2017-12-28,1.4966091272,1.50419565991,1.50863053517,1.50832142152,short,0.994956418957,0.992031575857,0.992234881667,0,0,0,0,0
2017-12-29,1.48042534008,1.49627221997,1.50350231789,1.50483441134,short,0.989409093029,0.98465118575,0.983779563339,0,0,0,0,0
2018-01-02,1.50693159846,1.49982534613,1.50412582344,1.50509655973,short,1.00473805323,1.00186538584,1.00121921661,0,0,0,0,0
2018-01-03,1.506669123,1.50210660509,1.50458824155,1.50529313014,short,1.00303741285,1.00138302387,1.00091410293,0,1,0,0,0
2018-01-04,1.51366769578,1.50596030198,1.50623905141,1.50633995084,short,1.00511792627,1.00493191593,1.0048646024,0,0,0,0,0
2018-01-05,1.53090125989,1.51427395462,1.51072308931,1.50941011447,short,1.0109803812,1.01335663082,1.01423810879,0,0,1,1,0
2018-01-08,1.52521506441,1.51792099122,1.51335799388,1.51138573322,exit,1.00480530491,1.00783494096,1.0091501004,0,0,0,0,0
2018-01-09,1.5250400778,1.52029402008,1.51548200914,1.51309252629,exit,1.00312180253,1.00630694961,1.00789611429,0,0,0,0,0
2018-01-10,1.52469011349,1.52175938455,1.51715620993,1.51454222469,exit,1.00192588196,1.0049658061,1.00670030101,0,0,0,0,0
2018-01-11,1.53335063551,1.52562313487,1.52010065094,1.51689327604,exit,1.00506514385,1.00871651792,1.01084938521,0,0,0,0,0
2018-01-12,1.54918459208,1.53347695394,1.52538864024,1.52092969055,exit,1.0102431524,1.01559992726,1.01857738836,0,0,0,0,0
2018-01-16,1.54131149644,1.53608846811,1.528283705,1.52347741628,exit,1.00340021323,1.00852445877,1.01170616641,0,0,0,0,0
2018-01-17,1.5667681205,1.5463150189,1.53528087146,1.52888875431,exit,1.01322699537,1.0205091131,1.02477575041,0,0,0,0,0
2018-01-18,1.56816772804,1.55359925528,1.54126029993,1.53379862603,exit,1.00937723979,1.01745806865,1.02240783205,0,0,0,0,0
2018-01-19,1.56116942279,1.55612264445,1.54488014045,1.53721997562,exit,1.00324317518,1.01054404281,1.01557971374,0,0,0,0,0
2018-01-22,1.54839729054,1.55354752648,1.54551962228,1.53861713999,exit,0.996684854596,1.00186194223,1.00635645496,0,0,0,0,0
2018-01-23,1.54874713001,1.55194739432,1.54610644187,1.53988338874,exit,0.997937904126,1.00170796011,1.00575611201,0,0,0,0,0
2018-01-24,1.52407766481,1.54265748448,1.54210120968,1.53790767325,exit,0.987955965686,0.988312346326,0.991007257014,0,0,0,0,0
2018-01-25,1.49687132622,1.52739543173,1.5338775945,1.53277812987,short,0.980015584126,0.975874040785,0.976574037068,1,0,0,0,0
2018-01-26,1.50037047884,1.5183871141,1.52778539165,1.52872717349,short,0.988134359749,0.98205578286,0.981450781317,0,0,0,0,0
2018-01-29,1.46931515708,1.50202979509,1.51715443991,1.52130067144,short,0.978219714335,0.968467756758,0.965828244648,0,0,0,0,1
2018-01-30,1.46065476882,1.48823811967,1.50688177244,1.51371993361,short,0.98146576782,0.969322740199,0.964943868668,0,1,0,0,1
2018-01-31,1.46467873861,1.48038499265,1.49920849356,1.50758978424,short,0.989390426058,0.97696801005,0.971536656669,0,0,0,0,1
2018-02-01,1.46774057184,1.47617018571,1.49348705325,1.50260863269,short,0.994289537917,0.982760827183,0.97679498168,0,0,0,0,1
2018-02-02,1.40405506663,1.45213181268,1.47722669204,1.49028943693,short,0.96689229887,0.950466894613,0.942135823979,0,0,0,0,1
2018-02-05,1.36897577508,1.42441313348,1.45754470714,1.4751252292,short,0.961080562162,0.939234157532,0.928040377848,0,0,0,0,1
2018-02-06,1.42618738199,1.42500454965,1.4518433753,1.4690079983,short,1.00083005513,0.98232867695,0.970850658163,0,0,0,0,1
2018-02-07,1.39565687739,1.41522199223,1.4416276484,1.45983910818,short,0.986175232614,0.968111896948,0.956034722981,0,0,0,0,1
2018-02-08,1.35725328606,1.39589909018,1.42628685525,1.44701588042,short,0.972314758006,0.951599098784,0.937967097964,0,0,0,0,1
2018-02-09,1.37385452455,1.38855090163,1.41675370421,1.43787071093,short,0.989416032883,0.969720086464,0.955478482246,0,0,0,0,1
2018-02-12,1.42919165325,1.40209781884,1.41901514949,1.43678582872,short,1.0193237833,1.0071715258,0.994714469394,0,0,0,0,0
2018-02-13,1.44350897891,1.41590153886,1.42346857303,1.4376262225,short,1.01949813549,1.01407857277,1.00409199298,0,0,0,0,0
2018-02-14,1.47012341456,1.43397549743,1.43195127149,1.44168837151,exit,1.02520818326,1.0266574316,1.01972343234,0,0,1,0,0
2018-02-15,1.51948777745,1.46247959077,1.44786699984,1.45141329725,exit,1.03898050068,1.04946640653,1.04690220238,0,0,0,0,0
2018-02-16,1.51456888174,1.47984268776,1.45999461473,1.45930774531,exit,1.02346613884,1.03737977281,1.03786804847,0,0,0,1,0
2018-02-20,1.50947432168,1.48971989907,1.46899092509,1.46557856736,exit,1.01326049456,1.02755864308,1.02995114374,0,0,0,0,0
2018-02-21,1.50262310934,1.49402096916,1.47510586768,1.47020913511,exit,1.00575771047,1.01865441814,1.02204718598,0,0,0,0,0
2018-02-22,1.51518364004,1.50107519279,1.48239273538,1.47583094822,exit,1.00939889442,1.02212025455,1.02666476934,0,0,0,0,0
2018-02-23,1.54153464606,1.51456167721,1.49314581005,1.48404391045,exit,1.0178090924,1.0324073079,1.03873924161,0,0,0,0,0
2018-02-26,1.57201412516,1.53371249319,1.50748550371,1.49504018729,exit,1.02497314988,1.04280546731,1.05148619985,0,0,0,0,0
2018-02-27,1.56691969887,1.54478156175,1.51829172101,1.50402512624,exit,1.0143309175,1.03202808603,1.04181750127,0,0,0,0,0
2018-02-28,1.56454787808,1.55137033386,1.52670193139,1.51159047022,exit,1.00849413189,1.0247893488,1.03503422978,0,0,0,0,0
2018-03-01,1.53714288604,1.54662785125,1.52860028678,1.5147845222,exit,0.993867325478,1.00558851083,1.01476009526,0,0,0,0,0
2018-03-02,1.54777124278,1.54700898176,1.53208591514,1.51890786227,exit,1.00049273212,1.01023789037,1.0190027198,0,0,0,0,0
2018-03-05,1.55312923246,1.54904906533,1.53591197284,1.52318553354,exit,1.00263398186,1.01120979583,1.01965860249,0,0,0,0,0
2018-03-06,1.55181167413,1.54996993493,1.53880282762,1.52676380112,exit,1.00118824189,1.00845387485,1.0164058599,0,0,0,0,0
2018-03-07,1.53740644942,1.54578210643,1.53854894067,1.52809413216,short,0.994581605667,0.999257422874,1.00609407305,1,0,0,0,0
2018-03-08,1.5541832274,1.54858248009,1.54139153826,1.53135526906,short,1.00361669294,1.00829879289,1.01490702961,0,0,0,0,0
2018-03-09,1.5808855621,1.55935017409,1.54857226987,1.53754655569,short,1.01381048873,1.02086650579,1.02818711814,0,0,0,0,0
2018-03-12,1.5961691085,1.57162315223,1.55722624053,1.54487437479,exit,1.01561822008,1.02500784212,1.03320317467,0,0,0,0,0
2018-03-13,1.58079765413,1.57468131953,1.56151195209,1.54936478471,exit,1.00388417296,1.01235065925,1.02028758478,0,0,0,0,0
2018-03-14,1.56735865907,1.57224043271,1.56257498972,1.551614019,exit,0.99689502093,1.00306140146,1.01014726593,0,0,0,0,0
2018-03-15,1.56920321041,1.57122802528,1.56378012076,1.55381266793,exit,0.998711316987,1.00346793618,1.00990501802,0,0,0,0,0
2018-03-16,1.5636695564,1.56870853565,1.56376001815,1.55504477899,exit,0.996787816768,0.99994215113,1.00554632093,0,0,0,0,0
2018-03-19,1.53977813645,1.55906506925,1.55939967602,1.55313644867,exit,0.987629167518,0.987417247886,0.991399138027,0,0,0,0,0
2018-03-20,1.53925100076,1.55246037975,1.55573628052,1.55140076768,short,0.991491326178,0.989403551254,0.992168518171,1,0,0,0,0
2018-03-21,1.50437976163,1.53643350705,1.54639873163,1.54552314193,short,0.979137564191,0.972827855365,0.973378994349,0,0,0,0,1
2018-03-22,1.48312331566,1.51866344325,1.53489411054,1.53772316364,short,0.976597759202,0.96627077104,0.96449305748,0,0,0,0,1
2018-03-23,1.44877906954,1.49536865201,1.51923683036,1.52660515188,short,0.968844082421,0.95362292474,0.949020162652,0,1,0,0,1
2018-03-26,1.51755546083,1.50276425495,1.51893112681,1.5254739405,short,1.00984266549,0.99909431971,0.994809167524,0,0,0,0,1
2018-03-27,1.47864364767,1.49472405252,1.5116061306,1.51962015389,short,0.989241890616,0.978193735612,0.973035033708,0,0,0,0,0
2018-03-28,1.46230597257,1.48391802587,1.50264246551,1.51245588123,short,0.985435817258,0.973156293754,0.966842068398,0,0,0,0,1
2018-03-29,1.47372475195,1.4805202679,1.49738469941,1.50761449007,short,0.995410048688,0.984199152387,0.977520952246,0,0,0,0,0
2018-04-02,1.46406275862,1.47503443147,1.49132616472,1.50217052364,short,0.99256175136,0.981718683181,0.974631531894,0,0,0,0,1
2018-04-03,1.47908274163,1.47638386819,1.48910008779,1.49928455089,short,1.00182802962,0.993272885924,0.986525700378,0,0,0,0,0
2018-04-04,1.50736634072,1.48671135903,1.49242122469,1.50029477462,short,1.01389306778,1.01001400663,1.00471345113,0,0,0,0,0
2018-04-05,1.51781875669,1.49708049159,1.49703895778,1.50248527238,exit,1.01385247167,1.01388059997,1.01020541405,0,0,1,0,0
2018-04-06,1.47899511902,1.49105203406,1.49375825982,1.49954900321,exit,0.991913820062,0.990116780473,0.986293289422,0,0,0,0,0
2018-04-09,1.49366377336,1.49192261383,1.49374108047,1.49881334948,exit,1.00116705754,0.999948245978,0.996564231217,0,0,0,0,0
2018-04-10,1.52177143167,1.50187221978,1.49883750796,1.50168310975,exit,1.01324960382,1.01530114078,1.01337720441,0,0,1,0,0
2018-04-11,1.51465678079,1.50613374011,1.50171373938,1.50330481863,exit,1.00565888702,1.0086188473,1.00755133757,0,0,0,0,0
2018-04-12,1.52958887367,1.51395211796,1.50678194561,1.50659032551,exit,1.01032843477,1.01513618352,1.01526529659,0,0,0,1,0
2018-04-13,1.53477133277,1.52089185623,1.5118709251,1.51011295142,exit,1.00912587998,1.01514706533,1.01632883244,0,0,0,0,0
2018-04-16,1.54434556081,1.52870975776,1.51777540432,1.51439202759,exit,1.01022810444,1.017505987,1.01977924651,0,0,0,0,0
2018-04-17,1.56560200678,1.5410071741,1.52647115022,1.52079327499,exit,1.01596023244,1.02563484843,1.02946405178,0,0,0,0,0
2018-04-18,1.56208842577,1.54803425799,1.5329470185,1.52595516884,exit,1.00907871884,1.01901005508,1.02367910779,0,0,0,0,0
2018-04-19,1.51781875669,1.53796242422,1.53019642545,1.52493811732,exit,0.986902366914,0.991911058901,0.995331377354,0,0,0,0,0
2018-04-20,1.45563028189,1.51051837678,1.5166389448,1.51627463789,exit,0.963662742714,0.959773772708,0.960004372236,0,0,0,0,0
2018-04-23,1.4514141862,1.49081697992,1.50477989778,1.50816708143,short,0.973569663982,0.964535868892,0.962369623412,1,0,0,0,0
2018-04-24,1.43121186893,1.47094860959,1.49140389253,1.49854767987,short,0.972985636343,0.959640695651,0.955065953628,0,0,0,0,1
2018-04-25,1.43744818921,1.45978180279,1.48159376466,1.49091024353,short,0.984700717914,0.970203994846,0.964141332749,0,1,0,0,1
2018-04-26,1.44245498397,1.45400619652,1.47447762271,1.48485333609,short,0.992055596066,0.978282044945,0.97144610105,0,0,0,0,0
2018-04-27,1.42576597128,1.44459278811,1.46562095882,1.47746741549,short,0.986967388332,0.972806756553,0.965006711036,0,0,0,0,1
2018-04-30,1.45158985053,1.44692514225,1.46306984822,1.47423271987,short,1.00322387672,0.992153486246,0.984640912504,0,0,0,0,0
2018-05-01,1.48531919567,1.45972316006,1.46711518412,1.47561852934,short,1.01753485614,1.01240803159,1.0065739662,0,0,0,0,0
2018-05-02,1.55093335245,1.49012655752,1.48235485109,1.48503288223,exit,1.04080646346,1.04626321512,1.0443764384,0,0,1,0,0
2018-05-03,1.55374399076,1.5113323686,1.49533469467,1.4936217708,exit,1.02806240576,1.03906101845,1.04025264035,0,0,0,1,0
2018-05-04,1.61470267253,1.54578913658,1.51703796337,1.50875688351,exit,1.04458145961,1.06437855315,1.07022058369,0,0,0,0,0
2018-05-07,1.62638489045,1.57265438787,1.53691922284,1.52346038438,exit,1.03416548671,1.05821104082,1.06755968657,0,0,0,0,0
2018-05-08,1.63420246621,1.59317041398,1.55460708527,1.53730314461,exit,1.0257549675,1.0511996772,1.06303201938,0,0,0,0,0
2018-05-09,1.64570914464,1.6106833242,1.57117109606,1.55085389461,exit,1.02174593846,1.04744107676,1.06116324069,0,0,0,0,0
2018-05-10,1.66924923591,1.63020529477,1.58900348513,1.56565331228,exit,1.02395032164,1.05050067639,1.06616785646,0,0,0,0,0
2018-05-11,1.6629006631,1.64110375088,1.60243933567,1.57780923113,exit,1.01328186119,1.03773080583,1.05393011417,0,0,0,0,0
2018-05-14,1.65902092373,1.64707614183,1.61272689713,1.5879606927,exit,1.00725211276,1.02870543468,1.04474936398,0,0,0,0,0
2018-05-15,1.64394296854,1.64603175073,1.61840254648,1.59495847718,exit,0.998731019502,1.01578125425,1.03071207938,0,0,0,0,0
2018-05-16,1.65928530752,1.650449603,1.62583577576,1.60299933098,exit,1.00535351368,1.02057374567,1.03511291331,0,0,0,0,0
2018-05-17,1.64879261154,1.64989727251,1.6300097459,1.60872349105,exit,0.99933046682,1.01152316156,1.02490740063,0,0,0,0,0
2018-05-18,1.64279672285,1.64753042262,1.6323346508,1.61298264502,exit,0.997126790675,1.00640926911,1.01848381811,0,0,0,0,0
2018-05-21,1.65443579828,1.64983221451,1.63635304125,1.61816428918,short,1.00279033451,1.01105064529,1.02241522035,1,0,0,0,0
2018-05-22,1.65029168404,1.64998537102,1.63888733994,1.62218021354,short,1.0001856459,1.00695858942,1.01732943742,0,0,0,0,0
2018-05-23,1.66087254658,1.65361442954,1.64288465024,1.62701675517,short,1.0043892439,1.01094897097,1.02080850815,0,0,0,0,0
2018-05-24,1.65902092373,1.65541659427,1.64581851815,1.63101727624,short,1.00217729451,1.00802178699,1.01716943646,0,0,0,0,0
2018-05-25,1.66281248761,1.65788189205,1.64890833078,1.63499167766,exit,1.00297403306,1.0084323407,1.01701587251,0,0,0,0,0
2018-05-29,1.65681659891,1.65752679434,1.65034619771,1.63771979282,exit,0.999571533066,1.00392063266,1.01166060652,0,1,0,0,0
2018-05-30,1.65328941882,1.65611433583,1.65088132882,1.63966599607,exit,0.998294250012,1.00145866935,1.00830865725,0,0,0,0,0
2018-05-31,1.64773439866,1.65332102344,1.6503091597,1.64067454639,exit,0.996620967917,0.998439831091,1.0043030181,0,0,0,0,0
2018-06-01,1.67744970802,1.6613639183,1.65524380485,1.6452714416,exit,1.00968227945,1.01341548786,1.01955802892,0,0,0,0,0
2018-06-04,1.69146945033,1.67139909564,1.66183028585,1.65104619269,exit,1.01200811628,1.01783525354,1.02448342016,0,0,0,0,0
2018-06-05,1.70451943168,1.68243920766,1.66959194873,1.65773034756,exit,1.01312393572,1.02091977203,1.02822478589,0,0,0,0,0
2018-06-06,1.71042714488,1.69176852006,1.67701652984,1.66431744723,exit,1.01102906491,1.019922651,1.02770486948,0,0,0,0,0
2018-06-07,1.70584216211,1.69645973408,1.68225755389,1.66950803659,exit,1.00553059282,1.01401961796,1.02176337264,0,0,0,0,0
2018-06-08,1.69032320463,1.69441422426,1.68372403585,1.67210993259,exit,0.997585584699,1.0039193886,1.01089238912,0,0,0,0,0
2018-06-11,1.68617909039,1.69166917964,1.6841704094,1.67386857732,exit,0.996754631867,1.00119268275,1.00735452785,0,0,0,0,0
2018-06-12,1.69543736519,1.69292524149,1.68621894682,1.6765646758,exit,1.00148389523,1.00546691661,1.01125676191,0,0,0,0,0
2018-06-13,1.68150565569,1.68911871289,1.68536198479,1.67718229829,exit,0.995492882093,0.997711868943,1.00257775044,0,0,0,0,0
2018-06-14,1.68238738384,1.68687493654,1.68482114826,1.67783293398,short,0.997339724122,0.998555476097,1.00271448352,1,0,0,0,0
2018-06-15,1.66510497899,1.67961828402,1.68123639021,1.67624193961,short,0.991359164657,0.990405030899,0.993355994531,0,0,0,0,0
2018-06-18,1.66422338461,1.67448665089,1.67814311646,1.67473962023,short,0.993870798391,0.991705277271,0.993720674251,0,0,0,0,0
2018-06-19,1.6373297355,1.66210101242,1.67072250174,1.67006338464,short,0.985096407053,0.98001297869,0.980399756414,0,0,0,0,1
2018-06-20,1.64447200364,1.65622467616,1.66594968391,1.66686446202,short,0.992903938283,0.987107845772,0.986566119272,0,1,0,0,0
2018-06-21,1.63530176166,1.64925037133,1.66037733441,1.66291912447,short,0.991542454736,0.984897666196,0.983392239344,0,0,0,0,0
2018-06-22,1.63054016039,1.64301363435,1.65495239368,1.65887175396,short,0.992408173798,0.985248981554,0.98292116705,0,0,0,0,1
2018-06-25,1.6062921059,1.63077312487,1.64610506863,1.65229929795,short,0.984988090255,0.975813838689,0.972155654784,0,0,0,0,1
2018-06-26,1.62621969517,1.62925531497,1.64248954618,1.64903934761,short,0.998136805343,0.990094396005,0.986161850856,0,0,0,0,0
2018-06-27,1.62383903721,1.62744988905,1.63909854455,1.64588930881,short,0.997781282323,0.990690305115,0.98660282227,0,0,0,0,0
2018-06-28,1.6356544547,1.63018474427,1.6384723464,1.64460995204,short,1.00335527029,0.998280171344,0.994554637511,0,0,0,0,0
2018-06-29,1.63221571763,1.63086173539,1.63733477753,1.64306067274,short,1.00083022503,0.99687354109,0.993399540688,0,0,0,0,0
2018-07-02,1.65046775858,1.63739707645,1.63972259226,1.64398655847,exit,1.00798259769,1.00655303913,1.00394236806,0,0,0,0,0
2018-07-03,1.62172261145,1.63217225478,1.63644986848,1.64120356509,exit,0.993597708022,0.991000483844,0.988130080839,0,0,0,0,0
2018-07-05,1.6347725928,1.63303903412,1.63614490927,1.64039969356,exit,1.00106155373,0.999161250047,0.996569677025,0,0,0,0,0
2018-07-06,1.65743395218,1.64117067348,1.64001564434,1.64252897589,exit,1.00990955966,1.0106208181,1.00907440692,0,0,1,0,0
2018-07-09,1.68044758549,1.65426297748,1.64736690637,1.64726880209,exit,1.01582856436,1.02008094189,1.02014169355,0,0,0,1,0
2018-07-10,1.67841947789,1.66231514429,1.65301282846,1.65116263656,exit,1.00968789442,1.01536990457,1.01650766601,0,0,0,0,0
2018-07-11,1.65664025685,1.66042351514,1.6536723609,1.6518473391,exit,0.997721510052,1.00179473034,1.00290155007,0,0,0,0,0
2018-07-12,1.68441550035,1.66842084354,1.65926202262,1.65591835925,exit,1.00958670402,1.01515943678,1.01720926695,0,0,0,0,0
2018-07-13,1.68706081854,1.67463416854,1.66431634915,1.65981116666,exit,1.00742051621,1.01366595323,1.01641732049,0,0,0,0,0
2018-07-16,1.68335742123,1.67754191944,1.66777836225,1.66275444849,exit,1.00346668046,1.00934120464,1.01239086912,0,0,0,0,0
2018-07-17,1.68811888874,1.68106757587,1.6714766398,1.66592500352,exit,1.00419454457,1.00995661474,1.01332225951,0,0,0,0,0
2018-07-18,1.67886033751,1.68033182975,1.67281913029,1.66754192027,exit,0.99912428473,1.00361139295,1.00678748588,0,0,0,0,0
2018-07-19,1.69191045262,1.68419137071,1.6762902798,1.67058798681,exit,1.00458325701,1.00931829827,1.01276344974,0,0,0,0,0
2018-07-20,1.68803071325,1.68547115155,1.67842490407,1.67276832761,exit,1.00151860309,1.0057231093,1.00912402834,0,0,0,0,0
2018-07-23,1.68952965198,1.68682398503,1.68044394914,1.67486349316,exit,1.00160400076,1.0054067277,1.00875662935,0,0,0,0,0
2018-07-24,1.70178608068,1.69181135025,1.68432433669,1.6782288166,exit,1.00589588812,1.01036720993,1.01403697985,0,0,0,0,0
2018-07-25,1.71783406434,1.70048558828,1.69041701445,1.68317947257,exit,1.0102020718,1.01621910431,1.02058876807,0,0,0,0,0
2018-07-26,1.71245539516,1.7044755239,1.69442399276,1.68683896289,exit,1.00468171654,1.01064161182,1.01518605678,0,0,0,0,0
2018-07-27,1.68397449806,1.69764184862,1.69252408463,1.68648090479,exit,0.991949214391,0.994948617481,0.998513824424,0,0,0,0,0
2018-07-30,1.67453987229,1.68994118984,1.68925422784,1.68498827572,exit,0.990886477204,0.991289436893,0.993799123953,0,0,0,0,0
2018-07-31,1.67789044279,1.68592427416,1.68718808511,1.68410104661,exit,0.995234761436,0.994489267442,0.996312214265,0,0,0,0,0
2018-08-01,1.77673511292,1.71619455375,1.70346936289,1.6956803049,exit,1.03527604667,1.0430097257,1.04780076043,0,0,1,0,0
2018-08-02,1.82867050294,1.75368653681,1.72623320653,1.71230407965,exit,1.04275790716,1.05934151655,1.067958971,0,0,0,0,0
2018-08-03,1.83396114823,1.78044474062,1.74582010502,1.72751121322,exit,1.03005788744,1.05048689894,1.06162040176,0,0,0,0,0
2018-08-06,1.84348407433,1.80145785185,1.76357719035,1.74200782086,exit,1.0233290068,1.04530954722,1.05825246721,0,0,0,0,0
2018-08-07,1.82620166949,1.80970579107,1.77496345929,1.75253205194,exit,1.00911522663,1.02886719157,1.04203610283,0,0,0,0,0
2018-08-08,1.82743609067,1.81561589093,1.78450393772,1.76189505678,exit,1.00651029758,1.02405831225,1.03719917009,0,0,0,0,0
2018-08-09,1.84180865978,1.82434681388,1.79492297809,1.77188425716,exit,1.0095715605,1.02612127777,1.03946330148,0,0,0,0,0
2018-08-10,1.83632262481,1.82833875086,1.80245018659,1.77993905311,exit,1.00436673671,1.01879244068,1.0316772485,0,0,0,0,0
2018-08-13,1.84817968667,1.83495239613,1.81076464115,1.78846913231,exit,1.00720851972,1.02066256689,1.03338640476,0,0,0,0,0
2018-08-14,1.8559662387,1.84195701032,1.81898311343,1.79690627061,exit,1.0076056218,1.02033175844,1.03286758417,0,0,0,0,0
2018-08-15,1.8603019438,1.84807198815,1.82649562804,1.80483072976,exit,1.00661768358,1.01850884023,1.03073485681,0,0,0,0,0
2018-08-16,1.88755535747,1.86123311126,1.83759739703,1.81517130822,exit,1.01414236941,1.02718656465,1.03987725507,0,0,0,0,0
2018-08-17,1.9252497639,1.88257199547,1.85353419101,1.82893111518,exit,1.02266992632,1.03869125978,1.05266390184,0,0,0,0,0
2018-08-20,1.90649114192,1.89054504428,1.86316272754,1.83862611852,exit,1.00843465628,1.02325530333,1.03691072519,0,0,0,0,0
2018-08-21,1.9027746895,1.89462159269,1.87036490244,1.84664468989,exit,1.00430328507,1.01732805562,1.03039566838,0,0,0,0,0
2018-08-22,1.90286313251,1.89736877263,1.87627367154,1.85367199522,exit,1.0028957786,1.01417141933,1.02653713139,0,0,0,0,0
2018-08-23,1.90675647987,1.90049800838,1.88181600033,1.8603075558,exit,1.00329306922,1.01325341029,1.02496841123,0,0,0,0,0
2018-08-24,1.91268487258,1.90456029645,1.88742852256,1.8668547204,exit,1.00426585399,1.01338135443,1.02454939406,0,0,0,0,0
2018-08-27,1.92843527288,1.91251862192,1.89488429534,1.87455228946,exit,1.00832235084,1.01770608244,1.02874445473,0,0,0,0,0
2018-08-28,1.94400851964,1.92301525449,1.90381597249,1.88323431823,exit,1.01091684795,1.02111157156,1.03227118411,0,0,0,0,0
2018-08-29,1.9730313821,1.93968729703,1.91640059242,1.89445895122,exit,1.01719044359,1.02955060122,1.04147486586,0,0,0,0,0
2018-08-30,1.99117088516,1.95684849307,1.9299951911,1.90654794296,exit,1.0175396267,1.03169732979,1.04438542577,0,0,0,0,0
2018-08-31,2.01417690299,1.97595796304,1.9453009569,1.92000156296,exit,1.01934198027,1.03540631893,1.04904961633,0,0,0,0,0
2018-09-04,2.02063623913,1.99085072174,1.95899828094,1.93258089748,exit,1.01496120079,1.03146401852,1.04556359931,0,0,0,0,0
2018-09-05,2.00745196137,1.99638446828,1.96780804102,1.94193978047,exit,1.00554376838,1.02014623354,1.0337354338,0,0,0,0,0
2018-09-06,1.97409339381,1.98895411012,1.96895083243,1.94595898214,exit,0.992528376476,1.00261182823,1.0144578647,0,0,0,0,0
2018-09-07,1.95816609856,1.9786914396,1.96698997173,1.94748487169,exit,0.989626810614,0.995514022292,1.00548462637,0,0,0,0,0
2018-09-10,1.93188612874,1.96308966931,1.96060745482,1.94553502882,exit,0.984104882694,0.985350802369,0.99298450047,0,0,0,0,0
2018-09-11,1.98072975865,1.96896969909,1.96426605552,1.94993437005,short,1.00597269707,1.00838160548,1.01579303851,1,0,0,0,0
2018-09-12,1.95613105321,1.96469015047,1.96278696419,1.95070895544,short,0.99564353837,0.996608948857,1.0027795524,0,0,0,0,0
2018-09-13,2.00338186175,1.97758738756,1.97016785465,1.95729306873,short,1.01304340549,1.01685846565,1.02354721107,0,0,0,0,0
2018-09-14,1.9806410392,1.97860527144,1.97207207003,1.96021156504,short,1.00102889029,1.00434516025,1.01042207613,0,0,0,0,0
2018-09-17,1.92790433837,1.96170496042,1.96404157336,1.95617316171,short,0.982769772862,0.981600575323,0.985548915663,0,0,0,0,0
2018-09-18,1.93108971359,1.95149987814,1.95805032613,1.95303773069,short,0.989541293455,0.986230888871,0.988762113116,0,1,0,0,0
2018-09-19,1.93224004347,1.94507993325,1.95335754746,1.95043801979,short,0.993398785539,0.989189125142,0.990669800251,0,0,0,0,0
2018-09-20,1.94692856582,1.94569614411,1.95218864171,1.94999933804,short,1.00063340914,0.997305549384,0.998425244481,0,0,0,0,0
2018-09-21,1.92595772711,1.93911667178,1.94741938451,1.94699413668,short,0.993213948982,0.988979437316,0.989195442776,0,0,0,0,0
2018-09-24,1.953653231,1.94396219152,1.94855281115,1.94782652347,short,1.00498519957,1.00261754253,1.00299138936,0,0,0,0,0
2018-09-25,1.96604123629,1.95132187311,1.95173252481,1.95010336257,short,1.00754327791,1.0073312871,1.00817283536,0,0,0,0,0
2018-09-26,1.95037941276,1.95100771966,1.95148650444,1.95013786884,short,0.99967795776,0.999432693144,1.00012385992,0,0,0,0,0
2018-09-27,1.99046292194,1.96415945375,1.9585731258,1.95517850048,exit,1.01339171733,1.01628215752,1.01804664968,0,0,1,0,0
2018-09-28,1.99745333528,1.97525741426,1.9656422548,1.96046285483,exit,1.01123697643,1.01618355548,1.01886823836,0,0,0,0,0
2018-10-01,2.01090294207,1.98713925686,1.97387147066,1.96676786574,exit,1.01195874176,1.01876083218,1.02244040952,0,0,0,0,0
2018-10-02,2.02877684857,2.0010184541,1.98385426665,1.97451898859,exit,1.01387213317,1.02264409371,1.02747902669,0,0,0,0,0
2018-10-03,2.05346413078,2.01850034633,1.99651060558,1.98438713136,exit,1.01732166384,1.02852653276,1.03481024359,0,0,0,0,0
2018-10-04,2.01736242089,2.01812103785,2.00030184473,1.98850904255,exit,0.999624097393,1.00852900086,1.01451005639,0,0,0,0,0
2018-10-05,1.98462297225,2.00695501598,1.99745114064,1.98802328377,exit,0.9888726735,0.993577731073,0.998289601763,0,0,0,0,0
2018-10-08,1.98002179543,1.9979772758,1.99428216878,1.98702309772,exit,0.991013170879,0.992849370277,0.99647648671,0,0,0,0,0
2018-10-09,2.00745196137,2.00113550432,1.99667667653,1.98957670568,exit,1.00315643645,1.00539660976,1.00898445164,0,0,0,0,0
2018-10-10,1.91445472266,1.97224191043,1.98172723037,1.9801864578,short,0.970699746583,0.96605359876,0.966805279934,1,0,0,0,0
2018-10-11,1.89755399248,1.94734593778,1.9664230053,1.96985739964,short,0.974430868017,0.964977518759,0.963295105947,0,0,0,0,1
2018-10-12,1.96533340684,1.9533417608,1.96622489649,1.96929190054,short,1.00613904145,0.99954659833,0.997989889818,0,0,0,0,0
2018-10-15,1.92330316156,1.94332889439,1.95842094468,1.96354330816,short,0.989695139671,0.982068317222,0.979506361565,0,1,0,0,0
2018-10-16,1.9656871878,1.95078165886,1.95974207979,1.96381129312,short,1.00764079818,1.00303361757,1.00095523164,0,0,0,0,0
2018-10-17,1.95719279739,1.95291870504,1.9592785739,1.96298398115,short,1.00218856645,0.998935436472,0.9970498059,0,0,0,0,0
2018-10-18,1.9114460997,1.93909450326,1.95058176041,1.95654174597,short,0.985741590462,0.979936416145,0.976951349815,0,0,0,0,0
2018-10-19,1.9405576727,1.9395822264,1.94875919901,1.95454373681,short,1.00050291567,0.995791411111,0.992844333001,0,0,0,0,0
2018-10-22,1.95241445812,1.94385963697,1.94942379157,1.95427757697,exit,1.00440094592,1.00153412847,0.999046645737,0,0,0,0,0
2018-10-23,1.97081929913,1.95284619103,1.95331388386,1.95634529224,exit,1.00920354516,1.00896190593,1.00739849297,0,0,0,0,0
2018-10-24,1.90321704724,1.9363031431,1.94420536811,1.94970426162,short,0.982912750013,0.978917699982,0.976156786804,1,0,0,0,0
2018-10-25,1.94489337779,1.93916655466,1.94433046078,1.94910290114,short,1.00295323943,1.00028951715,0.997840276496,0,0,0,0,0
2018-10-26,1.91392364547,1.9307522516,1.9388019489,1.94470549418,short,0.991283912207,0.987168207949,0.984171459994,0,0,0,0,0
2018-10-29,1.87799908912,1.9131678641,1.92774688349,1.93636719355,short,0.981617517394,0.97419381414,0.969856902853,0,0,0,0,1
2018-10-30,1.88737833769,1.9045713553,1.92040714789,1.93024358657,short,0.990972762683,0.982801141812,0.97779282927,0,0,0,0,1
2018-10-31,1.93657574856,1.91523948639,1.92334689347,1.93103510682,short,1.01114025809,1.00687803908,1.00286925998,0,0,0,0,0
2018-11-01,1.96630657425,1.93226184901,1.93115774452,1.93544404024,short,1.01761910543,1.01820091074,1.01594597072,0,0,1,0,0
2018-11-02,1.83588012439,1.90013460747,1.91383454086,1.92299855076,short,0.966184246723,0.959267943595,0.954696572007,0,0,0,0,1
2018-11-05,1.78376266732,1.86134396075,1.89018510931,1.90559406533,short,0.958319743656,0.943697344002,0.936066447611,0,0,0,0,1
2018-11-06,1.80305250917,1.84191347689,1.87434281837,1.89277637081,short,0.978901849513,0.961965170672,0.95259669181,0,0,0,0,1
2018-11-07,1.85773582126,1.84718759168,1.87132336435,1.88839630212,short,1.00571042683,0.992739072598,0.983763746611,0,0,0,0,0
2018-11-08,1.8512541648,1.84854311606,1.86767441898,1.88375353495,short,1.0014665867,0.991208181679,0.982747546563,0,0,0,0,0
2018-11-09,1.81555916079,1.8375484643,1.85819891749,1.87522923818,short,0.988033347725,0.977053179669,0.968179849067,0,0,0,0,1
2018-11-12,1.72410181854,1.79973291571,1.83381762677,1.85633831073,short,0.957976488338,0.940170818173,0.928764874688,0,0,0,0,1
2018-11-13,1.70687587883,1.76878057009,1.81073730896,1.83765550674,short,0.965001486163,0.942641359616,0.928833436173,0,0,0,0,1
2018-11-14,1.65866115917,1.73207409978,1.78308709991,1.81528121329,short,0.957615588952,0.930218809419,0.913721327044,0,0,0,0,1
2018-11-15,1.69959495365,1.72124771774,1.76790670968,1.80082043084,short,0.987420309197,0.961360090069,0.943789244362,0,0,0,0,1
2018-11-16,1.71841916329,1.72030486626,1.75890897397,1.7905202724,short,0.998903855355,0.976980155718,0.959731754943,0,0,0,0,0
2018-11-19,1.6503145394,1.6969747573,1.73916453132,1.77299455577,short,0.972503882155,0.948912256243,0.930806320879,0,0,0,0,1
2018-11-20,1.57146589977,1.65513847146,1.70867387104,1.74780347377,short,0.949446784584,0.91969914587,0.899109037915,0,0,0,0,1
2018-11-21,1.5696900661,1.62665566967,1.68340408832,1.72553929781,short,0.964979924987,0.932449954818,0.90968085635,0,0,0,0,1
2018-11-23,1.52982182354,1.59437772096,1.65548004018,1.70107461353,short,0.959510286318,0.92409560152,0.89932670288,0,0,0,0,1
2018-11-26,1.55051072005,1.57975538732,1.63639470925,1.68225412684,short,0.9814878509,0.947516336546,0.921686382164,0,0,0,0,1
2018-11-27,1.54713661646,1.5688824637,1.6201659651,1.66536443804,short,0.986139275731,0.954924773007,0.929007838236,0,0,0,0,1
2018-11-28,1.6066281947,1.58146437403,1.6177045523,1.65802240763,short,1.01591172149,0.993153040468,0.969002703045,0,0,0,0,0
2018-11-29,1.59428591796,1.58573822201,1.61344661879,1.65005534642,short,1.00539035752,0.988124366432,0.966201480102,0,0,0,0,0
2018-11-30,1.58567301498,1.58571648633,1.60839687264,1.64200755499,short,0.999972585673,0.985871734742,0.965691668206,0,0,0,0,0
2018-12-03,1.64108007413,1.6041710156,1.61433927291,1.64189161988,exit,1.0230081819,1.01656454852,0.999505725137,0,0,0,0,0
2018-12-04,1.5688910649,1.59241103203,1.60607596236,1.63276655051,exit,0.985229964714,0.976847360688,0.960878984452,0,0,0,0,0
2018-12-06,1.55139870822,1.57874025743,1.59613464343,1.62259557022,exit,0.982681413819,0.97197232991,0.95612162186,0,0,0,0,0
2018-12-07,1.49608049338,1.55118700275,1.57794297978,1.60678118562,exit,0.96447461894,0.94812075756,0.931104064928,0,0,0,0,0
2018-12-10,1.50593652094,1.53610350881,1.56485089636,1.59417560253,short,0.980361357359,0.962351444759,0.944649082918,1,0,0,0,0
2018-12-11,1.4973234842,1.52317683394,1.55257318506,1.58206908774,short,0.983026691871,0.964414108537,0.946433689784,0,0,0,0,0
2018-12-12,1.50149686543,1.51595017777,1.54328658149,1.57199755995,short,0.990465839477,0.972921609921,0.955152160336,0,0,0,0,0
2018-12-13,1.51792352751,1.51660796102,1.53867511713,1.5652383059,short,1.00086744005,0.986513339047,0.969771517722,0,1,0,0,0
2018-12-14,1.46935352875,1.5008564836,1.52607119197,1.55325270875,short,0.979010015157,0.962834195735,0.945984848746,0,0,0,0,0
2018-12-17,1.45567940797,1.48579745839,1.51327268579,1.54105604616,short,0.97972937008,0.961941242742,0.944598615738,0,0,0,0,0
2018-12-18,1.4745924619,1.48206245956,1.50623991781,1.53274809813,short,0.994959728176,0.978989100254,0.962057929615,0,0,0,0,0
2018-12-19,1.4285974407,1.46424078661,1.49212310379,1.51972926595,short,0.975657455908,0.95742599057,0.940034171026,0,0,0,0,1
2018-12-20,1.39254729135,1.44034295485,1.47401841062,1.50383151912,short,0.966816470104,0.944728560593,0.925999537611,0,0,0,0,1
2018-12-21,1.33838322304,1.40635637758,1.44935746742,1.48315048211,short,0.951667190743,0.923432109138,0.902392062828,0,0,0,0,1
2018-12-24,1.30375390471,1.37215555329,1.42288409238,1.46072590994,short,0.950150222823,0.916275550261,0.892538357701,0,0,0,0,1
2018-12-26,1.39556625853,1.3799591217,1.4179172135,1.45258095351,short,1.01130985446,0.984236770129,0.960749385536,0,0,0,0,1
2018-12-27,1.38650922324,1.38214248888,1.41220666982,1.44432198723,short,1.00315939521,0.981803338617,0.959972385317,0,0,0,0,0
2018-12-28,1.38721963875,1.38383487217,1.40766357326,1.43718419367,short,1.00244593242,0.985476689958,0.965234411054,0,0,0,0,0
2018-12-31,1.40062748525,1.38943240986,1.40638428453,1.43261460511,short,1.00805730117,0.995906666943,0.977672208734,0,0,0,0,0
2019-01-02,1.40222574625,1.39369685533,1.40562818666,1.42881599776,exit,1.00611961697,0.997579416489,0.981390009946,0,0,0,0,0
2019-01-03,1.26255368434,1.349982465,1.37961464078,1.40803320858,short,0.935237099057,0.91514952583,0.896678911157,1,0,0,0,0
2019-01-04,1.31645119302,1.33880537434,1.36813037755,1.39658545663,short,0.983302889464,0.96222641834,0.942621295935,0,0,0,0,1
2019-01-07,1.31352108797,1.33037727888,1.35820141581,1.38620241055,short,0.987329766393,0.967103312279,0.947568030452,0,0,0,0,0
2019-01-08,1.33856078679,1.33310511485,1.35463039235,1.38024720758,short,1.00409245443,0.988137276664,0.969797858987,0,0,0,0,0
2019-01-09,1.36129195177,1.34250072716,1.35584158497,1.3778778006,short,1.01399718021,1.00401991416,0.987962757778,0,0,0,0,0
2019-01-10,1.36564289674,1.35021478368,1.35762364166,1.37634843762,short,1.01142641396,1.00590683223,0.992221780047,0,0,0,0,0
2019-01-11,1.35223491648,1.35088816128,1.35664387344,1.37333424748,short,1.00099694056,0.996750099972,0.984636419696,0,0,0,0,0
2019-01-14,1.33190129906,1.34455920721,1.35214522356,1.36815512893,exit,0.990585830598,0.985028291235,0.973501667246,0,0,0,0,0
2019-01-15,1.35916097277,1.34942646239,1.35342081432,1.36703085941,exit,1.00721381316,1.00424122223,0.994243080478,0,0,0,0,0
2019-01-16,1.37576535018,1.35820609166,1.35748345721,1.36812267075,exit,1.01292827255,1.0134674886,1.00558625304,0,0,1,0,0
2019-01-17,1.38393425461,1.36678214598,1.3622926931,1.37009911874,exit,1.01254926302,1.01588613198,1.01009790875,0,0,0,0,0
2019-01-18,1.3924585719,1.37534095462,1.36777739833,1.37289405038,exit,1.01244608999,1.01804472979,1.01425056909,0,0,0,0,0
2019-01-22,1.36120323231,1.37062838052,1.36658209542,1.37143269812,exit,0.993123483844,0.996064002941,0.992541036958,0,0,0,0,0
2019-01-23,1.3667083149,1.36932169198,1.36660504442,1.37084215022,exit,0.998091480554,1.00007556718,0.996984455637,0,0,0,0,0
2019-01-24,1.35587557971,1.36483965456,1.36465423265,1.36897132891,exit,0.993432140681,0.993567122915,0.990433876212,0,0,0,0,0
2019-01-25,1.400805049,1.37682811937,1.37122710835,1.37295054392,exit,1.01741461355,1.02157041708,1.0202880615,0,0,0,0,0
2019-01-28,1.38784120996,1.38049914957,1.3742478541,1.37481187717,exit,1.00531840994,1.00989148779,1.00947717503,0,0,0,0,0
2019-01-29,1.37345666476,1.37815165463,1.37410400149,1.37464247562,exit,0.996593270517,0.999528902664,0.999137367799,0,0,0,0,0
2019-01-30,1.46731126921,1.40787152616,1.39105077744,1.38622607482,exit,1.04221957895,1.05482222001,1.0584934852,0,0,0,1,0
2019-01-31,1.4778777212,1.4312069245,1.40683749449,1.39768253062,exit,1.03260939833,1.05049639847,1.05737725758,0,0,0,0,0
2019-02-01,1.4785881367,1.4470006619,1.4198830658,1.40779573138,exit,1.02182962015,1.04134500391,1.05028599231,0,0,0,0,0
2019-02-04,1.52058735827,1.47152956069,1.43819293716,1.42189468474,exit,1.03333796268,1.05729024179,1.06940927101,0,0,0,0,0
2019-02-05,1.5466037647,1.49655429536,1.45790399671,1.43748331973,exit,1.03344313634,1.06084060967,1.0759107556,0,0,0,0,0
2019-02-06,1.54713661646,1.51341506906,1.47412810939,1.45118998182,exit,1.02228175739,1.04952656869,1.0661158331,0,0,0,0,0
2019-02-07,1.51783481697,1.51488831836,1.4820747835,1.45952058622,exit,1.00194502695,1.0241283597,1.03995437358,0,0,0,0,0
2019-02-08,1.51961827504,1.51646497059,1.48890087287,1.46703279732,exit,1.00207937836,1.02063092495,1.03584478671,0,0,0,0,0
2019-02-11,1.51087910134,1.51460301417,1.49289691441,1.47251358532,exit,0.997541327463,1.01204516317,1.02605443943,0,0,0,0,0
2019-02-12,1.52389859401,1.51770154079,1.49853358343,1.47893671141,exit,1.00408318306,1.01692655464,1.030401492,0,0,0,0,0
2019-02-13,1.5175671694,1.51765675033,1.50199423542,1.48376551866,exit,0.999940974189,1.0103681716,1.02278099223,0,0,0,0,0
2019-02-14,1.52309606152,1.51946985406,1.50583093108,1.48868183652,short,1.00238649517,1.0114655172,1.02311724652,1,0,0,0,0
2019-02-15,1.51970739577,1.51954903463,1.50835392466,1.49256003142,short,1.00010421588,1.00752706041,1.01818845727,0,0,0,0,0
2019-02-19,1.52425523747,1.52111776891,1.51124507244,1.49652193218,short,1.00206260727,1.00860890485,1.01853184019,0,0,0,0,0
2019-02-20,1.53406445748,1.52543333177,1.51539405154,1.50121474784,short,1.00565814679,1.01232049573,1.02188208561,0,0,0,0,0
2019-02-21,1.52541454719,1.52542707024,1.51721595984,1.50423972276,exit,0.999991790464,1.00540370492,1.01407676191,0,0,0,0,0
2019-02-22,1.54244685396,1.53110033148,1.52180339513,1.50901561416,exit,1.0074106982,1.01356512864,1.02215433657,0,0,0,0,0
2019-02-25,1.55368276373,1.5386278089,1.52759964397,1.51459900786,exit,1.00978466315,1.01707457832,1.02580468868,0,1,0,0,0
2019-02-26,1.55457455964,1.54394339248,1.53250417409,1.51959595183,exit,1.00688572341,1.01440151741,1.02301836075,0,0,0,0,0
2019-02-27,1.55938990623,1.54909223039,1.53739248902,1.52457019613,exit,1.00664755502,1.01430826374,1.02283903371,0,0,0,0,0
2019-02-28,1.54405192787,1.54741212955,1.53860329609,1.5270054126,exit,0.997828502429,1.00354128436,1.01116336271,0,0,0,0,0
2019-03-01,1.56028170214,1.55170198708,1.54254482446,1.53116494879,exit,1.00552922863,1.01149845204,1.01901607882,0,0,0,0,0
2019-03-04,1.56812907993,1.5571776847,1.54719650727,1.53578546518,exit,1.00703284881,1.0135293562,1.02105998232,0,0,0,0,0
2019-03-05,1.5652754418,1.55987693706,1.55048358628,1.53947171226,exit,1.00346085297,1.00954015615,1.01676141844,0,0,0,0,0
2019-03-06,1.55626888805,1.55867425406,1.55153545933,1.54157135923,exit,0.998456787233,1.0030508028,1.00953412162,0,0,0,0,0
2019-03-07,1.53825565572,1.55186805461,1.54912094958,1.54115689629,exit,0.991228378692,0.992986155235,0.998117491748,0,0,0,0,0
2019-03-08,1.54191183527,1.54854931483,1.54781020152,1.54125126366,short,0.995713743501,0.996189218644,1.00042859436,1,0,0,0,0
2019-03-11,1.5953271164,1.56414191535,1.55644964059,1.54801074526,exit,1.01993757775,1.02497830626,1.03056591906,0,0,0,0,0
2019-03-12,1.61325122799,1.58051168623,1.56677720194,1.5561658056,exit,1.02071452052,1.02966217915,1.03668338052,0,0,0,0,0
2019-03-13,1.62038519402,1.59380285549,1.57652410959,1.56419322915,exit,1.01667856124,1.02782138514,1.03592392795,0,0,0,0,0
2019-03-14,1.63839829259,1.60866800119,1.58777396104,1.57346886208,exit,1.01848130961,1.03188384039,1.04126515121,0,0,0,0,0
2019-03-15,1.65971092725,1.62568230988,1.60085340944,1.58424912023,exit,1.02093189867,1.03676633817,1.04763253838,0,0,0,0,0
