Date,Close,SMA 5,SMA 10,SMA 15,state,closePriceSMA5,closePriceSMA10,closePriceSMA15,sellSignal1,sellSignal2,buySignal1,buySignal2,exit_Signal_SMA
2017-01-03,1.0,,,,NA,NA,NA,NA,NA,NA,NA,NA,0
2017-01-04,0.998880827607,,,,NA,NA,NA,NA,NA,NA,NA,NA,0
2017-01-05,1.00396042422,,,,NA,NA,NA,NA,NA,NA,NA,NA,0
2017-01-06,1.01515286155,,,,NA,NA,NA,NA,NA,NA,NA,NA,0
2017-01-09,1.02445106856,1.00848903639,,,NA,1.0158276705055751,NA,NA,NA,NA,NA,NA,0
2017-01-10,1.02548431266,1.01358589892,,,NA,1.0117389298251407,NA,NA,NA,NA,NA,NA,0
2017-01-11,1.03099443359,1.02000862012,,,NA,1.0107703143468061,NA,NA,NA,NA,NA,NA,0
2017-01-12,1.02668968087,1.02455447145,,,NA,1.0020840369992026,NA,NA,NA,NA,NA,NA,0
2017-01-13,1.02488166422,1.02650023198,,,NA,0.99842321734556083,NA,NA,NA,NA,NA,NA,0
2017-01-17,1.03314676982,1.02823937223,1.01836420431,,NA,1.0047726217471094,1.014515990889582,NA,0,NA,0,NA,0
2017-01-18,1.03306070776,1.02975465125,1.02167027509,,NA,1.0032105283568487,1.0111488343681621,NA,0,NA,0,NA,0
2017-01-19,1.03125275353,1.02980631524,1.02490746768,,NA,1.0014045731404986,1.0061910816862409,NA,0,NA,0,NA,0
2017-01-20,1.03314676982,1.03109773303,1.02782610224,,NA,1.0019872381876023,1.0051766223599332,NA,0,NA,0,NA,0
2017-01-23,1.03383555166,1.03288851052,1.02969437125,,NA,1.0009168861205633,1.0040217568670302,NA,0,NA,0,NA,0
2017-01-24,1.0328885123,1.03283685902,1.03053811563,1.02318842255,NA,1.0000500110805057,1.0022807469641764,1.0094802575400508,0,0,0,0,0
2017-01-25,1.04933280413,1.03609127829,1.03292296477,1.02647727615,NA,1.0127802695708441,1.0158867988353668,1.0222659853286844,0,0,0,0,0
2017-01-26,1.0498493905,1.03981060568,1.03480846046,1.02987518035,NA,1.0096544358802011,1.0145349894351621,1.0193947873846592,0,0,0,0,0
2017-01-27,1.04993545256,1.04316834223,1.03713303763,1.03294018224,NA,1.0064870740972862,1.012344043113711,1.0164532957651706,0,0,0,0,0
2017-01-30,1.04718039656,1.04583731121,1.03936291087,1.03507535124,NA,1.0012842201465693,1.0075214206782681,1.0116948445379015,0,0,0,0,0
2017-01-31,1.04476979389,1.04821356753,1.04052521327,1.03642993293,NA,0.99671462596380289,1.0040792674333561,1.0080467195100542,0,0,0,0,0
2017-02-01,1.10848040165,1.06004308703,1.04806718266,1.04196300553,NA,1.0456937224606229,1.0576425061156929,1.0638385391502403,0,0,0,0,0
2017-02-02,1.10658639427,1.07139048779,1.05560054673,1.04700246957,NA,1.03285068039135,1.0483003231642911,1.0569090584169245,0,0,0,0,0
2017-02-03,1.11132166239,1.08366772975,1.06341803599,1.05264460167,NA,1.0255188300641609,1.045046844025862,1.0557425180615294,0,0,0,0,0
2017-02-06,1.12173918448,1.09857948734,1.07220839927,1.05910176969,NA,1.0210814942499231,1.0461951102435734,1.059142016929344,0,0,0,0,0
2017-02-07,1.13241502651,1.11610853386,1.08216105069,1.06571965347,NA,1.0146101316816627,1.0464385368385578,1.0625824745060632,0,0,0,0,0
2017-02-08,1.13680584129,1.12177362179,1.09090835441,1.0726359957,NA,1.0134004037966267,1.0420727247108981,1.0598244379679451,0,0,0,0,0
2017-02-09,1.14502046535,1.12946043601,1.1004254619,1.08022050983,NA,1.0137765156280925,1.0405252377400027,1.0599877107868378,0,0,0,0,0
2017-02-10,1.14242644911,1.13568139335,1.10967456155,1.08750582178,NA,1.005939214816967,1.0295148584032434,1.0505014559288988,0,0,0,0,0
2017-02-13,1.15254318648,1.14184219375,1.12021084054,1.0954196641,NA,1.0093716914576323,1.0288627325941428,1.0521476145226287,0,0,0,0,0
2017-02-14,1.16750234374,1.1488596572,1.13248409553,1.10439391953,NA,1.0162271226353037,1.0309216247306514,1.0571430384575826,0,0,0,0,0
2017-02-15,1.17173912786,1.15584631451,1.13880996815,1.11255434111,NA,1.0137499364298315,1.0289154122527364,1.0531972098432685,0,0,0,0,0
2017-02-16,1.17035599079,1.1609134196,1.1451869278,1.12058811446,NA,1.0081337428239245,1.0219781263477785,1.0444122828784932,0,0,0,0,0
2017-02-17,1.17355524153,1.16713917808,1.15141028572,1.12882943373,NA,1.0054972565129767,1.019232897333612,1.0396214046743453,0,0,0,0,0
2017-02-21,1.18202908619,1.17303635802,1.15743927589,1.13781934637,NA,1.0076661973084549,1.0212450111376767,1.0388547970862496,0,0,0,0,0
2017-02-22,1.18557435974,1.17665076122,1.16275520921,1.14720631743,NA,1.0075838972868134,1.0196250684131702,1.0334447620521112,0,0,0,0,0
2017-02-23,1.18055912909,1.17841476147,1.16713053799,1.15201156592,NA,1.0018197053285929,1.0115056462523437,1.0247806220102591,0,0,0,0,0
2017-02-24,1.18168319715,1.18068020274,1.17079681117,1.15701801945,NA,1.0008495055699764,1.0092982709520018,1.0213178855350569,0,0,0,0,0
2017-02-27,1.18401786795,1.18277272802,1.17495595305,1.16186443315,NA,1.0010527296549383,1.0077125571163832,1.0190671425736058,0,0,0,0,0
2017-02-28,1.18453683528,1.18327427784,1.17815531793,1.1660509432,NA,1.0010670031980089,1.0054165331601004,1.0158534171963105,0,0,0,0,0
2017-03-01,1.20874788246,1.18790898238,1.1822798718,1.17113980027,NA,1.0175425056814051,1.0223872631896251,1.0321123764908489,0,0,0,0,0
2017-03-02,1.20157105037,1.19211136664,1.18526306406,1.17545748087,NA,1.0079352349095732,1.0137589593515923,1.0222156649016878,0,0,0,0,0
2017-03-03,1.20866148154,1.19750702352,1.18909361313,1.17970021529,NA,1.0093147328549772,1.0164561210233793,1.0245496829403902,0,0,0,0,0
2017-03-06,1.20485685363,1.20167482066,1.19222377434,1.18386224225,NA,1.0026479983765129,1.0105962316486186,1.0177339986247349,0,0,0,0,0
2017-03-07,1.20641334542,1.20605012268,1.19466220026,1.18745358618,NA,1.0003011671967557,1.0098363747952868,1.0159667371050465,0,0,0,0,0
2017-03-08,1.20191693942,1.20468393408,1.19629645823,1.18974789256,NA,0.99770313641868558,1.0046982344145738,1.0102282567050731,0,0,0,0,0
2017-03-09,1.19914984489,1.20419969298,1.19815552981,1.1915752737,NA,0.99580646954321228,1.0008298714607422,1.0063567710414572,0,0,0,0,0
2017-03-10,1.20312755108,1.20309290689,1.2002999652,1.19376004438,NA,1.0000287959411911,1.0023557326990054,1.0078470600033138,0,0,0,0,0
2017-03-13,1.20364624197,1.20285078456,1.20226280261,1.19576611108,NA,1.0006613101345938,1.0011506963047778,1.0065900269446433,0,0,0,0,0
2017-03-14,1.2018305385,1.20193422317,1.20399217293,1.1970862079,short,0.99991373515173054,0.99820461089564327,1.0039632321953509,1,0,0,0,0
2017-03-15,1.2145414348,1.20445912225,1.20457152816,1.19901734624,short,1.0083708216944602,1.0082767244645585,1.0129473427641693,0,0,0,0,0
2017-03-16,1.21653008279,1.20793516983,1.2060674314,1.20141540982,exit,1.0071153760393425,1.0086750136157976,1.0125807217491349,0,0,1,0,0
2017-03-17,1.21047745253,1.20940515012,1.2062490285,1.20333502684,exit,1.0008866362211251,1.0035054320685073,1.005935525459525,0,0,0,0,0
2017-03-20,1.22318848259,1.21331359824,1.2080821914,1.20594640115,exit,1.0081387733254821,1.0125043571533654,1.0142975520497142,0,0,0,0,0
2017-03-21,1.20918044887,1.21478358031,1.20835890174,1.20758930872,exit,0.99538754759236658,1.0006798866799496,1.0013176169501909,0,0,0,0,0
2017-03-22,1.22284245978,1.21644378531,1.21045145378,1.20852894721,exit,1.0052601481042862,1.0102366815001802,1.0118437482237062,0,0,0,0,0
2017-03-23,1.21851886455,1.21684154166,1.21238835575,1.20965880149,exit,1.0013784234240779,1.0050565553299955,1.0073244315231604,0,0,0,0,0
2017-03-24,1.21609792659,1.21796563647,1.2136853933,1.21015456449,exit,0.99846653318219225,1.0019877748410533,1.0049112421396191,0,0,0,0,0
2017-03-27,1.21817325194,1.21696259034,1.21513809429,1.21104232438,exit,1.000994822360969,1.0024977882458053,1.0058882562714553,0,0,0,0,0
2017-03-28,1.24342195734,1.22381089204,1.21929723618,1.21350956518,exit,1.0160245879713843,1.0197857589161898,1.0246494902244605,0,0,0,0,0
2017-03-29,1.24618906079,1.22848021224,1.22246199878,1.21646103993,exit,1.0144152493221716,1.0194092430151003,1.0244381199875168,0,0,0,0,0
2017-03-30,1.24454616808,1.23368567295,1.2252636073,1.21948746148,exit,1.0088032919316798,1.0157374793942193,1.0205485561678598,0,0,0,0,0
2017-03-31,1.24221148836,1.2389083853,1.22843701089,1.2220930573,exit,1.0026661398831276,1.0112130108005086,1.0164622742439946,0,0,0,0,0
2017-04-03,1.2425573774,1.24378521039,1.23037390037,1.22468713299,exit,0.99901282554342508,1.0099022557544839,1.0145916813604905,0,0,0,0,0
2017-04-04,1.25180953484,1.24546272589,1.23463680897,1.22801906608,exit,1.0050959445171075,1.013909131618125,1.0193730451078133,0,0,0,0,0
2017-04-05,1.24532434709,1.24528978315,1.2368849977,1.23007126024,exit,1.0000277557370545,1.0068230671474321,1.0124001652163279,0,0,0,0,0
2017-04-06,1.24221148836,1.24482284721,1.23925426008,1.23178335394,exit,0.99790222451462862,1.0023862966423336,1.0084658835378451,0,0,0,0,0
2017-04-07,1.23944452759,1.24426945506,1.24158892018,1.23371449228,exit,0.99612228087086152,0.9982728642671721,1.004644539192727,0,0,0,0,0
2017-04-10,1.23797443672,1.24335286692,1.24356903866,1.23470022255,short,0.99567425278807031,0.9955011730272123,1.0026518292543392,1,0,0,0,0
2017-04-11,1.22465843969,1.23792264789,1.24169268689,1.23573208861,short,0.98928510741842524,0.98628143068119523,0.9910387947229784,0,0,0,0,0
2017-04-12,1.22612826304,1.23408343108,1.23968660712,1.23595114216,short,0.99355378425607743,0.9890630873949916,0.99205237263396451,0,0,0,0,0
2017-04-13,1.21964306637,1.22956974668,1.23719629695,1.23602608895,short,0.99192670416486495,0.98581208930037845,0.9867454071355799,0,0,0,0,0
2017-04-17,1.22638774224,1.22695838961,1.23561392234,1.23671207666,short,0.99953490894700414,0.99253312064203014,0.99165178815039234,0,1,0,0,0
2017-04-18,1.22094007895,1.22355151806,1.23345219249,1.23689653179,short,0.9978656892899217,0.98985602067389911,0.98709960580265721,0,0,0,0,0
2017-04-19,1.21644368187,1.22190856649,1.22991560719,1.23509798009,short,0.99552758301730171,0.98904646364027393,0.98489650333504275,0,0,0,0,0
2017-04-20,1.23166232725,1.22301537934,1.22854940521,1.23412953119,short,1.0070701873938919,1.0025338191793858,0.99800085495585122,0,0,0,0,0
2017-04-21,1.23019237015,1.22512524009,1.22734749339,1.23317261133,short,1.0041360098466838,1.002317906523851,0.99758327329722662,0,0,0,0,0
2017-04-24,1.24203841007,1.22825537366,1.22760688164,1.23316107278,exit,1.0112216373809972,1.0117558223673693,1.0071988465199953,0,0,1,0,0
2017-04-25,1.24973406681,1.23401417123,1.22878284465,1.23363951874,exit,1.0127388290532517,1.0170503862860272,1.0130463946934689,0,0,0,0,0
2017-04-26,1.24238429912,1.23920229468,1.23055543059,1.23301116969,exit,1.0025677844949865,1.0096126255170184,1.007601820373879,0,0,0,0,0
2017-04-27,1.24333542266,1.24153691376,1.23227614655,1.23287857473,exit,1.001448614917847,1.0089746735238572,1.0084816527302458,0,0,0,0,0
2017-04-28,1.242124811,1.24392340193,1.23452432101,1.23287279624,exit,0.99855409832161579,1.0061566142153322,1.0075044358093461,0,0,0,1,0
2017-05-01,1.26746020267,1.24900776045,1.23863156706,1.23474050791,exit,1.0147736810024759,1.0232745849409528,1.026499247862668,0,0,0,0,0
2017-05-02,1.27550201598,1.25416135028,1.24408776076,1.23724234652,exit,1.0170158853056681,1.0252508353578296,1.0309233429958085,0,0,0,0,0
2017-05-03,1.27161085339,1.26000666114,1.24960447791,1.24037250744,exit,1.0092096277000933,1.0176106727094159,1.0251846487738046,0,0,0,0,0
2017-05-04,1.26702790379,1.26474515736,1.25314103556,1.24309915015,exit,1.001804906238231,1.0110816482991667,1.0192492719755042,0,0,0,0,0
2017-05-05,1.28803996775,1.27392818872,1.25892579532,1.24765894358,exit,1.0110773740326049,1.0231262021457301,1.0323654347848414,0,0,0,0,0
2017-05-08,1.32305966416,1.28504808101,1.26702792073,1.25410373837,exit,1.0295798917620389,1.0442229744973084,1.0549842279175587,0,0,0,0,0
2017-05-09,1.33153364258,1.29625440633,1.27520787831,1.26147664262,exit,1.0272162903187572,1.044169868483716,1.0555357091839734,0,0,0,0,0
2017-05-10,1.32522153311,1.30697654228,1.28349160171,1.26872849937,exit,1.0139596926534094,1.0325128199909173,1.0445272836360648,0,0,0,0,0
2017-05-11,1.33668235815,1.32090743315,1.29282629526,1.27572983476,exit,1.0119424909003902,1.0339226259981944,1.0477785513300903,0,0,0,0,0
2017-05-12,1.35535008483,1.33436945657,1.30414882264,1.2840736824,exit,1.0157232527747657,1.0392602909250714,1.05550803150929,0,0,0,0,0
2017-05-15,1.35187719402,1.34013296254,1.31259052178,1.291396268,exit,1.0087634822849172,1.0299306383736992,1.0468337469400115,0,0,0,0,0
2017-05-16,1.34987996746,1.34380222751,1.32002831692,1.29807266138,exit,1.0045227934741967,1.0226144016402328,1.039910944605259,0,0,0,0,0
2017-05-17,1.30455699008,1.33966931891,1.32332293059,1.30221750744,exit,0.97379030158602919,0.98581907705610383,1.0017965375445852,0,0,0,0,0
2017-05-18,1.32443994765,1.33722083681,1.32906413498,1.30762447577,exit,0.99044220011430817,0.99652071919461116,1.0128595572984704,0,0,0,0,0
2017-05-19,1.3289548573,1.3319417913,1.33315562393,1.31341314553,short,0.997757459055294,0.99684900505170981,1.0118330715836117,1,0,0,0,0
2017-05-22,1.33702987909,1.32897232831,1.33455264543,1.31805112395,short,1.006062993638432,1.0018562277544689,1.0143991039398144,0,0,0,0,0
2017-05-23,1.33538017346,1.32607236952,1.33493729851,1.32204300112,short,1.0070190769093841,1.0003317571173975,1.0100883044897517,0,0,0,0,0
2017-05-24,1.33138600571,1.33143817264,1.33555374577,1.32602801128,short,0.99996081911124002,0.99687939172974316,1.004040634427346,0,0,0,0,0
2017-05-25,1.33598772649,1.33374772841,1.33548428261,1.33062533279,short,1.0016794765823984,1.0003769747682767,1.0040299801637615,0,0,0,0,0
2017-05-26,1.33373033408,1.33470282377,1.33332230753,1.33367135721,exit,0.99927138111425196,1.0003060224419489,1.0000442214419198,0,1,1,0,0
2017-05-30,1.3342513435,1.33414711665,1.33155972248,1.33441746917,exit,1.000078122458518,1.0020214046537612,0.99987550697610972,0,0,0,0,0
2017-05-31,1.32635008664,1.33234109928,1.3292067344,1.33407189877,exit,0.99550339425189782,0.99785086270793855,0.99421184709738064,0,0,0,0,0
2017-06-01,1.32999674238,1.33206324662,1.33175070963,1.33439024605,exit,0.99844864405215572,0.99868296127791922,0.99670748216863059,0,0,0,0,0
2017-06-02,1.34970634521,1.33480697036,1.33427734939,1.33525851186,exit,1.0111621943704638,1.0115635597304624,1.0108202518273588,0,0,0,0,0
2017-06-05,1.33650873591,1.33536265073,1.33503273725,1.33400242193,exit,1.0008582576264322,1.0011055898617669,1.0018787926719566,0,0,0,1,0
2017-06-06,1.34102377932,1.33671713789,1.33543212727,1.33327886095,exit,1.0032218046039618,1.0041871480665809,1.0058089260955185,0,0,0,0,0
2017-06-07,1.34901184731,1.34124949002,1.33679529465,1.33322098627,exit,1.0057874074437847,1.0091386861561029,1.0118441437650538,0,0,0,0,0
2017-06-08,1.34571244498,1.34439263054,1.33822793858,1.33596468327,exit,1.0009817179930893,1.0055928487094354,1.0072964217052465,0,0,0,0,0
2017-06-09,1.29352995314,1.33315735213,1.33398216125,1.33390401697,short,0.97027552754705748,0.96967560040931933,0.96973240704588726,1,0,0,0,0
2017-06-12,1.26262021724,1.3183796484,1.32687114956,1.32948170763,short,0.95770608927222001,0.95157711256279942,0.94970860448622796,0,1,0,0,1
2017-06-13,1.27277873275,1.30473063908,1.32072388849,1.32519829787,short,0.97551072583318454,0.96369782044886565,0.96044398396179387,0,0,0,0,1
2017-06-14,1.26036256623,1.28700078287,1.31412513645,1.32019712406,short,0.97930209756644371,0.95908869808383634,0.95467755781726782,0,0,0,0,1
2017-06-15,1.25280855386,1.26842000465,1.3064063176,1.31495862727,short,0.98769220705677407,0.95897312879668217,0.95273609974034656,0,0,0,0,1
2017-06-16,1.23527020112,1.25676805424,1.29496270319,1.30824412558,short,0.9828943351534597,0.95390407621520867,0.944219948681294,0,0,0,0,1
2017-06-19,1.27060816039,1.25836564287,1.28837264563,1.30403598066,short,1.0097289031895347,0.9862116870397345,0.97436587580871048,0,0,0,0,0
2017-06-20,1.25906011402,1.25562191912,1.2801762791,1.29902323203,short,1.0027382405852145,0.98350526765282353,0.96923602517330276,0,0,0,0,0
2017-06-21,1.26652717259,1.2568548404,1.27192781163,1.29503503776,short,1.0076956637183925,0.99575397361954388,0.97798680009326333,0,0,0,0,0
2017-06-22,1.26444354511,1.25918183865,1.26380092165,1.29066482461,short,1.004178670867975,1.0005084847266772,0.97968389701193781,0,0,0,0,0
2017-06-23,1.27008728473,1.26614525537,1.2614566548,1.28535688725,exit,1.0031134100475971,1.0068417966565149,0.98812034021819262,0,0,1,0,0
2017-06-26,1.26609311697,1.26524224669,1.26180394478,1.28066251265,exit,1.0006724959506859,1.0033992382200152,0.98862354794161289,0,0,0,0,0
2017-06-27,1.24794653348,1.26301953058,1.25932072485,1.27445736293,exit,0.98806590339074285,0.99096799477140673,0.97919833944997392,0,0,0,0,0
2017-06-28,1.26618006186,1.26295010843,1.25990247441,1.2689352439,exit,1.0025574671605888,1.004982597917111,0.99782874496238105,0,0,0,0,0
2017-06-29,1.24751233518,1.25956386644,1.25937285254,1.26238856991,exit,0.99043198079721351,0.99058220340541137,0.98821580368852602,0,0,0,0,0
2017-06-30,1.25046449302,1.2556393081,1.26089228173,1.25951753924,short,0.99587874077141547,0.99172983380851643,0.99281229046867403,1,0,0,1,0
2017-07-03,1.24594958336,1.25161060138,1.25842642403,1.25840616365,short,0.99547701336958794,0.99008536341013942,0.9901013038224914,0,0,0,0,0
2017-07-05,1.25107217088,1.25223572886,1.25762762972,1.25695905952,short,0.99907081553976906,0.99478744050841728,0.99531656294154625,0,0,0,0,0
2017-07-06,1.23926395867,1.24685250822,1.25490130833,1.25555248568,short,0.99391383543521128,0.98753898051323152,0.9870268051718929,0,1,0,0,0
2017-07-07,1.25185362259,1.2477207657,1.25364231607,1.2554888236,short,1.0033123251599867,0.9985732026889157,0.99710455326936565,0,0,0,0,0
2017-07-10,1.2594943034,1.24952672778,1.25258301794,1.25710376375,short,1.0079770807620017,1.0055176266660377,1.001901624767302,0,0,0,0,0
2017-07-11,1.26357515744,1.2530518426,1.25233122199,1.25663489689,exit,1.0083981480126172,1.0089784038375456,1.0055228933775935,0,0,1,0,0
2017-07-12,1.26539861907,1.25591713223,1.25407643055,1.25705746389,exit,1.0075494525803006,1.0090283081997367,1.0066354605236201,0,0,0,0,0
2017-07-13,1.28302419314,1.26466917913,1.25576084367,1.25815726526,exit,1.0145136880986807,1.02171062237183,1.0197645624818363,0,0,0,0,0
2017-07-14,1.29405095364,1.27310864534,1.26041470552,1.2601310925,exit,1.0164497416480573,1.0266866516044002,1.026917724156496,0,0,0,1,0
2017-07-17,1.29856572953,1.28092293056,1.26522482917,1.26202965548,exit,1.0137735054538068,1.0263517594607836,1.0289502500149541,0,0,0,0,0
2017-07-18,1.30308104939,1.28882410896,1.27093797578,1.26449551764,exit,1.0110619752798986,1.0252908278971842,1.0305145658539474,0,0,0,0,0
2017-07-19,1.3112424721,1.29799287956,1.2769550059,1.26871524688,exit,1.0102077544083634,1.0268509587608843,1.0335199134082393,0,0,0,0,0
2017-07-20,1.30533843288,1.30245572751,1.28356245332,1.27132580495,exit,1.0022132847250083,1.0169652668642057,1.0267536675415068,0,0,0,0,0
2017-07-21,1.30473088877,1.30459171453,1.28885017994,1.27514037519,exit,1.0001066803017677,1.0123216096664416,1.0232056910405603,0,0,0,0,0
2017-07-24,1.32053285854,1.30898514033,1.29495403545,1.27981159956,exit,1.008821886395894,1.0197526880387455,1.0318181668227111,0,0,0,0,0
2017-07-25,1.32617659815,1.31360425009,1.30121417952,1.28516006721,exit,1.0095708795583052,1.0191839429847225,1.0319155037460999,0,0,0,0,0
2017-07-26,1.33242829207,1.31784141408,1.30791714682,1.29058380863,exit,1.0110687658127646,1.0187405947772303,1.0324229105986136,0,0,0,0,0
2017-07-27,1.30724857187,1.31822344188,1.31033958469,1.29511611617,exit,0.9916744994334068,0.99764105972024519,1.009367851688675,0,0,0,0,0
2017-07-28,1.29804499656,1.31688626344,1.31073898899,1.2981955411,exit,0.98569256327991073,0.99031539266242552,0.99988403553761007,0,0,0,0,0
2017-07-31,1.2913592381,1.31105153935,1.31001833984,1.30031987008,exit,0.98497976573858848,0.98575661028944517,0.99310890174834954,0,0,0,0,0
2017-08-01,1.30282047334,1.30638031439,1.30999228224,1.30293622448,short,0.99727503468291323,0.99452530446550758,0.999911161317797,1,0,0,0,0
2017-08-02,1.36437990413,1.3127706368,1.31530602544,1.30953497681,short,1.0393132401703966,1.0373098562178631,1.0418812237083126,0,0,0,0,0
2017-08-03,1.35074836405,1.32147059524,1.31984701856,1.31404992154,exit,1.0221554447914485,1.0234128236526288,1.0279277384433805,0,0,1,0,0
2017-08-04,1.3578679106,1.33343517804,1.32516072074,1.31830438534,exit,1.018323149831011,1.0246816777387171,1.0300109183459902,0,0,0,0,0
2017-08-07,1.37887996565,1.35093932355,1.33099543145,1.32365866775,exit,1.0206823812193353,1.03597648276251,1.0417186841653883,0,0,0,0,0
2017-08-08,1.38990673507,1.3683565759,1.33736844514,1.32944704679,exit,1.0157489352906826,1.0392848284376348,1.0454773196296165,0,0,0,0,0
2017-08-09,1.39841554495,1.37516370407,1.34396717043,1.33525858498,exit,1.0169084166632474,1.0405131730295061,1.0472994225104606,0,0,0,0,0
2017-08-10,1.35387346641,1.37578872454,1.34862965989,1.33849425388,exit,0.98407076774346058,1.0038882479580775,1.0114899354095241,0,0,0,0,0
2017-08-11,1.37270147486,1.37875543739,1.35609530772,1.34302562629,exit,0.99560911067949698,1.0122455752568023,1.022096263832744,0,0,0,0,0
2017-08-14,1.39336016806,1.38165147787,1.36629540071,1.34788078026,exit,1.0084744165795163,1.0198088695425209,1.0337414024072809,0,0,0,0,0
2017-08-15,1.40861405511,1.38539294188,1.37687475889,1.35337661072,exit,1.0167613913183993,1.0230516944351919,1.0408145404223941,0,0,0,0,0
2017-08-16,1.4029484143,1.38629951575,1.38073160991,1.3580779522,exit,1.0120095970325478,1.0160906031500099,1.0330396808381723,0,0,0,0,0
2017-08-17,1.37601394122,1.39072761071,1.38325816762,1.36266231016,exit,0.98942016439435776,0.99476292526106325,1.0097981950155397,0,0,0,0,0
2017-08-18,1.37287578375,1.39076247249,1.38475895494,1.36765102931,exit,0.9871389334345021,0.99141859950151934,1.0038202394709792,0,0,0,0,0
2017-08-21,1.37034802397,1.38616004367,1.38390576077,1.37291694836,exit,0.98859293356950961,0.99020328031908023,0.99812885666442497,0,0,0,0,0
2017-08-22,1.39274976147,1.38298718494,1.38419006341,1.37891223424,short,1.0070590506062809,1.0061839037015292,1.0100351036726813,1,0,0,0,0
2017-08-23,1.39449308221,1.38129611852,1.38379781713,1.38091977944,short,1.0095540438490491,1.0077289217681999,1.0098291754259419,0,0,0,0,0
2017-08-24,1.38830424721,1.38375417972,1.38724089521,1.38342350499,short,1.003288205054836,1.0007665229573446,1.0035280174161867,0,0,0,0,0
2017-08-25,1.39344697919,1.38786841881,1.38931544565,1.38579544289,short,1.0040195167667523,1.0029737908349667,1.0055214038486899,0,0,0,0,0
2017-08-28,1.40748087344,1.3952949887,1.39072751618,1.38770217008,exit,1.0087335544370766,1.0120464699672518,1.0142528445852919,0,0,1,0,0
2017-08-29,1.42003297717,1.40075163184,1.39186940839,1.38971058622,exit,1.0137649993683677,1.0202343471370423,1.0218192127556407,0,0,0,0,0
2017-08-30,1.42386849503,1.40662671441,1.39396141646,1.39140744956,exit,1.0122575381574819,1.0214547391449156,1.0233296476055003,0,0,0,0,0
2017-08-31,1.42953413584,1.41487269213,1.39931343593,1.39645149419,exit,1.0103623766216625,1.0215968053611042,1.0236905053929766,0,0,0,0,0
2017-09-01,1.42996996603,1.4221772895,1.40502285415,1.4002693936,exit,1.0054793987936435,1.0177556626916315,1.0212106131605549,0,0,0,0,0
2017-09-05,1.41279804807,1.42324072443,1.40926785656,1.40156525227,exit,0.99266274764360285,1.0025049826318149,1.0080144651025273,0,0,0,0,0
2017-09-06,1.4113163913,1.42149740725,1.41112451955,1.40174540801,exit,0.99283782305973056,1.0001359708181656,1.006827904152239,0,0,0,0,0
2017-09-07,1.40565047405,1.41785380306,1.41224025873,1.40192554533,exit,0.99139309780861751,0.99533380765916524,1.0026570089529676,0,0,0,0,0
2017-09-08,1.38272568504,1.4084921129,1.41168240252,1.40237299492,short,0.98170637405861183,0.97948779596578284,0.98598995421046842,1,0,0,0,0
2017-09-11,1.40774253742,1.40404662718,1.41311195834,1.40469744516,short,1.0026323272794584,0.99620028626020629,1.0021677922632919,0,0,0,0,0
2017-09-12,1.40216369881,1.40191975733,1.41258024088,1.40681849015,short,1.0001740053132087,0.99262587585270445,0.99669126374757244,0,0,0,0,0
2017-09-13,1.39161644604,1.39797976827,1.40973858776,1.40674293579,short,0.9954482014835786,0.98714503392102693,0.98924715428306997,0,0,0,0,0
2017-09-14,1.37967474891,1.39278462324,1.40531921315,1.4057550469,short,0.9905872924507293,0.98175185822160382,0.98144748044480412,0,1,0,0,0
2017-09-15,1.39362142184,1.3949637706,1.40172794175,1.40610952521,short,0.99903771782884288,0.99421676655403346,0.99111868374968237,0,0,0,0,0
2017-09-18,1.38307416014,1.39003009515,1.39703836116,1.40541800394,short,0.9949958385592319,0.9900044254996665,0.9841016382769483,0,0,0,0,0
2017-09-19,1.38359721165,1.38631679772,1.39411827752,1.40382575982,short,0.99803826508759297,0.99245324730556395,0.98559041389003865,0,0,0,0,0
2017-09-20,1.36041103511,1.38007571553,1.3890277419,1.39985096369,short,0.98575101336893833,0.97939803077433019,0.97182562315575083,0,0,0,0,1
2017-09-21,1.33705029107,1.37155082396,1.3821677236,1.39406308342,short,0.97484560375807627,0.96735748363827723,0.95910314746224135,0,0,0,0,1
2017-09-22,1.32397526959,1.35762159351,1.37629268206,1.38702582567,short,0.97521671422911804,0.96198671027854288,0.95454262284698499,0,0,0,0,1
2017-09-25,1.31229482623,1.34346572673,1.36674791094,1.37918081635,short,0.9767981423884583,0.96015864793409333,0.95150310291104467,0,0,0,0,1
2017-09-26,1.33487100638,1.33372048568,1.3600186417,1.37398568024,short,1.0008626400494978,0.98150934513564481,0.97153196396556218,0,0,0,0,1
2017-09-27,1.3443724415,1.33051276696,1.35529424124,1.36952275025,short,1.0104167918450768,0.99194138113044528,0.98163571306003861,0,0,0,0,0
2017-09-28,1.33609154314,1.33032101737,1.35093592067,1.36488548819,short,1.0043376942050117,0.98901178264504797,0.97890376496498177,0,0,0,0,0
2017-09-29,1.34341328336,1.33420862012,1.34591510682,1.36226466141,short,1.0068989684968999,0.99814117291313709,0.98616173597863344,0,0,0,0,0
2017-10-02,1.34071136628,1.33989192813,1.34167882743,1.35779591667,short,1.0006115703318241,0.99927891748082276,0.9874174386759218,0,0,0,0,0
2017-10-03,1.34655131598,1.34222799005,1.33797423786,1.35408842448,exit,1.0032210071325931,1.0064104957132611,0.99443381365339334,0,0,1,0,0
2017-10-04,1.33783473012,1.34092044778,1.33571660737,1.35050297675,exit,0.99769880631980346,1.0015857575912543,0.99061960850431796,0,0,0,0,0
2017-10-05,1.3544834628,1.34459883171,1.33745992454,1.34882355768,exit,1.0073513607629592,1.0127282604516694,1.004196179025618,0,0,0,0,0
2017-10-06,1.35369902376,1.34665597979,1.34043229996,1.34616206447,exit,1.005230024649832,1.0098973471485548,1.0055988498570259,0,0,0,0,0
2017-10-09,1.35840605931,1.35019491839,1.34504342326,1.34451752442,exit,1.0060814485419407,1.009934724646979,1.0103297537143829,0,0,0,1,0
2017-10-10,1.35892897706,1.35267045061,1.34744922033,1.34287297545,exit,1.0046267932059583,1.0085196210411891,1.0119564559769278,0,0,0,0,0
2017-10-11,1.36459502807,1.3580225102,1.34947147899,1.34315190831,exit,1.004839770932429,1.0112070164639964,1.0159647763052189,0,0,0,0,0
2017-10-12,1.35980062851,1.35908594334,1.35184238753,1.34466859747,exit,1.0005258572305886,1.0058869592051025,1.0112533534788368,0,0,0,0,0
2017-10-13,1.36843013573,1.36203216574,1.35434407276,1.34763225522,exit,1.0046973707051279,1.0104006531669225,1.0154329049602793,0,0,0,0,0
2017-10-16,1.39362142184,1.36907523824,1.35963507832,1.35305402826,exit,1.0179290245764951,1.0249966656935143,1.0299820943824365,0,0,0,0,0
2017-10-17,1.39876428757,1.37704230035,1.36485637548,1.35731358034,exit,1.0157743790617928,1.024843575270638,1.0305387847289689,0,0,0,0,0
2017-10-18,1.39257546149,1.38263838703,1.37033044862,1.360527115,exit,1.0071870378818066,1.0162333201468192,1.0235558307798884,0,0,0,0,0
2017-10-19,1.3596264623,1.38260355379,1.37084474857,1.36209610961,exit,0.9833812871214318,0.99181651585695596,0.99818687734816269,0,0,0,0,0
2017-10-20,1.36197977944,1.38131348253,1.37167282413,1.36333387602,exit,0.98600339218006283,0.99293341347519648,0.99900677551979178,0,0,0,0,0
2017-10-23,1.36128242796,1.37484568375,1.371960461,1.36470528013,exit,0.99013470678410276,0.99221695278772359,0.99749187445591825,0,0,0,0,0
2017-10-24,1.36938915119,1.36897065648,1.37300647841,1.36622780248,short,1.000305700279708,0.99736539682884828,1.0023139250321453,1,0,0,0,0
2017-10-25,1.36337462508,1.36313048919,1.37288443811,1.36793046214,short,1.0001790994246318,0.99307311470054549,0.99666954045700551,0,0,0,0,0
2017-10-26,1.37209106827,1.36562341039,1.37411348209,1.36910430251,short,1.0047360478967899,0.99852820465924119,1.0021815472754136,0,0,0,0,0
2017-10-27,1.42125338016,1.37747813053,1.37939580653,1.37360792627,short,1.0317792701461848,1.0303448607230852,1.0346863562623743,0,0,0,0,0
2017-10-30,1.45324363142,1.39587037122,1.38535802749,1.37993043107,exit,1.0411021405560859,1.0490022092367746,1.0531281858093926,0,0,1,0,0
2017-10-31,1.47346621799,1.41668578458,1.39282822053,1.38756624713,exit,1.0400797650596547,1.0578951490749005,1.0619069331179878,0,0,0,0,0
2017-11-01,1.45472542195,1.43495594396,1.39904321657,1.39357494006,exit,1.0137770626837774,1.0398002039612584,1.0438802967299601,0,0,0,0,0
2017-11-02,1.4653597712,1.45360968454,1.40961654746,1.40061221624,exit,1.0080833849569366,1.0395449555672702,1.0462280381473588,0,0,0,0,0
2017-11-03,1.50362580234,1.47008416898,1.42378114976,1.40962526068,exit,1.0228161312594908,1.0560793016543089,1.0666847738077898,0,0,0,0,0
2017-11-06,1.51887995691,1.48321143408,1.43954090265,1.41797582968,exit,1.0240481714285283,1.0551141368148176,1.0711606820881971,0,0,0,0,0
2017-11-07,1.52376144403,1.49327047929,1.45497813193,1.42630897345,exit,1.0204189161765989,1.0472744645345125,1.0683249368804602,0,0,0,0,0
2017-11-08,1.53622618376,1.50957063165,1.4722632878,1.43588568827,exit,1.0176577044818889,1.0434452835194188,1.069880559650602,0,0,0,0,0
2017-11-09,1.53308829381,1.52311633617,1.48836301036,1.44744981037,exit,1.0065470754972363,1.0300499832005072,1.059165079738656,0,0,0,0,0
2017-11-10,1.52801427951,1.5279940316,1.49903910029,1.45851877704,exit,1.0000132512972715,1.0193291684048746,1.0476479998495851,0,0,0,0,0
2017-11-13,1.52189076464,1.52859619315,1.50590381361,1.46922599948,exit,0.99561334213730968,1.0106161833722644,1.0358452444860631,0,0,0,0,0
2017-11-14,1.49888338245,1.52362058083,1.50844553006,1.47785894823,exit,0.98376420042121948,0.99366092615201596,1.0142262793345422,0,0,0,0,0
2017-11-15,1.47911295386,1.51219793485,1.51088428325,1.48557483682,exit,0.9781212629450915,0.97897169906361103,0.99565024743515773,0,0,0,0,0
2017-11-16,1.49678410489,1.50493709707,1.51402671662,1.49388770593,short,0.99458250301978823,0.98861142175377736,1.0019388331208794,1,0,0,0,0
2017-11-17,1.48847341342,1.49702892385,1.51251147773,1.49836904148,short,0.99428500659000996,0.98410718552285104,0.9933957337699878,0,0,0,0,0
2017-11-20,1.48698618326,1.49004800758,1.50932210036,1.50061854493,short,0.99794515055998967,0.98520135821564614,0.99091550499752834,0,0,0,0,0
2017-11-21,1.51462984125,1.49319729934,1.50840894009,1.50336278649,short,1.0143534561180687,1.0041241476352964,1.0074945680871952,0,0,0,0,0
2017-11-22,1.53055128666,1.5034849659,1.50784145038,1.50841784413,short,1.0180023887025753,1.0150611566485479,1.0146732834100802,0,1,0,0,0
2017-11-24,1.53063891819,1.51025592856,1.50759651281,1.51276978727,exit,1.0134963811407625,1.0152841991731394,1.0118121944742229,0,0,1,0,0
2017-11-27,1.52294039896,1.51714932566,1.50708912476,1.51405742704,exit,1.0038170753520936,1.0105178080989747,1.0058669980158921,0,0,0,0,0
2017-11-28,1.514017669,1.52255562281,1.50630181519,1.51373327451,exit,0.99439235343398324,1.0051223823338802,1.0001878762222527,0,0,0,0,0
2017-11-29,1.48261224025,1.51615210261,1.50467470097,1.51098999426,exit,0.97787829974068319,0.98533738840064622,0.98121909865859069,0,0,0,0,0
2017-11-30,1.50334495699,1.51071083668,1.50709790129,1.50879791248,exit,0.99512422926268329,0.99750982049928716,0.99638589406603173,0,0,0,0,0
2017-12-01,1.49634650906,1.50385235485,1.5070541417,1.50634846016,short,0.99500892107469507,0.99289499139360482,0.99336013454575389,1,0,0,1,0
2017-12-04,1.48541172287,1.49634661963,1.50674797265,1.50350828972,short,0.99269227021094553,0.98583953642537336,0.98796377314667627,0,0,0,0,0
2017-12-05,1.4840118478,1.49034545539,1.5064505391,1.50098302859,short,0.99575024195112327,0.98510492663220051,0.98869328934881828,0,0,0,0,0
2017-12-06,1.47850078162,1.48952316366,1.50283763314,1.49962418854,short,0.99260005999456236,0.98380606727896192,0.9859141996490921,0,0,0,0,1
2017-12-07,1.4812126327,1.48509669881,1.49790376774,1.49976416713,short,0.9973846375752462,0.988857004436835,0.98763036560739026,0,1,0,0,0
2017-12-08,1.48164982726,1.48215736245,1.49300485865,1.49875521528,short,0.99965756996861121,0.99239451142563928,0.98858693677609066,0,0,0,0,0
2017-12-11,1.51051838261,1.4871786944,1.49176265701,1.5002248799,short,1.0156939366497357,1.0125728617157306,1.0068613064976339,0,0,0,0,0
2017-12-12,1.50203283829,1.4907828925,1.49056417394,1.50122799023,exit,1.0075463341106441,1.0076941768399617,1.0005361264654868,0,0,1,0,0
2017-12-13,1.50701908731,1.49648655363,1.49300485865,1.50072060664,exit,1.0070381746157637,1.00938659280211,1.0041969708714038,0,0,0,0,0
2017-12-14,1.50658162524,1.50156035214,1.49332852547,1.49912262921,exit,1.0033440368132009,1.0088748721632141,1.0049755743002899,0,0,0,0,0
2017-12-15,1.52189076464,1.50960853962,1.49588295103,1.49853941897,exit,1.0081360330841935,1.017386262467626,1.0155827370120125,0,0,0,0,0
2017-12-18,1.54332327623,1.51616951834,1.50167410637,1.49989827746,exit,1.0179094471711476,1.0277351588380661,1.028951962561877,0,0,0,1,0
2017-12-19,1.52687714742,1.52113838017,1.50596063633,1.50075557602,exit,1.0037726792831663,1.0138891486171353,1.0174056134260376,0,0,0,0,0
2017-12-20,1.52521506441,1.52477757559,1.51063206461,1.5035957643,exit,1.0002869197664725,1.0096535749139168,1.0143783991896285,0,0,0,0,0
2017-12-21,1.53098861497,1.52965897354,1.51560966284,1.50543867483,exit,1.0008692404382504,1.0101470401723083,1.0169717575161448,0,0,0,0,0
2017-12-22,1.53098861497,1.5314785436,1.52054354161,1.50774814856,exit,0.99968009435583238,1.0068693023756234,1.0154140241784315,0,0,0,0,0
2017-12-26,1.49214769534,1.52124342742,1.51870647288,1.50819721339,exit,0.98087371714262073,0.98251223786759589,0.9893584751985639,0,0,0,0,0
2017-12-27,1.49241002812,1.51435000356,1.51774419187,1.50875709208,short,0.98551195206290587,0.9833080146948181,0.98916521152162729,1,0,0,0,0
2017-12-28,1.4966091272,1.50862881612,1.51670319585,1.50996431511,short,0.99203270625954965,0.98675148261490864,0.99115529566837046,0,0,0,0,0
2017-12-29,1.48042534008,1.49851616114,1.51408756734,1.50991182894,short,0.98792751020882663,0.97776731809900497,0.98047138363287278,0,0,0,0,0
2018-01-02,1.50693159846,1.49370475784,1.51259165072,1.51159728035,short,1.0088550569000536,0.99625804343373547,0.99691340944285511,0,0,0,0,0
2018-01-03,1.506669123,1.49660904337,1.5089262354,1.51134066305,short,1.0067219155686686,0.99850415988266716,0.99690900922664072,0,1,0,0,0
2018-01-04,1.51366769578,1.5008605769,1.50760529023,1.51211632021,short,1.0085331836077776,1.0040212153552512,1.0010259631113028,0,0,0,0,0
2018-01-05,1.53090125989,1.50771900344,1.50817390978,1.51370846505,short,1.0153757141694961,1.0150694491920387,1.0113580621590159,0,0,0,0,0
2018-01-08,1.52521506441,1.51667694831,1.50759655472,1.51495069433,exit,1.0056294889405908,1.011686488427616,1.0067753822779653,0,0,1,0,0
2018-01-09,1.5250400778,1.52029864418,1.50700170101,1.51516064854,exit,1.0031187514664159,1.0119697122985378,1.0065203840082224,0,0,0,0,0
2018-01-10,1.52469011349,1.52390284227,1.51025594282,1.51391843769,exit,1.0005166150997791,1.0095574334528088,1.0071150965172733,0,0,0,0,0
2018-01-11,1.53335063551,1.52783943022,1.51435000356,1.51435000356,exit,1.0036071888071318,1.0125470544500215,1.0125470544500204,0,0,0,0,0
2018-01-12,1.54918459208,1.53149609666,1.51960755005,1.51594797207,exit,1.0115498142349972,1.0194636056042732,1.0219246442603034,0,0,0,1,0
2018-01-16,1.54131149644,1.53471538307,1.52569616569,1.51663616417,exit,1.0042979391797198,1.010234888901637,1.0162697770576523,0,0,0,0,0
2018-01-17,1.5667681205,1.5430609916,1.53167981789,1.51902146454,exit,1.0153637017732178,1.022908379543461,1.0314325090674412,0,0,0,0,0
2018-01-18,1.56816772804,1.55175651451,1.53782967839,1.52408946672,exit,1.0105758947201506,1.019727834671927,1.0289210458347053,0,0,0,0,0
2018-01-19,1.56116942279,1.55732027197,1.5425798511,1.52867342637,exit,1.0024716501096032,1.012050962341918,1.0212576446122383,0,0,0,0,0
2018-01-22,1.54839729054,1.55716281166,1.54432945416,1.53212597059,exit,0.99437083838855633,1.0026340470084913,1.0106200927759883,0,0,0,0,0
2018-01-23,1.54874713001,1.55864993838,1.54668266072,1.53668075658,exit,0.99364654748523573,1.0013347723723784,1.0078522317470555,0,0,0,0,0
2018-01-24,1.52407766481,1.55011184724,1.54658641942,1.53782382767,exit,0.98320496519207035,0.98544617078517815,0.99106128893408063,0,0,0,0,0
2018-01-25,1.49687132622,1.53585256687,1.54380454069,1.53717064122,short,0.97461915193129567,0.96959899181533393,0.97378344737822631,1,0,0,0,0
2018-01-26,1.50037047884,1.52369277808,1.54050652503,1.53628416009,short,0.98469356843110645,0.97394620176433233,0.9766230218458225,0,0,0,0,0
2018-01-29,1.46931515708,1.50787635139,1.53251958153,1.5321784199,short,0.97442681936368569,0.9587578356520674,0.9589713169111419,0,0,0,0,1
2018-01-30,1.46065476882,1.49025787915,1.52445390876,1.5278744002,short,0.98013557871598334,0.95814951204626375,0.95600447826740043,0,1,0,0,1
2018-01-31,1.46467873861,1.47837809391,1.51424497058,1.52385031092,short,0.99073352387781743,0.96726670193233844,0.96116969502278926,0,0,0,0,1
2018-02-01,1.46774057184,1.47255194304,1.50420225495,1.52005367481,short,0.99673263057216677,0.9757601193608415,0.96558470017358011,0,0,0,0,1
2018-02-02,1.40405506663,1.45328886059,1.48849081934,1.51143397022,short,0.96612249959307428,0.94327425361749961,0.92895561056326037,0,0,0,0,1
2018-02-05,1.36897577508,1.43322098419,1.47054866779,1.49942004908,short,0.95517424749939028,0.93092857452524613,0.91300351486924147,0,0,0,0,1
2018-02-06,1.42618738199,1.42632750683,1.45829269299,1.49174510812,short,0.99990175830268535,0.9779843160760201,0.95605299741280436,0,0,0,0,1
2018-02-07,1.39565687739,1.41252313458,1.44545061425,1.48033769191,short,0.98805948250840547,0.96555140911157633,0.94279628561421236,0,0,0,0,1
2018-02-08,1.35725328606,1.39042567743,1.43148881023,1.46627672911,short,0.97614227649521079,0.94814103775128566,0.92564606606363886,0,0,0,0,1
2018-02-09,1.37385452455,1.38438556901,1.4188372148,1.45378906923,short,0.99239298306735824,0.96829608796204059,0.94501640824503608,0,0,0,0,1
2018-02-12,1.42919165325,1.39642874465,1.41482486442,1.44584202674,short,1.0234619265235072,1.0101544644793889,0.9884839607754532,0,0,0,0,0
2018-02-13,1.44350897891,1.39989306403,1.41311028543,1.43882615,short,1.031156604744313,1.021511904482358,1.0032546175987043,0,0,0,0,0
2018-02-14,1.47012341456,1.41478637147,1.41365475303,1.43522919999,exit,1.0391133560590253,1.039945157341807,1.0243126425904507,0,0,1,0,0
2018-02-15,1.51948777745,1.44723326975,1.41882947359,1.4367369634,exit,1.0499259581831353,1.0709446101441411,1.0575963562965103,0,0,0,0,0
2018-02-16,1.51456888174,1.47537614118,1.4298808551,1.4376835236,exit,1.0265645752695198,1.059227330959758,1.0534786389896591,0,0,0,0,0
2018-02-20,1.50947432168,1.49143267487,1.44393070976,1.44036080124,exit,1.0120968563434805,1.0453924911225336,1.0479834777419097,0,0,0,1,0
2018-02-21,1.50262310934,1.50325550096,1.45157428249,1.44315869061,exit,0.99957931860990179,1.0351679052618494,1.0412043520392582,0,0,0,0,0
2018-02-22,1.51518364004,1.51226754605,1.46352695876,1.44652568403,exit,1.0019282923802681,1.0352960230543227,1.0474640421250361,0,0,0,0,0
2018-02-23,1.54153464606,1.51667691977,1.48195509476,1.45144528898,exit,1.0163895988423588,1.0402033445629555,1.0620687240240079,0,0,0,0,0
2018-02-26,1.57201412516,1.52816596846,1.50177105482,1.46264255955,exit,1.0286933210210933,1.0467734879546544,1.0747766875083404,0,0,0,0,0
2018-02-27,1.56691969887,1.5396550439,1.51554385938,1.47583882114,exit,1.0177082880255177,1.0338992759408296,1.0617146509696977,0,0,0,0,0
2018-02-28,1.56454787808,1.55203999764,1.5276477493,1.48506285421,exit,1.0080589936200937,1.0241548673767762,1.0535230031819911,0,0,0,0,0
2018-03-01,1.53714288604,1.55643184684,1.53434969645,1.49449525479,exit,0.98760693515309406,1.0018204387141401,1.0285364781930399,0,0,0,0,0
2018-03-02,1.54777124278,1.55767916619,1.53717804298,1.5071964519,exit,0.99363930415188106,1.0068913291149566,1.0269207048815925,0,0,0,0,0
2018-03-05,1.55312923246,1.55390218765,1.54103407805,1.5191480991,exit,0.99950257153093469,1.0078487261121929,1.022368545492343,0,0,0,0,0
2018-03-06,1.55181167413,1.5508805827,1.5452678133,1.52732276715,exit,1.0006003630744003,1.004234774567931,1.016033878041507,0,0,0,0,0
2018-03-07,1.53740644942,1.54545229697,1.5487461473,1.53358259852,short,0.99479385577889512,0.99267814295910761,1.0024934104647842,1,0,0,0,0
2018-03-08,1.5541832274,1.54886036524,1.55264610604,1.53918658604,short,1.0034366313971919,1.0009900011041752,1.0097432250853955,0,0,0,0,0
2018-03-09,1.5808855621,1.5554832291,1.55658119765,1.54327977169,short,1.0163308305231662,1.0156139393760828,1.0243674485349488,0,0,0,0,0
2018-03-12,1.5961691085,1.56409120431,1.55899669598,1.5487197868,exit,1.0205089729409169,1.0238438045533449,1.0306377706904095,0,0,1,0,0
2018-03-13,1.58079765413,1.56988840031,1.5603844915,1.55347467563,exit,1.0069490632711009,1.0130821363190781,1.0175882999100709,0,0,0,0,0
2018-03-14,1.56735865907,1.57587884224,1.5606655696,1.55779037895,exit,0.99459337676303383,1.0042886122435226,1.006142212875718,0,0,0,0,0
2018-03-15,1.56920321041,1.57888283884,1.56387160204,1.56139168364,exit,0.9938693181072209,1.0034092366429823,1.0050029258204862,0,0,0,0,0
2018-03-16,1.5636695564,1.5754396377,1.5654614334,1.56286734433,exit,0.99252901791733417,0.99885536815676124,1.0005132950462121,0,0,0,0,0
2018-03-19,1.53977813645,1.56416144329,1.5641263238,1.56071827842,exit,0.98441125949815222,0.98443336258671732,0.98658300972331248,0,0,0,0,0
2018-03-20,1.53925100076,1.55585211262,1.56287025646,1.55887369854,short,0.98932989085294132,0.98488725752731443,0.98741225937633503,1,0,0,0,0
2018-03-21,1.50437976163,1.54325633313,1.55956758769,1.55486249078,short,0.97480874002321627,0.96461337970237171,0.96753235128697024,0,0,0,0,1
2018-03-22,1.48312331566,1.52604035418,1.55246159651,1.55126118609,short,0.97187686524672379,0.95533655646823878,0.95607582331185792,0,0,0,0,1
2018-03-23,1.44877906954,1.50306225681,1.53925094726,1.54466170787,short,0.96388493755320781,0.9412234386641386,0.93792644833502048,0,1,0,0,1
2018-03-26,1.51755546083,1.49861772168,1.53138958249,1.5422901231,short,1.0126368044821867,0.99096629504336908,0.98396238042460249,0,0,0,0,1
2018-03-27,1.47864364767,1.48649625107,1.52117418184,1.53741225466,short,0.99471737423340911,0.97204098341807399,0.96177433423047631,0,0,0,0,0
2018-03-28,1.46230597257,1.47808149325,1.51066891319,1.53240555621,short,0.98932702915461079,0.96798574446019092,0.95425520133671859,0,0,0,0,1
2018-03-29,1.47372475195,1.47620178051,1.50112106735,1.52704165784,short,0.99832202576085027,0.9817494298165248,0.96508483863647698,0,0,0,0,0
2018-04-02,1.46406275862,1.47925851833,1.49116038757,1.51925347095,short,0.98972744823199765,0.98182782403911839,0.96367247902848607,0,0,0,0,1
2018-04-03,1.47908274163,1.47156397449,1.48509084809,1.51144771315,short,1.0051093715753645,0.99595438456613505,0.97858677396313642,0,0,0,0,0
2018-04-04,1.50736634072,1.4773085131,1.48190238208,1.50655229226,short,1.0203463442849414,1.0171832901725955,1.0005403386687322,0,0,0,0,0
2018-04-05,1.51781875669,1.48841106992,1.48324628159,1.5032496321,exit,1.0197577721384288,1.0233086544909267,1.0096917533038636,0,0,1,0,0
2018-04-06,1.47899511902,1.48946514334,1.48283346192,1.49723575934,exit,0.99297061474578985,0.99741148078900088,0.98781712218156514,0,0,0,0,0
2018-04-09,1.49366377336,1.49538534628,1.48732193231,1.49256870714,exit,0.99884874294741399,1.004263932988932,1.0007336789339045,0,0,0,0,0
2018-04-10,1.52177143167,1.50392308429,1.48774352939,1.49136826015,exit,1.0118678591779353,1.0228721561269849,1.0203860926430097,0,0,0,0,0
2018-04-11,1.51465678079,1.50538117231,1.4913448427,1.48972864549,exit,1.0061616344429878,1.0156314873778289,1.0167333395730493,0,0,0,1,0
2018-04-12,1.52958887367,1.5077351957,1.49807313281,1.49140925296,exit,1.0144943740967112,1.021037518238546,1.0255996941357266,0,0,0,0,0
2018-04-13,1.53477133277,1.51889043845,1.50417779089,1.4948524541,exit,1.0104555891037976,1.0203390463946957,1.0267042266005386,0,0,0,0,0
2018-04-16,1.54434556081,1.52902679594,1.51220607111,1.50122355352,exit,1.0100186372880242,1.0212533796250005,1.0287245741613373,0,0,0,0,0
2018-04-17,1.56560200678,1.53779291096,1.52085799763,1.50442665658,exit,1.0180837716330111,1.0294202412231306,1.0406635643788011,0,0,0,0,0
2018-04-18,1.56208842577,1.54727923996,1.52633020613,1.50998964179,exit,1.0095711138778305,1.0234275777874011,1.0345027426257438,0,0,0,0,0
2018-04-19,1.51781875669,1.54492521656,1.52633020613,1.51369049406,exit,0.98245451651430682,0.99442358579568912,1.0027272831825123,0,0,0,0,0
2018-04-20,1.45563028189,1.52909700639,1.52399372242,1.51248419606,exit,0.95195417674889382,0.95514191461021392,0.96241024248640761,0,0,0,0,0
2018-04-23,1.4514141862,1.51051073146,1.5197687637,1.5116409579,short,0.96087644792139737,0.9550230409135263,0.96015801808944079,1,0,0,0,0
2018-04-24,1.43121186893,1.48363270389,1.51071280743,1.50844956638,short,0.96466724221692413,0.94737521379973155,0.94879663253124891,0,0,0,0,1
2018-04-25,1.43744818921,1.45870465658,1.50299194827,1.50378835628,short,0.9854278470442529,0.95639114425246852,0.95588463842246907,0,1,0,0,1
2018-04-26,1.44245498397,1.44363190204,1.4942785593,1.49876410477,short,0.99918475196972711,0.96531866498050256,0.96242963077721977,0,0,0,0,0
2018-04-27,1.42576597128,1.43765903992,1.48337802315,1.49521549492,short,0.99172747619223089,0.9611615845921232,0.95355216430552159,0,0,0,0,1
2018-04-30,1.45158985053,1.43769417279,1.47410245212,1.49241056673,short,1.0096652528831636,0.98472792609596271,0.97264779739146967,0,0,0,0,0
2018-05-01,1.48531919567,1.44851563813,1.46607417101,1.48998041766,short,1.0254077737027196,1.0131269106568546,0.99687162197875256,0,0,0,0,0
2018-05-02,1.55093335245,1.47121267078,1.46495866368,1.49239885577,exit,1.0541870548348342,1.0586874502994803,1.0392217512407305,0,0,1,0,0
2018-05-03,1.55374399076,1.49347047214,1.46855118709,1.49400919691,exit,1.0403580249792312,1.0580114635566382,1.039982882280166,0,0,0,0,0
2018-05-04,1.61470267253,1.53125781239,1.48445842615,1.4993379529,exit,1.0544943245108807,1.0877385611335253,1.0769437733536273,0,0,0,0,0
2018-05-07,1.62638489045,1.56621682037,1.50195549658,1.50480724154,exit,1.0384161817813882,1.0828449272679075,1.080792838813845,0,0,0,0,0
2018-05-08,1.63420246621,1.59599347448,1.52225455631,1.5093806055,exit,1.023940568893553,1.0735408604545167,1.0826974059763839,0,0,0,1,0
2018-05-09,1.64570914464,1.61494863292,1.54308065185,1.51495532009,exit,1.0190473623101926,1.0665088326187824,1.0863087002058327,0,0,0,0,0
2018-05-10,1.66924923591,1.63804968195,1.56576007704,1.52505068538,exit,1.0190467690379277,1.0660951574806106,1.0945532839795649,0,0,0,0,0
2018-05-11,1.6629006631,1.64768928006,1.58947354623,1.53886871079,exit,1.0092319487775068,1.0461958722409961,1.0805994373905989,0,0,0,0,0
2018-05-14,1.65902092373,1.65421648672,1.61021665354,1.55270915996,exit,1.0029043580747623,1.0303091326723031,1.0684685622468528,0,0,0,0,0
2018-05-15,1.64394296854,1.65616458718,1.62607903083,1.56689123327,exit,0.99262052894018415,1.010985897593323,1.0491749099370986,0,0,0,0,0
2018-05-16,1.65928530752,1.65887981976,1.63691422634,1.58168037449,exit,1.0002444346799491,1.0136666178465232,1.0490648643574543,0,0,0,0,0
2018-05-17,1.64879261154,1.65478849489,1.64641908842,1.59543621632,exit,0.99637664670679138,1.0014416275558378,1.0334431390442838,0,0,0,0,0
2018-05-18,1.64279672285,1.65076770684,1.64922849345,1.6099049331,exit,0.99517134727490342,0.99610013371428052,1.0204308894758432,0,0,0,0,0
2018-05-21,1.65443579828,1.64985068175,1.65203358423,1.62342799628,short,1.0027791100023651,1.0014540951646007,1.0191002015925994,1,0,0,0,0
2018-05-22,1.65029168404,1.65112042485,1.65364250601,1.63442616217,short,0.99949807367443444,0.99797367208136034,1.0097070900082239,0,0,0,0,0
2018-05-23,1.66087254658,1.65143787266,1.65515884621,1.64175544178,short,1.0057130056669226,1.0034520556064186,1.0116443072571255,0,0,0,0,0
2018-05-24,1.65902092373,1.6534835351,1.65413601499,1.64877390398,short,1.0033489227530095,1.0029531481650082,1.0062149332463508,0,0,0,0,0
2018-05-25,1.66281248761,1.65748668805,1.65412719744,1.65198122498,exit,1.0032131778788638,1.0052506785326569,1.0065565288890226,0,0,1,0,0
2018-05-29,1.65681659891,1.65796284817,1.65390676496,1.65401000555,exit,0.99930863996083863,1.0017593700055603,1.0016968418323835,0,1,0,0,0
2018-05-30,1.65328941882,1.65856239513,1.65484140999,1.65528246905,exit,0.996820754936519,0.99906215111932939,0.99879594554610751,0,0,0,0,0
2018-05-31,1.64773439866,1.65593476555,1.6536863191,1.65541748599,exit,0.99504789255191317,0.99640081654363133,0.99535882193323166,0,0,0,0,0
2018-06-01,1.67744970802,1.65962052241,1.65655202875,1.65596418413,exit,1.0107429291077261,1.0126151662674496,1.0129746307927792,0,0,0,1,0
2018-06-04,1.69146945033,1.66535191495,1.6614193015,1.65786876994,exit,1.015682892692253,1.0180870348632522,1.0202673944958474,0,0,0,0,0
2018-06-05,1.70451943168,1.6748924815,1.66642766484,1.66090200381,exit,1.0176888668986657,1.0228583380143148,1.0262612892091316,0,0,0,0,0
2018-06-06,1.71042714488,1.68632002671,1.67244121092,1.66533428223,exit,1.0142956958258955,1.0227128665033709,1.0270773640656734,0,0,0,0,0
2018-06-07,1.70584216211,1.6979415794,1.67693817248,1.66843807254,exit,1.0046530356534256,1.017236168935409,1.0224186262527661,0,0,0,0,0
2018-06-08,1.69032320463,1.70051627873,1.68006840057,1.67120677874,exit,0.99400589443378917,1.0061038015266628,1.0114386957586941,0,0,0,0,0
2018-06-11,1.68617909039,1.69945820674,1.68240506085,1.67409893658,exit,0.99218626483817696,1.0022432347812367,1.0072159139168395,0,0,0,0,0
2018-06-12,1.69543736519,1.69764179344,1.68626713747,1.67683237437,exit,0.99870147621012173,1.00543818207084,1.0110953194232764,0,0,0,0,0
2018-06-13,1.68150565569,1.6918574956,1.68908876116,1.67891330582,exit,0.99388137598044501,0.99551053465038275,1.0015440641680793,0,0,0,0,0
2018-06-14,1.68238738384,1.68716653995,1.69255405968,1.6803476283,short,0.99716734773945359,0.99399329328178021,1.0012138890196804,1,0,0,0,0
2018-06-15,1.66510497899,1.68212289482,1.69131958677,1.68075323198,short,0.98988307222991045,0.98450050009150325,0.99068973797362037,0,0,0,0,0
2018-06-18,1.66422338461,1.67773175366,1.6885949802,1.68084729178,short,0.99194843334039884,0.98556693826809949,0.99010980518365399,0,0,0,0,0
2018-06-19,1.6373297355,1.66611022773,1.68187601058,1.67954816756,short,0.98272593748610126,0.9735139363389681,0.97486322043339746,0,0,0,0,1
2018-06-20,1.64447200364,1.65870349732,1.67528049646,1.67896033988,short,0.99142010992619412,0.98160994956922676,0.97945851643153647,0,1,0,0,0
2018-06-21,1.63530176166,1.64928637288,1.66822645642,1.67813149741,short,0.99152081078882448,0.9802636538788112,0.97447772369760477,0,0,0,0,0
2018-06-22,1.63054016039,1.64237340916,1.66224815199,1.67500419424,short,0.99279503144359416,0.98092463416957276,0.97345437462284357,0,0,0,0,1
2018-06-25,1.6062921059,1.63078715342,1.65425945354,1.66932570461,short,0.98497961707299453,0.97100373370318682,0.96224008380696169,0,0,0,0,1
2018-06-26,1.62621969517,1.62856514535,1.64733768654,1.66410572217,short,0.99855980573437453,0.98718053284276153,0.97723340140094184,0,0,0,0,0
2018-06-27,1.62383903721,1.62443855207,1.64157102469,1.65833318166,short,0.99963094026923183,0.98919816004783956,0.97919950898245822,0,0,0,0,0
2018-06-28,1.6356544547,1.62450909068,1.63689773178,1.65365400117,short,1.0068607581766833,0.99924046746976736,0.98911528865589071,0,0,0,0,0
2018-06-29,1.63221571763,1.62484420212,1.63360880564,1.6497801687,short,1.0045367521959423,0.99914723279380913,0.98935345968530208,0,0,0,0,0
2018-07-02,1.65046775858,1.63367933266,1.63223324304,1.64739941325,exit,1.0102764511876472,1.0111715133943735,1.0018625388016256,0,0,1,0,0
2018-07-03,1.62172261145,1.63277991591,1.63067253063,1.64248509633,exit,0.9932279271956469,0.9945115165575108,0.98735910302727825,0,0,0,0,0
2018-07-05,1.6347725928,1.63496662703,1.62970258955,1.63936955881,exit,0.99988132220707737,1.0031109990761515,0.99719589400663655,0,0,0,0,0
2018-07-06,1.65743395218,1.63932252653,1.6319158086,1.6377059967,exit,1.0110481161359766,1.0156369240669629,1.0120460910133555,0,0,0,0,0
2018-07-09,1.68044758549,1.6489689001,1.63690655111,1.63872883713,exit,1.01908992060931,1.0265995846549709,1.0254579936696517,0,0,0,0,0
2018-07-10,1.67841947789,1.65455924396,1.64411928831,1.63967524335,exit,1.0144209003199238,1.0208623485092658,1.0236292123726387,0,0,0,1,0
2018-07-11,1.65664025685,1.66154277304,1.64716134448,1.64096261144,exit,0.99704941920801271,1.0057546957412611,1.0095539321289135,0,0,0,0,0
2018-07-12,1.68441550035,1.67147135455,1.65321899079,1.64362551122,exit,1.0077441625064016,1.0188701616240061,1.0248170820253686,0,0,0,0,0
2018-07-13,1.68706081854,1.67739672782,1.65835962718,1.64707611501,exit,1.0057613625631143,1.0173069766590455,1.0242761722800444,0,0,0,0,0
2018-07-16,1.68335742123,1.67797869497,1.66347379754,1.65059726573,exit,1.0032054794689154,1.0119530729737956,1.0198474553280521,0,0,0,0,0
2018-07-17,1.68811888874,1.67991857714,1.66723891055,1.65605238459,exit,1.0048813744365754,1.0125236869499634,1.0193632184886214,0,0,0,0,0
2018-07-18,1.67886033751,1.68436259327,1.67295268316,1.65956176074,exit,0.99673333058632763,1.0035312740210911,1.0116287186291395,0,0,0,0,0
2018-07-19,1.69191045262,1.68586158373,1.67866646914,1.6640998551,exit,1.0035879985352096,1.0078895860029919,1.0167120965906311,0,0,0,0,0
2018-07-20,1.68803071325,1.68605556267,1.68172614525,1.66759160567,exit,1.0011714623319166,1.0037488672105888,1.012256662546541,0,0,0,0,0
2018-07-23,1.68952965198,1.68729000882,1.6826343519,1.67141253463,exit,1.0013273611243507,1.0040979194790747,1.0108394049802609,0,0,0,0,0
2018-07-24,1.70178608068,1.69002344721,1.68497101217,1.6748337561,exit,1.0069600415854771,1.009979440824081,1.016092537231351,0,0,0,0,0
2018-07-25,1.71783406434,1.69781819257,1.69109039292,1.6812411863,exit,1.0117891726299009,1.0158144541118215,1.0217653947227914,0,0,0,0,0
2018-07-26,1.71245539516,1.70192718108,1.6938943824,1.68642003979,exit,1.0061860543690844,1.0109575974425458,1.0154382388460836,0,0,0,0,0
2018-07-27,1.68397449806,1.70111593804,1.69358575036,1.68818940951,exit,0.98992341462302957,0.99432490956174502,0.99750329469510712,0,0,0,0,0
2018-07-30,1.67453987229,1.6981179821,1.69270399546,1.68779556197,exit,0.98611515214717338,0.98926916742457105,0.99214615207126433,0,0,0,0,0
2018-07-31,1.67789044279,1.69333885453,1.69168115087,1.68776029296,exit,0.99087695195040615,0.99184792709468494,0.99415210192653314,0,0,0,0,0
2018-08-01,1.77673511292,1.70511906424,1.70146862841,1.6957666167,exit,1.042000614607665,1.0442361870533226,1.0477474290546562,0,0,0,0,0
2018-08-02,1.82867050294,1.7283620858,1.71514463344,1.70538361687,exit,1.0580366914792163,1.0661902601581916,1.0722927585608646,0,0,0,0,0
2018-08-03,1.83396114823,1.75835941583,1.72973767694,1.71517697218,exit,1.0429956081301546,1.0602539175039949,1.069254763778301,0,0,0,0,0
2018-08-06,1.84348407433,1.79214825624,1.74513311917,1.72585208239,exit,1.0286448500627838,1.056357279612985,1.0681587913264239,0,0,0,0,0
2018-08-07,1.82620166949,1.82181050158,1.75757467805,1.73505760111,exit,1.0024103318675088,1.0390464156617165,1.0525308602588341,0,0,0,0,0
2018-08-08,1.82743609067,1.83195069713,1.76853488069,1.74496265132,exit,0.99753562884261526,1.0333050880861792,1.0472637275608923,0,0,0,0,0
2018-08-09,1.84180865978,1.8345783285,1.78147020715,1.75495586513,exit,1.0039411406776939,1.0338700318339349,1.0494900164589303,0,0,0,0,0
2018-08-10,1.83632262481,1.83505062382,1.79670501982,1.76484199256,exit,1.000693169427689,1.0220501443168672,1.0405025676765074,0,0,0,0,0
2018-08-13,1.84817968667,1.83598974628,1.81406900126,1.77541866154,exit,1.0066394381606774,1.018803411215591,1.0409824604750904,0,0,0,0,0
2018-08-14,1.8559662387,1.84194266012,1.83187658085,1.78569733874,exit,1.0076134718427789,1.013150262469886,1.0393509574298008,0,0,0,0,0
2018-08-15,1.8603019438,1.84851583075,1.84023326394,1.79519519738,exit,1.0063759870781521,1.0109055086946903,1.0362672240442534,0,0,0,0,0
2018-08-16,1.88755535747,1.85766517029,1.84612174939,1.8068685282,exit,1.0160901908813464,1.0224435945746553,1.0446556171733035,0,0,0,0,0
2018-08-17,1.9252497639,1.87545059811,1.85525061096,1.82295354592,exit,1.0265531738546974,1.0377302950449379,1.0561156471627577,0,0,0,0,0
2018-08-20,1.90649114192,1.88711288916,1.86155131772,1.83841696389,exit,1.010268730010778,1.0241410611509585,1.037028693359445,0,0,0,0,0
2018-08-21,1.9027746895,1.89647457932,1.86920861972,1.85340924701,exit,1.003322011405535,1.0179573694584123,1.026634939138342,0,0,0,0,0
2018-08-22,1.90286313251,1.90498681706,1.87675132391,1.86181778165,exit,0.99888519724741331,1.0139133023510638,1.0220458474882612,0,0,0,0,0
2018-08-23,1.90675647987,1.90882704154,1.88324610591,1.86702351344,exit,0.99891527015101678,1.0124839626016882,1.0212814493987972,0,0,0,0,0
2018-08-24,1.91268487258,1.90631406328,1.89088233069,1.87227176173,exit,1.0033419515845834,1.0115303535998303,1.0215850666946522,0,0,0,0,0
2018-08-27,1.92843527288,1.91070288947,1.89890788931,1.87793517497,exit,1.0092805550827355,1.015549666065481,1.0268912892121747,0,0,0,0,0
2018-08-28,1.94400851964,1.9189496555,1.90771211741,1.88578896498,exit,1.0130586355236511,1.0190261423081093,1.0308727836132412,0,0,0,0,0
2018-08-29,1.9730313821,1.93298330541,1.91898506124,1.89549531774,exit,1.0207182734453442,1.0281640133399719,1.0409054370293278,0,0,0,0,0
2018-08-30,1.99117088516,1.94986618647,1.92934661401,1.90545279943,exit,1.0211833504137509,1.0320441494054984,1.0449856778144351,0,0,0,0,0
2018-08-31,2.01417690299,1.97016459255,1.93823932791,1.91730975131,exit,1.0223394078844932,1.0391786370120184,1.0505224320726354,0,0,0,0,0
2018-09-04,2.02063623913,1.9886047858,1.94965383764,1.92880685481,exit,1.016107500873447,1.0364076945969045,1.047609424493178,0,0,0,0,0
2018-09-05,2.00745196137,2.00129347415,1.96012156482,1.93890590299,exit,1.0030772534362944,1.0241466638577916,1.035352957704333,0,0,0,0,0
2018-09-06,1.97409339381,2.00150587649,1.96724459095,1.94649199965,exit,0.98630407084716964,1.0034814190800669,1.0141800706893092,0,0,0,0,0
2018-09-07,1.95816609856,1.99490491917,1.97238555282,1.95119938239,exit,0.98158367336026664,0.99279073290847564,1.0035704788717299,0,0,0,0,0
2018-09-10,1.93188612874,1.97844676432,1.97430567844,1.95164180672,exit,0.97646606599637542,0.97851419354121227,0.98987740582860262,0,0,0,0,0
2018-09-11,1.98072975865,1.97046546822,1.97953512701,1.95659104783,short,1.0052090689177469,1.00060349100124,1.0123371262706344,1,0,0,0,0
2018-09-12,1.95613105321,1.96020128659,1.98074738037,1.96014813875,short,0.99792356355936951,0.98757220259200029,0.99795062145790592,0,0,0,0,0
2018-09-13,2.00338186175,1.96605898018,1.98378242834,1.96684938736,short,1.018983602191788,1.0098798301325256,1.018574108734706,0,0,0,0,0
2018-09-14,1.9806410392,1.97055396831,1.98272944374,1.97177502465,short,1.0051189011061441,0.99894670220943993,1.0044964635599398,0,0,0,0,0
2018-09-17,1.92790433837,1.96975761023,1.97410218728,1.9727896557,short,0.97875206997637454,0.97659804583249221,0.97724779364897196,0,0,0,0,0
2018-09-18,1.93108971359,1.95982960122,1.96514753472,1.97296661842,short,0.98533551712251266,0.98266907673399273,0.97877465111056827,0,1,0,0,0
2018-09-19,1.93224004347,1.95505139927,1.95762634293,1.97218205334,short,0.98833209407355405,0.98703210162693966,0.97974730081098693,0,0,0,0,0
2018-09-20,1.94692856582,1.94376074009,1.95490986014,1.97044186559,short,1.0016297405687815,0.99591730827359137,0.98806699138223175,0,0,0,0,0
2018-09-21,1.92595772711,1.93282407767,1.95168902299,1.96609432172,short,0.99644750360855905,0.98681588328059633,0.97958562101420477,0,0,0,0,0
2018-09-24,1.953653231,1.9379738562,1.95386573322,1.96205941025,short,1.0080906018166249,0.99989124011313657,0.99571563470166546,0,0,0,0,0
2018-09-25,1.96604123629,1.94496416074,1.95239688098,1.9584197434,short,1.0108367423821945,1.0069885152159106,1.003891654442993,0,0,0,0,0
2018-09-26,1.95037941276,1.9485920346,1.95182171694,1.95461490682,short,1.0009172664846444,0.99926104717455388,0.9978330800387315,0,0,0,0,0
2018-09-27,1.99046292194,1.95729890582,1.95052982296,1.9557062087,exit,1.0169437667505623,1.0204729497173601,1.0177719501482849,0,0,1,0,0
2018-09-28,1.99745333528,1.97159802746,1.95221105256,1.95832535781,exit,1.0131138839969676,1.023174893233191,1.0199803251832154,0,0,0,0,0
2018-10-01,2.01090294207,1.98304796967,1.96051091293,1.96359314537,exit,1.0140465449281886,1.0257035188139267,1.0240934823049439,0,0,0,0,0
2018-10-02,2.02877684857,1.99559509212,1.97027962643,1.9667962847,exit,1.0166274995242377,1.029689807148656,1.031513463980001,0,0,0,1,0
2018-10-03,2.05346413078,2.01621203573,1.98240203516,1.97328515653,exit,1.0184762784830224,1.0358464601817381,1.0406322289415308,0,0,0,0,0
2018-10-04,2.01736242089,2.02159193552,1.98944542067,1.97421719381,exit,0.99790782968917868,1.0140325539615986,1.0218543467326615,0,0,0,0,0
2018-10-05,1.98462297225,2.01902586291,1.99531194518,1.97448265601,exit,0.98296064884703316,0.99464295647455014,1.0051356826062581,0,0,0,0,0
2018-10-08,1.98002179543,2.01284963358,1.99794880163,1.97795715315,exit,0.98369086413468032,0.99102729450391469,1.0010438255849494,0,0,0,0,0
2018-10-09,2.00745196137,2.00858465614,2.00208987413,1.98304796967,exit,0.99943607317144489,1.002678245019704,1.0123063042713418,0,0,0,0,0
2018-10-10,1.91445472266,1.98078277452,1.99849740512,1.98186228161,short,0.96651422219823302,0.95794706450444644,0.96598776838194256,1,0,0,0,0
2018-10-11,1.89755399248,1.95682108884,1.98920651218,1.97857064339,short,0.96971256253726279,0.95392508563969425,0.95905293997001995,0,0,0,0,1
2018-10-12,1.96533340684,1.95296317576,1.98599451933,1.98119568871,short,1.0063340831176089,0.98959659138255518,0.99199358147154781,0,0,0,0,0
2018-10-15,1.92330316156,1.94161944898,1.97723454128,1.97917235074,short,0.99056648951773696,0.9727238329090222,0.97177143811283118,0,1,0,0,0
2018-10-16,1.9656871878,1.93326649427,1.97092557521,1.97914874751,short,1.0167699040103866,0.99734216884263294,0.99319830824947264,0,0,0,0,0
2018-10-17,1.95719279739,1.94181410921,1.96129844187,1.97960297315,short,1.0079197530317827,0.99790667020078194,0.98867945943477986,0,0,0,0,0
2018-10-18,1.9114460997,1.94459253066,1.95070680975,1.974335185,short,0.98295456223423838,0.97987359768504334,0.96814670285688287,0,0,0,0,0
2018-10-19,1.9405576727,1.93963738383,1.94630027979,1.97054214083,short,1.0004744643894705,0.99704947527566767,0.98478364531530238,0,0,0,0,0
2018-10-22,1.95241445812,1.94545964314,1.94353954606,1.96664290857,exit,1.0035748955264627,1.0045663655639212,0.99276510728489209,0,0,1,0,0
2018-10-23,1.97081929913,1.94648606541,1.93987627984,1.96277907194,exit,1.0125011086157774,1.0159510271936285,1.0040963485420431,0,0,0,0,0
2018-10-24,1.90321704724,1.93569091538,1.93875251229,1.9527625997,short,0.9832236294145541,0.98167096376174556,0.97462796938533769,1,0,0,0,0
2018-10-25,1.94489337779,1.94238037099,1.94348645083,1.94793133016,short,1.0012937768710244,1.0007239191027271,0.99844042121884657,0,0,0,0,0
2018-10-26,1.91392364547,1.93705356555,1.93834547469,1.94321804171,short,0.98805922536463453,0.98740068293205385,0.98492480225254153,0,0,0,0,0
2018-10-29,1.87799908912,1.92217049175,1.93381506745,1.93641652796,short,0.97702003915966318,0.97113685829428809,0.96983219364600448,0,0,0,0,1
2018-10-30,1.88737833769,1.90548229946,1.92598418243,1.92841161971,short,0.99049901341065028,0.9799552638606277,0.97872172019503556,0,0,0,0,1
2018-10-31,1.93657574856,1.91215403973,1.92392247755,1.92988635477,short,1.0127718313118177,1.0065768091806748,1.003466211248923,0,0,0,0,0
2018-11-01,1.96630657425,1.91643667902,1.92940852501,1.93446986022,short,1.0260221982674467,1.0191240210464796,1.0164575911349547,0,0,0,0,0
2018-11-02,1.83588012439,1.9008279748,1.91894077017,1.92583964139,short,0.96583181051917677,0.95671536762459952,0.9532881580212863,0,0,0,0,1
2018-11-05,1.78376266732,1.88198069044,1.9020755911,1.91653694178,short,0.94781135448571652,0.93779799061298041,0.93072177657548838,0,0,0,0,1
2018-11-06,1.80305250917,1.86511552474,1.8852989121,1.90569462987,short,0.9667243048794063,0.95637487382000852,0.94613926119790925,0,0,0,0,1
2018-11-07,1.85773582126,1.84934753928,1.8807507895,1.89906416479,short,1.0045358061706877,0.98776288258253997,0.97823752124790164,0,0,0,0,0
2018-11-08,1.8512541648,1.82633705739,1.8713868682,1.89505136913,short,1.0136432140577449,0.98924182714955988,0.97688864532009145,0,0,0,0,0
2018-11-09,1.81555916079,1.82227286467,1.86155041974,1.88671813501,short,0.99631575270132133,0.97529411051286208,0.9622842581011718,0,0,0,0,1
2018-11-12,1.72410181854,1.81034069491,1.84616069268,1.87149729237,short,0.95236317859171682,0.93388502169940668,0.92124195187056523,0,0,0,0,1
2018-11-13,1.70687587883,1.79110536884,1.82811044679,1.85390106435,short,0.95297345902641362,0.93368312720074087,0.92069415766197793,0,0,0,0,1
2018-11-14,1.65866115917,1.75129043643,1.80031898785,1.83759733848,short,0.94710798658507023,0.92131515046067169,0.90262492464484256,0,0,0,0,1
2018-11-15,1.69959495365,1.7209585942,1.77364782579,1.8212441102,short,0.98758619724222418,0.95824826605273739,0.93320546330659293,0,0,0,0,1
2018-11-16,1.71841916329,1.7015305947,1.76190172968,1.80821047806,short,1.0099255156760081,0.97532066308625032,0.95034244306286231,0,0,0,0,0
2018-11-19,1.6503145394,1.68677313887,1.74855691689,1.79303150807,short,0.9783855939889593,0.94381516749833283,0.92040465098566748,0,0,0,0,1
2018-11-20,1.57146589977,1.65969114305,1.72539825595,1.77197067888,short,0.94684237265581273,0.91078444895073862,0.88684644644323107,0,0,0,0,1
2018-11-21,1.5696900661,1.64189692444,1.69659368043,1.74751163338,short,0.95602229514661297,0.92520093891669408,0.89824298511816902,0,0,0,0,1
2018-11-23,1.52982182354,1.60794229842,1.66445044631,1.71841265,short,0.95141587172751529,0.91911527130756354,0.89025288747403231,0,0,0,0,1
2018-11-26,1.55051072005,1.57436060977,1.63794560223,1.69938802305,short,0.98485106298349034,0.94661917827832309,0.91239357876124083,0,0,0,0,1
2018-11-27,1.54713661646,1.55372502518,1.62024908202,1.68361295299,short,0.99575960442588052,0.95487578646152516,0.91893841379423147,0,0,0,0,1
2018-11-28,1.6066281947,1.56075748417,1.61022431361,1.67051799869,short,1.0293900307997297,0.99776669692420039,0.96175449528821833,0,0,0,0,0
2018-11-29,1.59428591796,1.56567665454,1.60378678949,1.6529546718,short,1.0182727789517589,0.9940759759381208,0.9645067376352876,0,0,0,0,0
2018-11-30,1.58567301498,1.57684689283,1.59239459562,1.63524926181,short,1.0055973234896467,0.99577894784478138,0.96968275847070651,0,0,0,0,0
2018-12-03,1.64108007413,1.59496076365,1.58466068671,1.6236173227,exit,1.028915639513297,1.0356034499318036,1.0107554601552293,0,0,1,0,0
2018-12-04,1.5688910649,1.59931165333,1.57651833926,1.61326993913,exit,0.98097894905524419,0.99516195012199538,0.97249135240642415,0,0,0,0,0
2018-12-06,1.55139870822,1.58826575604,1.5745116201,1.60290479442,exit,0.9767878595414845,0.98532058348457396,0.96786703341570013,0,0,0,0,0
2018-12-07,1.49608049338,1.56862467112,1.56715066283,1.59206608337,exit,0.95375300473126101,0.95465007217300712,0.93971004659143476,0,0,0,0,0
2018-12-10,1.50593652094,1.55267737231,1.56476213257,1.57915552119,short,0.96989661071573763,0.96240603577645045,0.95363407893486085,1,0,0,0,0
2018-12-11,1.4973234842,1.52392605433,1.55944340899,1.56441580925,short,0.98254339831706139,0.96016532281650779,0.95711349588347161,0,0,0,0,0
2018-12-12,1.50149686543,1.51044721444,1.55487943388,1.55449463098,short,0.99407437153791001,0.96566771204912738,0.96590675548452443,0,0,0,1,0
2018-12-13,1.51792352751,1.50375217829,1.54600896717,1.5509251395,short,1.0094239924756609,0.98183358553808076,0.97872133789482774,0,1,0,0,0
2018-12-14,1.46935352875,1.49840678537,1.53351572824,1.54423603701,short,0.98061056790645029,0.95816006428318135,0.95150837924950749,0,0,0,0,0
2018-12-17,1.45567940797,1.48835536277,1.52051636754,1.53929320931,short,0.97804559608730923,0.95735859149324165,0.94568039355564015,0,0,0,0,0
2018-12-18,1.4745924619,1.48380915831,1.50386760632,1.5342319921,short,0.99378848933574593,0.98053342974122981,0.96112743672381462,0,0,0,0,0
2018-12-19,1.4285974407,1.46922927337,1.4898382439,1.52632938038,short,0.97234479777512661,0.95889432731718682,0.93596929932831774,0,0,0,0,1
2018-12-20,1.39254729135,1.44415402614,1.47395310221,1.51205732016,short,0.9642650757116682,0.94477041994040312,0.92096197200260077,0,0,0,0,1
2018-12-21,1.33838322304,1.41795996499,1.45818337518,1.49499714049,short,0.94387941555418942,0.91784287615477167,0.89524132641090326,0,0,0,0,1
2018-12-24,1.30375390471,1.38757486434,1.43796511356,1.47620253314,short,0.93959175696584352,0.90666587973140866,0.88318091551480393,0,0,0,0,1
2018-12-26,1.39556625853,1.37176962366,1.42778939099,1.45983494544,short,1.0173473989010198,0.97743145265912212,0.95597537440021785,0,0,0,0,1
2018-12-27,1.38650922324,1.36335198017,1.41629062677,1.44767615599,short,1.0169855205457177,0.9789722512002822,0.95774819354725427,0,0,0,0,0
2018-12-28,1.38721963875,1.36228644965,1.40322023789,1.43673088469,short,1.0183024569498773,0.98859722892259483,0.96553895620200847,0,0,0,0,0
2018-12-31,1.40062748525,1.37473530209,1.39634763354,1.43036735082,short,1.0188343044027117,1.0030650330911746,0.97920823237877597,0,0,0,0,0
2019-01-02,1.40222574625,1.3944296704,1.39100226737,1.42345329917,exit,1.0055908705989134,1.0080686273069261,0.9850872853117506,0,0,1,0,0
2019-01-03,1.26255368434,1.36782715557,1.36979838961,1.40780197918,short,0.9230359838991159,0.92170767166479828,0.89682618934545055,1,0,0,0,0
2019-01-04,1.31645119302,1.35381554952,1.35858376485,1.39546560102,short,0.97240070368668086,0.9689878733128755,0.94337774578878308,0,0,0,0,1
2019-01-07,1.31352108797,1.33907583937,1.35068114451,1.38183877172,short,0.98091612839175413,0.97248791346020524,0.95056030765472566,0,0,0,0,0
2019-01-08,1.33856078679,1.32666249967,1.35069890088,1.37311925559,short,1.0089685862943165,0.9910134567439105,0.97483214319433187,0,0,0,0,0
2019-01-09,1.36129195177,1.31847574078,1.35645270559,1.36682675851,short,1.0324740225888485,1.0035675745682839,0.99595061575547728,0,0,0,0,0
2019-01-10,1.36564289674,1.33909358326,1.35346036941,1.35956345416,short,1.0198263316444021,1.0090010225676054,1.0044716137081395,0,0,0,0,0
2019-01-11,1.35223491648,1.34625032795,1.35003293874,1.35447261921,short,1.0044453757290968,1.001631054831446,0.99834791586039784,0,0,0,0,0
2019-01-14,1.33190129906,1.34992637017,1.34450110477,1.35042955306,exit,0.98664736721622104,0.99062863863725115,0.9862797330237123,0,0,1,0,0
2019-01-15,1.35916097277,1.35404640736,1.34035445352,1.35181473638,exit,1.0037772452807729,1.0140310044090204,1.0054343514614443,0,0,0,0,0
2019-01-16,1.37576535018,1.35694108705,1.33770841391,1.35661549941,exit,1.0138725721529964,1.0284493510519599,1.0141159015091057,0,0,0,0,0
2019-01-17,1.38393425461,1.36059935862,1.34984647094,1.35584003248,exit,1.0171504534712192,1.025253082042676,1.020720897347821,0,0,0,0,0
2019-01-18,1.3924585719,1.3686440897,1.35744720883,1.35623665573,exit,1.0174000548233866,1.0257920623686627,1.0267076664100927,0,0,0,1,0
2019-01-22,1.36120323231,1.37450447636,1.36221542326,1.35450222863,exit,0.99032288052094131,0.99925695236541245,1.0049472075734467,0,0,0,0,0
2019-01-23,1.3667083149,1.37601394478,1.36503017607,1.35224095061,exit,0.99323725612205394,1.0012293785574409,1.0106988065172091,0,0,0,0,0
2019-01-24,1.35587557971,1.37203599069,1.36448853887,1.3491509395,exit,0.98822158377336011,0.99368777464209967,1.0049843497944677,0,0,0,0,0
2019-01-25,1.400805049,1.37541014956,1.36800475409,1.35836769715,exit,1.0184635102768684,1.0239767404350384,1.0312414318578504,0,0,0,0,0
2019-01-28,1.38784120996,1.37448667718,1.37156538344,1.36312703161,exit,1.0097160147179507,1.0118666063736665,1.0181305027179137,0,0,0,0,0
2019-01-29,1.37345666476,1.37693736367,1.37572092001,1.36712273673,exit,0.99747214433955556,0.99835413184406196,1.004633035394161,0,0,0,0,0
2019-01-30,1.46731126921,1.39705795453,1.38653594965,1.37570610222,exit,1.0502866144188834,1.0582569240792017,1.0665877448929895,0,0,0,0,0
2019-01-31,1.4778777212,1.42145838282,1.39674718676,1.38347848685,exit,1.039691164408346,1.058085339429476,1.0682332506359322,0,0,0,0,0
2019-02-01,1.4785881367,1.43701500036,1.40621257496,1.39100816952,exit,1.0289302034619334,1.0514684358731967,1.0629615045443928,0,0,0,0,0
2019-02-04,1.52058735827,1.46356423003,1.4190254536,1.40223166564,exit,1.0389618214699408,1.0715715876742553,1.0844052345488786,0,0,0,0,0
2019-02-05,1.5466037647,1.49819365001,1.43756550684,1.41654516335,exit,1.032312321366252,1.0758492446736991,1.0918139461579963,0,0,0,0,0
2019-02-06,1.54713661646,1.51415871947,1.455608337,1.42907687292,exit,1.0217796830492416,1.0628797439115727,1.0826125912285258,0,0,0,0,0
2019-02-07,1.51783481697,1.52215013862,1.47180426072,1.43854817071,exit,0.99716498291451938,1.0312749171052307,1.05511573951771,0,0,0,0,0
2019-02-08,1.51961827504,1.53035616629,1.48368558333,1.44759377207,exit,0.99298340380685457,1.0242185353250119,1.0497546372155904,0,0,0,0,0
2019-02-11,1.51087910134,1.5284145149,1.49598937246,1.45548847403,exit,0.98852705637464144,1.0099530980277391,1.0380563833309053,0,0,0,0,0
2019-02-12,1.52389859401,1.52387348076,1.51103356539,1.46633483148,exit,1.0000164798784439,1.0085140587999615,1.0392569018320854,0,0,0,0,0
2019-02-13,1.5175671694,1.51795959135,1.51605915541,1.47639208845,exit,0.99974148063606394,1.0009946933732878,1.027888987809187,0,0,0,0,0
2019-02-14,1.52309606152,1.51901184026,1.52058098944,1.48754012057,short,1.0026887356277498,1.0016540204642888,1.0239025088837397,1,0,0,0,0
2019-02-15,1.51970739577,1.51902966441,1.52469291535,1.49546694369,short,1.0004461607174273,0.99673014839613638,1.0162092864632402,0,0,0,0,0
2019-02-19,1.52425523747,1.52170489164,1.52505970327,1.50456121219,short,1.0016759792591179,0.99947250209659155,1.0130895473880377,0,0,0,0,0
2019-02-20,1.53406445748,1.52373806433,1.52380577255,1.51526839837,short,1.0067770133139182,1.006732278559423,1.012404442096682,0,0,0,0,0
2019-02-21,1.52541454719,1.52530753989,1.52163356562,1.51914195023,exit,1.0000701545772326,1.0024848174079928,1.0041290393936091,0,0,1,0,0
2019-02-22,1.54244685396,1.52917769837,1.52409476932,1.52344655909,exit,1.008677314348388,1.0120413015053269,1.0124719142651541,0,0,0,0,0
2019-02-25,1.55368276373,1.53597277197,1.52750121819,1.52845286755,exit,1.0115301469425848,1.0171401143430492,1.0165068198748846,0,1,0,0,0
2019-02-26,1.55457455964,1.5420366364,1.53187076402,1.53071868098,exit,1.0081307557453263,1.0148209601981424,1.015584756988414,0,0,0,1,0
2019-02-27,1.55938990623,1.54710172615,1.53541989524,1.53157109041,exit,1.0079427098235567,1.0156113718875663,1.0181635811664933,0,0,0,0,0
2019-02-28,1.54405192787,1.55082920228,1.53806837109,1.53136544451,exit,0.9956299027629919,1.0038903061136113,1.0082844257785053,0,0,0,0,0
2019-03-01,1.56028170214,1.55439617192,1.54178693515,1.53419523685,exit,1.0037863771963023,1.0119956698106953,1.0170033543719665,0,0,0,0,0
2019-03-04,1.56812907993,1.55728543516,1.54662910356,1.53742929051,exit,1.0069631709906743,1.0139011843982708,1.0199682610480909,0,0,0,0,0
2019-03-05,1.5652754418,1.55942561159,1.550731124,1.54105571321,exit,1.0037512723661119,1.0093790068283375,1.0157163225053039,0,0,0,0,0
2019-03-06,1.55626888805,1.55880140796,1.55295156705,1.54321373281,exit,0.99837534153280205,1.0021361393806096,1.0084597194558502,0,0,0,0,0
2019-03-07,1.53825565572,1.55764215353,1.55423567791,1.54459296523,exit,0.98755394635087246,0.98971840473425998,0.99589710062308223,0,0,0,0,0
2019-03-08,1.54191183527,1.55396818015,1.55418217604,1.54584735015,short,0.99224157544485947,0.99210495335706528,0.99745413744516565,1,0,0,0,0
2019-03-11,1.5953271164,1.55940778745,1.5583466113,1.55088866486,exit,1.0230339550951175,1.023730603207802,1.0286535407383413,0,0,1,0,0
2019-03-12,1.61325122799,1.56900294469,1.56421427814,1.55682173089,exit,1.0282015298051606,1.0313492534496982,1.0362466016384806,0,0,0,0,0
2019-03-13,1.62038519402,1.58182620588,1.57031380692,1.56257644666,exit,1.0243762481600747,1.0318862299244607,1.0369957882579279,0,0,0,0,0
2019-03-14,1.63839829259,1.60185473325,1.57974844339,1.57010869635,exit,1.0228132792441598,1.0371260686768549,1.0434935469086577,0,0,0,0,0
2019-03-15,1.65971092725,1.62541455165,1.5896913659,1.57792630124,exit,1.0211000790945512,1.0440460097177202,1.0518304473069364,0,0,0,0,0
