Date,Close,ROI,Lower Bound,Upper Bound,Middle Bound,RSI,SMA5,SMA10,SMA15,EMA5,EMA10,EMA15
2017-01-03,1.0,,,,,,,,,1.0,1.0,1.0
2017-01-04,0.998880827607,-0.00111917239313,,,,,,,,0.999626942536,0.99979651411,0.999860103451
2017-01-05,1.00396042422,0.00508528792919,,,,,,,,1.00107143643,1.00055358868,1.00037264355
2017-01-06,1.01515286155,0.0111482853858,,,,,,,,1.0057652448,1.00320800193,1.0022201708
2017-01-09,1.02445106856,0.00915941565988,,,,,1.00848903639,,,1.01199385272,1.00707037768,1.00499903302
2017-01-10,1.02548431266,0.00100858315863,,,,,1.01358589892,,,1.0164906727,1.01041836586,1.00755969297
2017-01-11,1.03099443359,0.00537318890694,,,,,1.02000862012,,,1.02132525967,1.01415946908,1.01048903555
2017-01-12,1.02668968087,-0.00417534040764,,,,,1.02455447145,,,1.02311340007,1.01643768941,1.01251411622
2017-01-13,1.02488166422,-0.00176101570473,,,,,1.02650023198,,,1.02370282145,1.01797295756,1.01406005972
2017-01-17,1.03314676982,0.00806444869682,,,,,1.02823937223,1.01836420431,,1.02685080424,1.02073183251,1.01644589848
2017-01-18,1.03306070776,-8.33009040119e-05,,,,,1.02975465125,1.02167027509,,1.02892077208,1.02297344619,1.01852274964
2017-01-19,1.03125275353,-0.00175009485536,,,,,1.02980631524,1.02490746768,,1.02969809923,1.0244787748,1.02011400013
2017-01-20,1.03314676982,0.00183661695287,,,,,1.03109773303,1.02782610224,,1.0308476561,1.0260547739,1.02174309634
2017-01-23,1.03383555166,0.000666683434451,,,,,1.03288851052,1.02969437125,,1.03184362128,1.02746946076,1.02325465325
2017-01-24,1.0328885123,-0.000916044485392,,,,81.1976169092,1.03283685902,1.03053811563,1.02318842255,1.03219191829,1.02845474286,1.02445888564
2017-01-25,1.04933280413,0.0159206842034,,,,87.0262474934,1.03609127829,1.03292296477,1.02647727615,1.0379055469,1.032250754,1.02756812545
2017-01-26,1.0498493905,0.000492299845738,,,,86.0706331472,1.03981060568,1.03480846046,1.02987518035,1.0418868281,1.03545050609,1.03035328358
2017-01-27,1.04993545256,8.1975624963e-05,,,,83.0652205618,1.04316834223,1.03713303763,1.03294018224,1.04456970292,1.03808413272,1.0328010547
2017-01-30,1.04718039656,-0.00262402417317,,,,74.729087064,1.04583731121,1.03936291087,1.03507535124,1.04543993413,1.03973799887,1.03459847243
2017-01-31,1.04476979389,-0.00230199369217,0.998385014741,1.06050440284,1.02944470879,70.4397598394,1.04821356753,1.04052521327,1.03642993293,1.04521655405,1.04065287069,1.03586988762
2017-02-01,1.10848040165,0.060980522342,0.990445887864,1.07929156988,1.03486872887,86.6097996619,1.06004308703,1.04806718266,1.04196300553,1.06630450325,1.05298514905,1.04494620187
2017-02-02,1.10658639427,-0.00170865210571,0.988664806268,1.09184320815,1.04025400721,88.7636752384,1.07139048779,1.05560054673,1.04700246957,1.07973180026,1.06273083,1.05265122592
2017-02-03,1.11132166239,0.00427916712459,0.987949796239,1.10329434199,1.04562206912,90.7733434569,1.08366772975,1.06341803599,1.05264460167,1.0902617543,1.0715655268,1.05998503048
2017-02-06,1.12173918448,0.00937399354451,0.985906715658,1.11599605487,1.05095138526,90.8906331428,1.09857948734,1.07220839927,1.05910176969,1.10075423103,1.08068801001,1.06770429973
2017-02-07,1.13241502651,0.00951722305676,0.983155407077,1.12954375924,1.05634958316,91.7289361111,1.11610853386,1.08216105069,1.06571965347,1.11130782952,1.0900929221,1.07579314058
2017-02-08,1.13680584129,0.00387739006966,0.981983437485,1.1418478817,1.06191565959,93.4099368808,1.12177362179,1.09090835441,1.0726359957,1.11980716678,1.09858618014,1.08341972817
2017-02-09,1.14502046535,0.00722605722568,0.980985618427,1.15424830393,1.06761696118,93.7059919389,1.12946043601,1.1004254619,1.08022050983,1.12821159964,1.10702877745,1.09111982031
2017-02-10,1.14242644911,-0.0022654758798,0.982907661164,1.16389993802,1.07340379959,91.9251843131,1.13568139335,1.10967456155,1.08750582178,1.13294988279,1.11346471775,1.09753314891
2017-02-13,1.15254318648,0.00885548245356,0.985760967397,1.17381278401,1.0797868757,93.1275627334,1.14184219375,1.12021084054,1.0954196641,1.13948098402,1.12056989388,1.10440940361
2017-02-14,1.16750234374,0.012979259638,0.987445637274,1.18556367153,1.0865046544,92.9678424892,1.1488596572,1.13248409553,1.10439391953,1.14882143726,1.12910306659,1.11229602113
2017-02-15,1.17173912786,0.00362892985603,0.990781920302,1.19609523051,1.09343857541,93.1379061078,1.15584631451,1.13880996815,1.11255434111,1.15646066746,1.13685507773,1.11972640947
2017-02-16,1.17035599079,-0.00118041382315,0.996633818232,1.2041536563,1.10039373727,92.2930667215,1.1609134196,1.1451869278,1.12058811446,1.16109244191,1.14294615283,1.12605510713
2017-02-17,1.17355524153,0.0027335706074,1.00381188703,1.21101643468,1.10741416085,94.3039936328,1.16713917808,1.15141028572,1.12882943373,1.16524670845,1.14851144168,1.13199262393
2017-02-21,1.18202908619,0.0072206610858,1.01218568207,1.21746199309,1.11482383758,96.2050627316,1.17303635802,1.15743927589,1.13781934637,1.17084083436,1.15460555887,1.13824718172
2017-02-22,1.18557435974,0.00299931159482,1.02281043735,1.22210582256,1.12245812995,93.378504888,1.17665076122,1.16275520921,1.14720631743,1.17575200949,1.16023624993,1.14416307897
2017-02-23,1.18055912909,-0.0042302118016,1.03241031189,1.22562858051,1.1290194462,90.4487073159,1.17841476147,1.16713053799,1.15201156592,1.17735438269,1.16393131887,1.14871258523
2017-02-24,1.18168319715,0.00095214888544,1.04387942444,1.22734284863,1.13561113653,90.0362297517,1.18068020274,1.17079681117,1.15701801945,1.17879732084,1.1671589331,1.15283391172
2017-02-27,1.18401786795,0.00197571633999,1.05761909149,1.22701142311,1.1423152573,88.9777465,1.18277272802,1.17495595305,1.16186443315,1.18053750321,1.17022419399,1.15673190625
2017-02-28,1.18453683528,0.000438310386928,1.07539458671,1.22297157177,1.14918307924,87.3254146031,1.18327427784,1.17815531793,1.1660509432,1.1818706139,1.1728264924,1.16020752238
2017-03-01,1.20874788246,0.0204392522518,1.09726995897,1.21749400837,1.15738198367,90.047168586,1.18790898238,1.1822798718,1.17113980027,1.19082970342,1.17935765423,1.16627506739
2017-03-02,1.20157105037,-0.00593741026308,1.10347134028,1.22060169192,1.1620365161,82.048784262,1.19211136664,1.18526306406,1.17545748087,1.1944101524,1.18339645353,1.17068706526
2017-03-03,1.20866148154,0.0059009670369,1.11118891122,1.22309162971,1.16714027047,85.7206482368,1.19750702352,1.18909361313,1.17970021529,1.19916059545,1.18799009499,1.1754338673
2017-03-06,1.20485685363,-0.0031478027256,1.1200289672,1.22360509286,1.17181703003,80.3483471114,1.20167482066,1.19222377434,1.18386224225,1.20105934818,1.19105677837,1.17911174059
2017-03-07,1.20641334542,0.00129184789321,1.12777489658,1.22432657957,1.17605073807,76.6484484874,1.20605012268,1.19466220026,1.18745358618,1.20284401392,1.19384888147,1.18252444119
2017-03-08,1.20191693942,-0.00372708575736,1.13458469234,1.2244669751,1.17952583372,70.6907772662,1.20468393408,1.19629645823,1.18974789256,1.20253498909,1.1953158011,1.18494850347
2017-03-09,1.19914984489,-0.00230223440536,1.14170824695,1.22357782085,1.1826430339,69.4379065699,1.20419969298,1.19815552981,1.1915752737,1.20140660769,1.19601289997,1.18672367115
2017-03-10,1.20312755108,0.00331710520335,1.14772690772,1.22336986866,1.18554838819,69.7170866031,1.20309290689,1.2002999652,1.19376004438,1.20198025549,1.1973064729,1.18877415614
2017-03-13,1.20364624197,0.000431118786382,1.15592156147,1.22129719419,1.18860937783,66.1156636443,1.20285078456,1.20226280261,1.19576611108,1.20253558431,1.19845915819,1.19063316687
2017-03-14,1.2018305385,-0.00150850258835,1.16268579344,1.21946169742,1.19107374543,62.4939663911,1.20193422317,1.20399217293,1.1970862079,1.20230056904,1.19907213642,1.19203283832
2017-03-15,1.2145414348,0.0105762800098,1.16546935131,1.22138204866,1.19342569998,73.1651856513,1.20445912225,1.20457152816,1.19901734624,1.20638085763,1.20188473613,1.19484641288
2017-03-16,1.21653008279,0.00163736529468,1.1678478302,1.22348266526,1.19566524773,73.4587727797,1.20793516983,1.2060674314,1.20141540982,1.20976393268,1.20454752643,1.19755687162
2017-03-17,1.21047745253,-0.00497532313263,1.17182176518,1.22352087645,1.19767132082,67.0910261602,1.20940515012,1.2062490285,1.20333502684,1.21000177263,1.20562569481,1.19917194423
2017-03-20,1.22318848259,0.0105008400068,1.17452275777,1.22578320797,1.20015298287,71.4658947988,1.21331359824,1.2080821914,1.20594640115,1.21439734262,1.20881892895,1.20217401153
2017-03-21,1.20918044887,-0.0114520647673,1.17707384534,1.22594725666,1.201510551,50.4535581989,1.21478358031,1.20835890174,1.20758930872,1.21265837803,1.20888465985,1.2030498162
2017-03-22,1.22284245978,0.0112985708056,1.17837661995,1.22837129206,1.203373956,62.3781028911,1.21644378531,1.21045145378,1.20852894721,1.21605307195,1.21142244165,1.20552389664
2017-03-23,1.21851886455,-0.00353569276332,1.18185390115,1.2286899844,1.20527194278,56.0288383825,1.21684154166,1.21238835575,1.20965880149,1.21687500282,1.21271270036,1.20714826763
2017-03-24,1.21609792659,-0.00198678742889,1.18593398171,1.22805137679,1.20699267925,56.9779128103,1.21796563647,1.2136853933,1.21015456449,1.21661597741,1.21332819604,1.208266975
2017-03-27,1.21817325194,0.00170654460557,1.19008913178,1.22731176511,1.20870044845,57.2366465457,1.21696259034,1.21513809429,1.21104232438,1.21713506892,1.21420911529,1.20950525962
2017-03-28,1.24342195734,0.0207266949566,1.19065026739,1.23263914172,1.21164470455,70.030169627,1.22381089204,1.21929723618,1.21350956518,1.22589736506,1.21952054112,1.21374484683
2017-03-29,1.24618906079,0.0022253937462,1.18752701149,1.23950651545,1.21351676347,72.6841646552,1.22848021224,1.22246199878,1.21646103993,1.23266126363,1.22436936288,1.21780037358
2017-03-30,1.24454616808,-0.00131833343888,1.18687864336,1.24445239535,1.21566551935,70.4615544001,1.23368567295,1.2252636073,1.21948746148,1.23662289845,1.22803787291,1.22114359789
2017-03-31,1.24221148836,-0.00187592857429,1.18644215319,1.2482438862,1.2173430197,68.7631474452,1.2389083853,1.22843701089,1.2220930573,1.23848576175,1.2306148939,1.2237770842
2017-04-03,1.2425573774,0.000278446181579,1.18696467286,1.25149141891,1.21922804588,70.1000658102,1.24378521039,1.23037390037,1.22468713299,1.23984296697,1.23278625454,1.22612462085
2017-04-04,1.25180953484,0.00744606052604,1.18673946808,1.25625624263,1.22149785536,68.9440791603,1.24546272589,1.23463680897,1.22801906608,1.24383182293,1.23624503278,1.2293352351
2017-04-05,1.24532434709,-0.00518065054813,1.18863810232,1.25869834915,1.22366822574,64.1157990417,1.24528978315,1.2368849977,1.23007126024,1.24432933098,1.2378958172,1.2313338741
2017-04-06,1.24221148836,-0.00249963693339,1.19185923409,1.25978338174,1.22582130791,66.0507913035,1.24482284721,1.23925426008,1.23178335394,1.24362338344,1.23868048468,1.23269357588
2017-04-07,1.23944452759,-0.00222744741527,1.1949234189,1.26035089457,1.22763715674,59.2228113165,1.24426945506,1.24158892018,1.23371449228,1.24223043149,1.23881940157,1.23353744484
2017-04-10,1.23797443672,-0.00118608847209,1.19838407326,1.26032305969,1.22935356648,68.7984638466,1.24335286692,1.24356903866,1.23470022255,1.24081176657,1.2386657716,1.23409206883
2017-04-11,1.22465843969,-0.0107562778629,1.20223212871,1.25875779436,1.23049496154,51.442650561,1.23792264789,1.24169268689,1.23573208861,1.23542732428,1.23611898398,1.23291286519
2017-04-12,1.22612826304,0.00120019043319,1.2037282478,1.25842035809,1.23107430295,55.40479738,1.23408343108,1.23968660712,1.23595114216,1.2323276372,1.23430248926,1.23206478992
2017-04-13,1.21964306637,-0.00528916661149,1.20419883449,1.25826106976,1.23122995213,52.5422091896,1.22956974668,1.23719629695,1.23602608895,1.22809944692,1.23163713965,1.23051207447
2017-04-17,1.22638774224,0.00553004076558,1.20668209765,1.25736883557,1.23202546661,55.2208883462,1.22695838961,1.23561392234,1.23671207666,1.2275288787,1.23068270376,1.22999653295
2017-04-18,1.22094007895,-0.00444203990878,1.20638534865,1.25744074421,1.23191304643,32.416488733,1.22355151806,1.23345219249,1.23689653179,1.22533261211,1.22891131743,1.2288644762
2017-04-19,1.21644368187,-0.00368273362247,1.20793091371,1.25662150245,1.23227620808,27.3179117149,1.22190856649,1.22991560719,1.23509798009,1.22236963537,1.2266444746,1.22731187691
2017-04-20,1.23166232725,0.0125107685722,1.2087752313,1.25665917161,1.23271720145,42.064279031,1.22301537934,1.22854940521,1.23412953119,1.22546719933,1.22755681145,1.2278556832
2017-04-21,1.23019237015,-0.00119347411387,1.21026427585,1.25633747762,1.23330087673,42.516905758,1.22512524009,1.22734749339,1.23317261133,1.22704225627,1.22803600394,1.22814776907
2017-04-24,1.24203841007,0.00962942074056,1.2127490844,1.25644671741,1.23459790091,49.903101068,1.22825537366,1.22760688164,1.23316107278,1.2320409742,1.23058189596,1.22988409919
2017-04-25,1.24973406681,0.00619598932803,1.21476742691,1.25758445639,1.23617594165,49.0275242567,1.23401417123,1.22878284465,1.23363951874,1.23793867174,1.23406410884,1.23236534515
2017-04-26,1.24238429912,-0.00588106532692,1.21478456478,1.2574635527,1.23612405874,48.5520667793,1.23920229468,1.23055543059,1.23301116969,1.23942054753,1.23557687071,1.23361771439
2017-04-27,1.24333542266,0.000765563068374,1.21488850523,1.25707424843,1.23598137683,50.8325118039,1.24153691376,1.23227614655,1.23287857473,1.24072550591,1.23698751652,1.23483242793
2017-04-28,1.242124811,-0.000973680663884,1.21494739764,1.25677322032,1.23586030898,51.7530105821,1.24392340193,1.23452432101,1.23287279624,1.24119194094,1.23792157006,1.23574397581
2017-05-01,1.26746020267,0.0203968163687,1.21197579652,1.26226969287,1.2371227447,63.5732638974,1.24900776045,1.23863156706,1.23474050791,1.24994802818,1.24329223054,1.23970850417
2017-05-02,1.27550201598,0.00634482509607,1.20835904184,1.26918091141,1.23876997662,74.4606861251,1.25416135028,1.24408776076,1.23724234652,1.25846602411,1.24914855516,1.24418269314
2017-05-03,1.27161085339,-0.00305069105383,1.20641398769,1.27310609741,1.23976004255,71.4589423834,1.26000666114,1.24960447791,1.24037250744,1.26284763387,1.25323260938,1.24761121317
2017-05-04,1.26702790379,-0.00360405039466,1.2053907883,1.27629965247,1.24084522039,72.8890488575,1.26474515736,1.25314103556,1.24309915015,1.26424105718,1.25574084473,1.2500382995
2017-05-05,1.28803996775,0.0165837420795,1.20186400885,1.28440927986,1.24313664436,76.0350967883,1.27392818872,1.25892579532,1.24765894358,1.27217402737,1.26161341255,1.25478850803
2017-05-08,1.32305966416,0.0271883616051,1.19280370921,1.30183109316,1.24731740118,84.4190584715,1.28504808101,1.26702792073,1.25410373837,1.2891359063,1.2727854583,1.26332240255
2017-05-09,1.33153364258,0.00640483468394,1.18600781003,1.31798291292,1.25199536148,87.8209396099,1.29625440633,1.27520787831,1.26147664262,1.30326848506,1.28346694635,1.27184880755
2017-05-10,1.32522153311,-0.00474048065088,1.18477786266,1.32926916963,1.25702351615,82.7862535438,1.30697654228,1.28349160171,1.26872849937,1.31058616774,1.2910586894,1.27852039825
2017-05-11,1.33668235815,0.00864823333438,1.18364792543,1.34145451638,1.2625512209,84.8431953723,1.32090743315,1.29282629526,1.27572983476,1.31928489788,1.2993539019,1.28579064324
2017-05-12,1.35535008483,0.0139657163582,1.18298122597,1.35569191768,1.26933657183,85.3700692832,1.33436945657,1.30414882264,1.2840736824,1.33130662686,1.30953502607,1.29448557343
2017-05-15,1.35187719402,-0.00256235702581,1.18430140398,1.36692068485,1.27561104442,82.8154129847,1.34013296254,1.31259052178,1.291396268,1.33816348258,1.31723360206,1.30165952601
2017-05-16,1.34987996746,-0.00147737277107,1.18881407666,1.37530200102,1.28205803884,85.9402853277,1.34380222751,1.32002831692,1.29807266138,1.34206897754,1.32316930486,1.30768708119
2017-05-17,1.30455699008,-0.0335755611364,1.19807302302,1.37485438548,1.28646370425,66.569496295,1.33966931891,1.32332293059,1.30221750744,1.32956498172,1.31978524763,1.3072958198
2017-05-18,1.32443994765,0.0152411567386,1.20511610615,1.37708906439,1.29110258527,70.0761653182,1.33722083681,1.32906413498,1.30762447577,1.32785663703,1.32063155672,1.30943883578
2017-05-19,1.3289548573,0.00340891986851,1.21350842815,1.3785729911,1.29604070963,66.6132510841,1.3319417913,1.33315562393,1.31341314553,1.32822271045,1.3221448841,1.31187833847
2017-05-22,1.33702987909,0.00607621977915,1.22043883433,1.38114173183,1.30079028308,66.5520486055,1.32897232831,1.33455264543,1.31805112395,1.33115843333,1.32485124682,1.31502228105
2017-05-23,1.33538017346,-0.00123385845583,1.22708386012,1.38306131671,1.30507258841,67.3876039141,1.32607236952,1.33493729851,1.32204300112,1.33256568004,1.32676559712,1.3175670176
2017-05-24,1.33138600571,-0.00299103418961,1.23660288017,1.38244246731,1.30952267374,67.6742819846,1.33143817264,1.33555374577,1.32602801128,1.33217245526,1.32760567141,1.31929439111
2017-05-25,1.33598772649,0.00345633854943,1.24743106192,1.38087951595,1.31415528893,64.4342170653,1.33374772841,1.33548428261,1.33062533279,1.33344421234,1.32912968142,1.32138105804
2017-05-26,1.33373033408,-0.00168968049584,1.26083765896,1.37663347121,1.31873556509,54.2338699216,1.33470282377,1.33332230753,1.33367135721,1.33353958625,1.32996616373,1.32292471754
2017-05-30,1.3342513435,0.000390640751458,1.26913758287,1.37501266139,1.32207512213,51.4663944893,1.33414711665,1.33155972248,1.33441746917,1.33377683867,1.33074528732,1.32434054579
2017-05-31,1.32635008664,-0.00592186539826,1.27642653646,1.37280851486,1.32461752566,50.8622386379,1.33234109928,1.3292067344,1.33407189877,1.33130125466,1.32994615992,1.32459173839
2017-06-01,1.32999674238,0.00274939156326,1.28629287981,1.36878076041,1.32753682011,47.8027544359,1.33206324662,1.33175070963,1.33439024605,1.33086641723,1.32995535673,1.32526736389
2017-06-02,1.34970634521,0.0148192865502,1.30065828269,1.36268320168,1.33167074218,48.268831392,1.33480697036,1.33427734939,1.33525851186,1.33714639322,1.33354644555,1.32832223656
2017-06-05,1.33650873591,-0.00977813385348,1.31083038133,1.35735797985,1.33409418059,44.8810389192,1.33536265073,1.33503273725,1.33400242193,1.33693384078,1.33408504379,1.32934554897
2017-06-06,1.34102377932,0.00337823711304,1.31213887571,1.35784589698,1.33499238635,47.2925579947,1.33671713789,1.33543212727,1.33327886095,1.33829715363,1.33534663207,1.33080532777
2017-06-07,1.34901184731,0.00595669376664,1.31224582375,1.35948676942,1.33586629658,71.9624285056,1.34124949002,1.33679529465,1.33322098627,1.34186871819,1.33783121666,1.33308114271
2017-06-08,1.34571244498,-0.00244579195741,1.31343744482,1.36034423953,1.33689084218,62.5788076807,1.34439263054,1.33822793858,1.33596468327,1.34314996045,1.33926416726,1.33466005549
2017-06-09,1.29352995314,-0.0387768516467,1.30429844091,1.36516800295,1.33473322193,36.9509543857,1.33315735213,1.33398216125,1.33390401697,1.32660995802,1.3309488556,1.3295187927
2017-06-12,1.26262021724,-0.023895647583,1.28718899523,1.37300446186,1.33009672855,26.1743997163,1.3183796484,1.32687114956,1.32948170763,1.30528004442,1.31852546681,1.32115647077
2017-06-13,1.27277873275,0.00804558280288,1.27749001343,1.37479359754,1.32614180548,31.2129338212,1.30473063908,1.32072388849,1.32519829787,1.29444627387,1.3102078788,1.31510925352
2017-06-14,1.26036256623,-0.00975516497594,1.26621377518,1.37711809567,1.32166593542,29.6019962128,1.28700078287,1.31412513645,1.32019712406,1.28308503799,1.3011450947,1.30826591761
2017-06-15,1.25280855386,-0.00599352327016,1.2559650772,1.38219195002,1.31907851361,26.4526651039,1.26842000465,1.3064063176,1.31495862727,1.27299287661,1.29235663273,1.30133374714
2017-06-16,1.23527020112,-0.0139992281299,1.24132433259,1.38791571999,1.31462002629,24.2209525404,1.25676805424,1.29496270319,1.30824412558,1.26041865145,1.28197728153,1.29307580388
2017-06-19,1.27060816039,0.0286074732791,1.23619797705,1.38720740583,1.31170269144,36.5010434214,1.25836564287,1.28837264563,1.30403598066,1.26381515443,1.27991016859,1.29026734845
2017-06-20,1.25906011402,-0.00908859766778,1.2297955946,1.38581281177,1.30780420319,35.8490647979,1.25562191912,1.2801762791,1.29902323203,1.26223014096,1.27611924958,1.28636644414
2017-06-21,1.26652717259,0.00593066088273,1.22540560054,1.38331750575,1.30436155314,36.979892161,1.2568548404,1.27192781163,1.29503503776,1.26366248484,1.27437523558,1.2838865352
2017-06-22,1.26444354511,-0.0016451502371,1.22121103575,1.38081782448,1.30101443011,31.0338675601,1.25918183865,1.26380092165,1.29066482461,1.26392283826,1.27256947368,1.28145616144
2017-06-23,1.27008728473,0.00446341763333,1.21855671509,1.37688210096,1.29771940803,34.8076071335,1.26614525537,1.2614566548,1.28535688725,1.26597765375,1.2721181666,1.28003505185
2017-06-26,1.26609311697,-0.0031447978442,1.21587646381,1.37279863053,1.29433754717,32.7692693285,1.26524224669,1.26180394478,1.28066251265,1.26601614149,1.27102270303,1.27829230999
2017-06-27,1.24794653348,-0.0143327400255,1.21131129412,1.36873331922,1.29002230667,27.6545113832,1.26301953058,1.25932072485,1.27445736293,1.25999293882,1.26682703584,1.27449908793
2017-06-28,1.26618006186,0.0146108249747,1.20955959477,1.36446801609,1.28701380543,33.8241671252,1.26295010843,1.25990247441,1.2689352439,1.26205531317,1.2667094042,1.27345920967
2017-06-29,1.24751233518,-0.0147433427814,1.20629271216,1.35948645799,1.28288958507,38.9608610846,1.25956386644,1.25937285254,1.26238856991,1.25720765384,1.26321902802,1.27021585036
2017-06-30,1.25046449302,0.00236643578522,1.20690030069,1.34895468424,1.27792749246,46.8264668413,1.2556393081,1.26089228173,1.25951753924,1.25495993356,1.26090002165,1.26774693069
2017-07-03,1.24594958336,-0.00361058604814,1.20668116216,1.3401179075,1.27339953483,42.3146043963,1.25161060138,1.25842642403,1.25840616365,1.2519564835,1.25818176015,1.26502226227
2017-07-05,1.25107217088,0.0041113922949,1.20967042104,1.32813348778,1.26890195441,47.4465635348,1.25223572886,1.25762762972,1.25695905952,1.25166171262,1.25688910755,1.26327850085
2017-07-06,1.23926395867,-0.00943847404319,1.21634604331,1.31048307665,1.26341455998,46.1901475638,1.24685250822,1.25490130833,1.25555248568,1.24752912797,1.25368453503,1.26027668308
2017-07-07,1.25185362259,0.0101589849611,1.2317963638,1.28564687392,1.25872161886,55.6416540113,1.2477207657,1.25364231607,1.2554888236,1.24897062618,1.25335164186,1.25922380052
2017-07-10,1.2594943034,0.00610349379227,1.23562303339,1.27841663935,1.25701983637,46.0199682094,1.24952672778,1.25258301794,1.25710376375,1.25247851859,1.25446848941,1.25925761338
2017-07-11,1.26357515744,0.00324007343544,1.23561397386,1.2785211929,1.25706758338,52.0787421862,1.2530518426,1.25233122199,1.25663489689,1.2561773982,1.25612424723,1.25979730638
2017-07-12,1.26539861907,0.0014430970882,1.23614792088,1.27724923452,1.2566985777,49.7765986217,1.25591713223,1.25407643055,1.25705746389,1.25925113849,1.25781049666,1.26049747047
2017-07-13,1.28302419314,0.0139288709566,1.23416733611,1.28149598198,1.25783165904,57.1698900337,1.26466917913,1.25576084367,1.25815726526,1.26717549004,1.26239480511,1.2633133108
2017-07-14,1.29405095364,0.00859435119151,1.23138132638,1.28840623169,1.25989377903,58.7808562724,1.27310864534,1.26041470552,1.2601310925,1.27613397791,1.26815046848,1.26715551616
2017-07-17,1.29856572953,0.00348887026288,1.23210717503,1.29400993588,1.26305855545,61.7640419657,1.28092293056,1.26522482917,1.26202965548,1.28361122845,1.27368051594,1.27108179283
2017-07-18,1.30308104939,0.00347715926194,1.22901555081,1.300348849,1.2646821999,72.0161757018,1.28882410896,1.27093797578,1.26449551764,1.29010116876,1.27902606748,1.2750816999
2017-07-19,1.3112424721,0.00626317351123,1.22614300328,1.30843963234,1.26729131781,69.4482570097,1.29799287956,1.2769550059,1.26871524688,1.29714826988,1.28488359559,1.27960179643
2017-07-20,1.30533843288,-0.0045026296436,1.22471268012,1.31375108152,1.26923188082,78.2581280575,1.30245572751,1.28356245332,1.27132580495,1.29987832421,1.28860265692,1.28281887598
2017-07-21,1.30473088877,-0.000465430334407,1.22407265091,1.3184198451,1.271246248,77.1433461793,1.30459171453,1.28885017994,1.27514037519,1.30149584573,1.29153506271,1.28555787758
2017-07-24,1.32053285854,0.0121112866266,1.2217139132,1.32582314019,1.2737685267,83.5028266084,1.30898514033,1.29495403545,1.27981159956,1.30784151667,1.29680738922,1.2899297502
2017-07-25,1.32617659815,0.00427383505009,1.21987355445,1.33367184706,1.27677270075,83.5334570183,1.31360425009,1.30121417952,1.28516006721,1.31395321049,1.30214724539,1.29446060619
2017-07-26,1.33242829207,0.00471407347193,1.22066799729,1.34132558008,1.28099678868,93.9974141313,1.31784141408,1.30791714682,1.29058380863,1.32011157102,1.30765289024,1.29920656693
2017-07-27,1.30724857187,-0.0188976174961,1.22205286448,1.34404756389,1.28305021418,73.9184217596,1.31822344188,1.31033958469,1.29511611617,1.31582390464,1.30757937781,1.30021181755
2017-07-28,1.29804499656,-0.00704041718679,1.2266255929,1.3445281016,1.28557684725,66.5666393307,1.31688626344,1.31073898899,1.2981955411,1.30989760194,1.30584585395,1.29994096492
2017-07-31,1.2913592381,-0.00515063689875,1.23100769563,1.34423547338,1.28762158451,61.7846551916,1.31105153935,1.31001833984,1.30031987008,1.30371814733,1.30321192379,1.29886824907
2017-08-01,1.30282047334,0.00887532678861,1.23704107647,1.34388918155,1.29046512901,64.5751342191,1.30638031439,1.30999228224,1.30293622448,1.30341892267,1.30314075098,1.2993622771
2017-08-02,1.36437990413,0.0472508930066,1.23661179449,1.35564923685,1.29613051567,73.3122056549,1.3127706368,1.31530602544,1.30953497681,1.32373924982,1.31427514246,1.30748948048
2017-08-03,1.35074836405,-0.00999101499428,1.24374896925,1.35966050262,1.30170473594,66.2659715008,1.32147059524,1.31984701856,1.31404992154,1.3327422879,1.3209066373,1.31289684093
2017-08-04,1.3578679106,0.00527081634144,1.24885527459,1.36515562608,1.30700545034,66.7006717176,1.33343517804,1.32516072074,1.31830438534,1.34111749547,1.32762686881,1.31851822464
2017-08-07,1.37887996565,0.015474299733,1.25097669611,1.37497277079,1.31297473345,69.3589952573,1.35093932355,1.33099543145,1.32365866775,1.35370498553,1.33694561369,1.32606344226
2017-08-08,1.38990673507,0.00799690306276,1.2528984221,1.38568420256,1.31929131233,69.708455194,1.3683565759,1.33736844514,1.32944704679,1.36577223537,1.34657490848,1.33404385386
2017-08-09,1.39841554495,0.00612185671868,1.25574001131,1.39614430595,1.32594215863,72.9584553815,1.37516370407,1.34396717043,1.33525858498,1.37665333857,1.35600047875,1.34209031525
2017-08-10,1.35387346641,-0.0318518188011,1.26127928636,1.39768995822,1.32948462229,60.5819957086,1.37578872454,1.34862965989,1.33849425388,1.36906004785,1.35561374923,1.34356320915
2017-08-11,1.37270147486,0.0139067711442,1.26474599677,1.40208829994,1.33341714835,60.9608407223,1.37875543739,1.35609530772,1.34302562629,1.37027385685,1.35872060844,1.34720549236
2017-08-14,1.39336016806,0.0150496619824,1.26658953213,1.40972420842,1.33815687028,63.0898691992,1.38165147787,1.36629540071,1.34788078026,1.37796929392,1.36501871019,1.35297482682
2017-08-15,1.40861405511,0.0109475549787,1.26733664409,1.41953039704,1.34343352056,64.2186706355,1.38539294188,1.37687475889,1.35337661072,1.38818421432,1.37294513654,1.35992973036
2017-08-16,1.4029484143,-0.00402213849041,1.26909013651,1.42694749884,1.34801881767,69.2744151713,1.38629951575,1.38073160991,1.3580779522,1.39310561431,1.37840027795,1.36530706585
2017-08-17,1.37601394122,-0.0191984771556,1.27436027046,1.42874491572,1.35155259309,65.086407824,1.39072761071,1.38325816762,1.36266231016,1.38740838995,1.37796639854,1.36664542527
2017-08-18,1.37287578375,-0.00228061458549,1.28050203654,1.42941763914,1.35495983784,66.0287059883,1.39076247249,1.38475895494,1.36765102931,1.38256418788,1.37704083222,1.36742422008
2017-08-21,1.37034802397,-0.00184121521776,1.28452477704,1.43037641518,1.35745059611,63.8159943613,1.38616004367,1.38390576077,1.37291694836,1.37849213324,1.37582395799,1.36778969557
2017-08-22,1.39274976147,0.0163474804266,1.28778653585,1.43377197271,1.36077925428,56.8402931462,1.38298718494,1.38419006341,1.37891223424,1.38324467598,1.3789013768,1.3709097038
2017-08-23,1.39449308221,0.00125171139019,1.29068780932,1.43707717825,1.36388249378,60.9436865295,1.38129611852,1.38379781713,1.38091977944,1.38699414472,1.38173623233,1.3738576261
2017-08-24,1.38830424721,-0.00443805356727,1.29909761418,1.43677294092,1.36793527755,57.7835023589,1.38375417972,1.38724089521,1.38342350499,1.38743084555,1.38293041685,1.37566345374
2017-08-25,1.39344697919,0.00370432633066,1.31145596054,1.43395479282,1.37270537668,54.2077099134,1.38786841881,1.38931544565,1.38579544289,1.38943622343,1.3848425191,1.37788639442
2017-08-28,1.40748087344,0.0100713514505,1.32880175095,1.42822116595,1.37851145845,54.8812666032,1.3952949887,1.39072751618,1.38770217008,1.39545110677,1.38895858352,1.3815857043
2017-08-29,1.42003297717,0.00891813449515,1.3458589715,1.42288519578,1.38437208364,55.7584488096,1.40075163184,1.39186940839,1.38971058622,1.40364506357,1.39460847328,1.38639161341
2017-08-30,1.42386849503,0.00270100619114,1.34623352707,1.4284594993,1.38734651319,72.2873077906,1.40662671441,1.39396141646,1.39140744956,1.41038620739,1.39992847723,1.39107622361
2017-08-31,1.42953413584,0.00397904780458,1.34984128001,1.43273032354,1.39128580177,69.6608456599,1.41487269213,1.39931343593,1.39645149419,1.41676885021,1.40531132425,1.39588346264
2017-09-01,1.42996996603,0.0003048756753,1.35314328282,1.43663852627,1.39489090455,64.6906835782,1.4221772895,1.40502285415,1.4002693936,1.42116922215,1.40979471367,1.40014427556
2017-09-05,1.41279804807,-0.01200858645,1.35482206043,1.4383515569,1.39658680867,51.9155388675,1.42324072443,1.40926785656,1.40156525227,1.41837883079,1.41034077447,1.40172599713
2017-09-06,1.4113163913,-0.00104873924977,1.355517634,1.43979694896,1.39765729148,53.6678294859,1.42149740725,1.41112451955,1.40174540801,1.41602468429,1.41051815935,1.4029247964
2017-09-07,1.40565047405,-0.00401463292302,1.35572802909,1.44031004678,1.39801903793,64.8444372144,1.41785380306,1.41224025873,1.40192554533,1.41256661421,1.40963312566,1.40326550611
2017-09-08,1.38272568504,-0.0163090252041,1.36179567254,1.43712762519,1.39946164887,54.3810904447,1.4084921129,1.41168240252,1.40237299492,1.40261963782,1.40474086373,1.40069802847
2017-09-11,1.40774253742,0.0180924189386,1.36558396923,1.43684343476,1.40121370199,63.3498779684,1.40404662718,1.41311195834,1.40469744516,1.40432727102,1.40528662258,1.40157859209
2017-09-12,1.40216369881,-0.00396296798228,1.36621566184,1.43709209522,1.40165387853,53.9870473299,1.40191975733,1.41258024088,1.40681849015,1.40360608028,1.40471881826,1.40165173043
2017-09-13,1.39161644604,-0.00752212654183,1.36525350243,1.43635449372,1.40080399808,49.2104216284,1.39797976827,1.40973858776,1.40674293579,1.39960953554,1.40233656876,1.40039731988
2017-09-14,1.37967474891,-0.0085811698807,1.36288223587,1.43639839374,1.39964031481,47.1961190681,1.39278462324,1.40531921315,1.4057550469,1.39296460666,1.39821623788,1.39780699851
2017-09-15,1.39362142184,0.0101086672356,1.36533542542,1.43570595225,1.40052068884,50.3383362528,1.3949637706,1.40172794175,1.40610952521,1.39318354505,1.39738081678,1.39728380143
2017-09-18,1.38307416014,-0.00756824021717,1.36726530825,1.43479590707,1.40103060766,41.9561471561,1.39003009515,1.39703836116,1.40541800394,1.38981375008,1.39477960648,1.39550759627
2017-09-19,1.38359721165,0.000378180378997,1.37000651447,1.43337961961,1.40169306704,36.8236822729,1.38631679772,1.39411827752,1.40382575982,1.38774157061,1.39274644379,1.39401879819
2017-09-20,1.36041103511,-0.0167578948188,1.36353887519,1.43661338626,1.40007613072,29.7037309206,1.38007571553,1.3890277419,1.39985096369,1.37863139211,1.38686727857,1.3898178278
2017-09-21,1.33705029107,-0.0171718278047,1.35105271869,1.44335526365,1.39720399117,23.3257636082,1.37155082396,1.3821677236,1.39406308342,1.36477102509,1.37780964448,1.38322188571
2017-09-22,1.32397526959,-0.00977900499683,1.33743101421,1.45054407036,1.39398754229,21.4392497412,1.35762159351,1.37629268206,1.38702582567,1.35117243993,1.36802157632,1.3758160587
2017-09-25,1.31229482623,-0.00882225191579,1.32259312501,1.45726674427,1.38992993464,21.9642583419,1.34346572673,1.36674791094,1.37918081635,1.33821323536,1.35788943994,1.36787590464
2017-09-26,1.33487100638,0.0172035884758,1.3152212654,1.45737761717,1.38629944129,31.2998084867,1.33372048568,1.3600186417,1.37398568024,1.33709915904,1.3537042702,1.36375029236
2017-09-27,1.3443724415,0.00711786761929,1.31094575792,1.45408707109,1.3825164145,35.4146547164,1.33051276696,1.35529424124,1.36952275025,1.33952358652,1.35200757407,1.361328061
2017-09-28,1.33609154314,-0.00615967577428,1.30646866853,1.44978646528,1.37812756691,37.9963277429,1.33032101737,1.35093592067,1.36488548819,1.33837957206,1.34911375027,1.35817349627
2017-09-29,1.34341328336,0.00547996899005,1.30487021386,1.44277283471,1.37382152428,31.8199039882,1.33420862012,1.34591510682,1.36226466141,1.34005747583,1.34807730174,1.35632846965
2017-10-02,1.34071136628,-0.00201123296241,1.3042625108,1.4344546778,1.3693585943,32.3180844409,1.33989192813,1.34167882743,1.35779591667,1.34027543931,1.34673804075,1.35437633173
2017-10-03,1.34655131598,0.00435585901988,1.30356783238,1.428524683,1.36604625769,36.7455234213,1.34222799005,1.33797423786,1.35408842448,1.3423673982,1.34670409079,1.35339820476
2017-10-04,1.33783473012,-0.00647326675359,1.30251549088,1.42222885839,1.36237217463,37.3943014444,1.34092044778,1.33571660737,1.35050297675,1.34085650884,1.34509147976,1.35145277043
2017-10-05,1.3544834628,0.0124445361685,1.30347514011,1.41615250803,1.35981382407,38.5957032391,1.34459883171,1.33745992454,1.34882355768,1.34539882683,1.34679911304,1.35183160698
2017-10-06,1.35369902376,-0.000579142578382,1.30302232803,1.41370265398,1.35836249101,40.9467799657,1.34665597979,1.34043229996,1.34616206447,1.34816555914,1.34805364226,1.35206503408
2017-10-09,1.35840605931,0.00347716550845,1.30566054981,1.40613078439,1.3558956671,42.4998645057,1.35019491839,1.34504342326,1.34451752442,1.3515790592,1.34993589991,1.35285766223
2017-10-10,1.35892897706,0.000384949511318,1.30840019443,1.3990676676,1.35373393101,49.737598207,1.35267045061,1.34744922033,1.34287297545,1.35402903182,1.35157100484,1.35361657658
2017-10-11,1.36459502807,0.00416949752807,1.31030943538,1.39445628485,1.35238286012,61.7619977869,1.3580225102,1.34947147899,1.34315190831,1.35755103057,1.35393900907,1.35498888302
2017-10-12,1.35980062851,-0.00351342300054,1.31113012663,1.39164818156,1.3513891541,66.4701549874,1.35908594334,1.35184238753,1.34466859747,1.35830089655,1.35500475806,1.35559035121
2017-10-13,1.36843013573,0.00634615622213,1.31407743543,1.38618174415,1.35012958979,76.495730495,1.36203216574,1.35434407276,1.34763225522,1.36167730961,1.35744573582,1.35719532427
2017-10-16,1.39362142184,0.0184088945762,1.31233839282,1.38897551293,1.35065695287,76.8458202948,1.36907523824,1.35963507832,1.35305402826,1.37232534702,1.36402313327,1.36174858647
2017-10-17,1.39876428757,0.00369028895414,1.30988602668,1.39294458666,1.35141530667,75.8217059965,1.37704230035,1.36485637548,1.35731358034,1.3811383272,1.37033970678,1.36637554911
2017-10-18,1.39257546149,-0.00442449534605,1.30770885532,1.39833820066,1.35302352799,77.5583254566,1.38263838703,1.37033044862,1.360527115,1.3849507053,1.37438257128,1.36965053815
2017-10-19,1.3596264623,-0.0236604766512,1.30939165556,1.39891301755,1.35415233655,56.7146012431,1.38260355379,1.37084474857,1.36209610961,1.37650929097,1.37169964237,1.36839752867
2017-10-20,1.36197977944,0.00173085564331,1.31351438222,1.39859074187,1.35605256204,58.7324216034,1.38131348253,1.37167282413,1.36333387602,1.37166612046,1.36993239457,1.36759531002
2017-10-23,1.36128242796,-0.000512013094377,1.32126095643,1.39574292783,1.35850194213,56.3962066602,1.37484568375,1.371960461,1.36470528013,1.36820488962,1.36835967336,1.36680619976
2017-10-24,1.36938915119,0.0059552103705,1.32442644567,1.39602925307,1.36022784937,63.3923735664,1.36897065648,1.37300647841,1.36622780248,1.36859964348,1.36854685115,1.36712906869
2017-10-25,1.36337462508,-0.0043921233815,1.32614798192,1.39620793518,1.36117795855,54.3580350026,1.36313048919,1.37288443811,1.36793046214,1.36685797068,1.36760644641,1.36665976324
2017-10-26,1.37209106827,0.0063932854746,1.32972075218,1.39623511743,1.36297793481,58.0714222013,1.36562341039,1.37411348209,1.36910430251,1.36860233654,1.3684218322,1.36733867637
2017-10-27,1.42125338016,0.0358302105681,1.32592327641,1.40781660288,1.36686993965,69.4314071806,1.37747813053,1.37939580653,1.37360792627,1.38615268441,1.37802756819,1.37407801434
2017-10-30,1.45324363142,0.0225084785757,1.31799989539,1.42699321041,1.3724965529,74.2096118336,1.39587037122,1.38535802749,1.37993043107,1.40851633342,1.39170321605,1.38397371648
2017-10-31,1.47346621799,0.0139154826741,1.30952486599,1.44815973002,1.378842298,75.87110326,1.41668578458,1.39282822053,1.38756624713,1.43016629494,1.40656921641,1.39516027917
2017-11-01,1.45472542195,-0.0127188501637,1.31039471855,1.45897894664,1.38468683259,71.5191826009,1.43495594396,1.39904321657,1.39357494006,1.43835267061,1.41532489014,1.40260592201
2017-11-02,1.4653597712,0.00731021063872,1.30918749748,1.47127379855,1.39023064801,71.6892470716,1.45360968454,1.40961654746,1.40061221624,1.44735503747,1.42442214124,1.41045015316
2017-11-03,1.50362580234,0.0261137448243,1.30414565425,1.49130831964,1.39772698694,72.9787695514,1.47008416898,1.42378114976,1.40962526068,1.4661119591,1.4388228069,1.42209710931
2017-11-06,1.51887995691,0.0101449140763,1.29967992502,1.51182143863,1.40575068182,73.9719451325,1.48321143408,1.43954090265,1.41797582968,1.4837012917,1.45337865235,1.43419496526
2017-11-07,1.52376144403,0.00321387289332,1.29808121699,1.52990339336,1.41399230517,76.328252618,1.49327047929,1.45497813193,1.42630897345,1.49705467581,1.46617552357,1.44539077511
2017-11-08,1.53622618376,0.00818024355039,1.29704657581,1.54810115011,1.42257386296,88.9107459493,1.50957063165,1.4722632878,1.43588568827,1.51011184513,1.47891200724,1.45674520119
2017-11-09,1.53308829381,-0.00204259631468,1.30015550509,1.56232098735,1.43123824622,87.6496701438,1.52311633617,1.48836301036,1.44744981037,1.51777066136,1.48876224116,1.46628808777
2017-11-10,1.52801427951,-0.00330966867878,1.30484551024,1.57358939659,1.43921745341,86.1362759223,1.5279940316,1.49903910029,1.45851877704,1.52118520074,1.49589897541,1.47400386173
2017-11-13,1.52189076464,-0.00400749845645,1.30821233768,1.58304950342,1.44563092055,83.4641792681,1.52859619315,1.50590381361,1.46922599948,1.52142038871,1.50062475527,1.4799897246
2017-11-14,1.49888338245,-0.0151176304673,1.31311250837,1.58816124222,1.45063687529,78.2231921615,1.52362058083,1.50844553006,1.47785894823,1.51390805329,1.50030814203,1.48235143183
2017-11-15,1.47911295386,-0.013190104592,1.3197042784,1.59022322143,1.45496374991,71.6298683099,1.51219793485,1.51088428325,1.48557483682,1.50230968681,1.49645447145,1.48194662208
2017-11-16,1.49678410489,0.0119471274875,1.3331678946,1.59047536949,1.46182163204,67.2220856795,1.50493709707,1.51402671662,1.49388770593,1.50046782617,1.4965144048,1.48380130743
2017-11-17,1.48847341342,-0.00555236486426,1.34800353491,1.58828909257,1.46814631374,59.0984565583,1.49702892385,1.51251147773,1.49836904148,1.49646968859,1.49505240637,1.48438532068
2017-11-20,1.48698618326,-0.000999164742656,1.36516808865,1.58369491436,1.47443150151,54.025997939,1.49004800758,1.50932210036,1.50061854493,1.49330852015,1.49358582035,1.4847104285
2017-11-21,1.51462984125,0.0185903933047,1.38303398119,1.58035309083,1.48169353601,65.9118203336,1.49319729934,1.50840894009,1.50336278649,1.50041562718,1.49741200597,1.4884503551
2017-11-22,1.53055128666,0.0105117732259,1.40641729063,1.57368744754,1.49005236909,66.732874649,1.5034849659,1.50784145038,1.50841784413,1.51046084701,1.50343732973,1.49371297154
2017-11-24,1.53063891819,5.72548775772e-05,1.43357813755,1.56238138562,1.49797976158,58.62144714,1.51025592856,1.50759651281,1.51276978727,1.51718687073,1.50838307309,1.49832871487
2017-11-27,1.52294039896,-0.0050296115795,1.44892970491,1.55719852014,1.50306411252,51.5980579143,1.51714932566,1.50708912476,1.51405742704,1.51910471348,1.51102985961,1.50140517538
2017-11-28,1.514017669,-0.00585888322652,1.45717050284,1.55503512597,1.5061028144,47.212142033,1.52255562281,1.50630181519,1.51373327451,1.51740903198,1.51157309768,1.50298173709
2017-11-29,1.48261224025,-0.0207431058397,1.45875406006,1.55436617098,1.50656011552,35.1466662577,1.51615210261,1.50467470097,1.51098999426,1.50581010141,1.50630748724,1.50043554998
2017-11-30,1.50334495699,0.0139839104076,1.46779566895,1.55018651559,1.50899109227,42.739413437,1.51071083668,1.50709790129,1.50879791248,1.5049883866,1.50576884537,1.50079922586
2017-12-01,1.49634650906,-0.0046552508782,1.47421084662,1.5468700117,1.51054042916,42.297862492,1.50385235485,1.5070541417,1.50634846016,1.50210776075,1.50405569332,1.50024263626
2017-12-04,1.48541172287,-0.00730765643172,1.47169269876,1.54756675162,1.50962972519,41.2525936232,1.49634661963,1.50674797265,1.50350828972,1.49654241479,1.50066588051,1.49838877208
2017-12-05,1.4840118478,-0.000942415525018,1.46855987227,1.54721276719,1.50788631973,46.1513889414,1.49034545539,1.5064505391,1.50098302859,1.49236555913,1.49763787456,1.49659165655
2017-12-06,1.47850078162,-0.00371362680706,1.46495707438,1.54628949884,1.50562328661,50.1312097303,1.48952316366,1.50283763314,1.49962418854,1.48774396662,1.49415840312,1.49433029718
2017-12-07,1.4812126327,0.00183418982377,1.46350046541,1.54224475271,1.50287260906,45.0768703703,1.48509669881,1.49790376774,1.49976416713,1.48556685532,1.49180462668,1.49269058912
2017-12-08,1.48164982726,0.000295159885395,1.46255246131,1.53804891015,1.50030068573,47.8962480585,1.48215736245,1.49300485865,1.49875521528,1.4842611793,1.48995829951,1.49131049389
2017-12-11,1.51051838261,0.0194840608271,1.46362097252,1.53523080926,1.49942589089,57.3031534863,1.4871786944,1.49176265701,1.5002248799,1.4930135804,1.49369649644,1.49371147998
2017-12-12,1.50203283829,-0.00561763724469,1.46418353322,1.53268245592,1.49843299457,46.1504102741,1.4907828925,1.49056417394,1.50122799023,1.4960199997,1.49521219496,1.49475164977
2017-12-13,1.50701908731,0.00331966711568,1.46437521291,1.53330434672,1.49883977981,41.9789128096,1.49648655363,1.49300485865,1.50072060664,1.49968636224,1.49735890266,1.49628507946
2017-12-14,1.50658162524,-0.00029028303445,1.46688820339,1.53353822337,1.50021321338,41.8122979289,1.50156035214,1.49332852547,1.49912262921,1.50198478324,1.49903576131,1.49757214768
2017-12-15,1.52189076464,0.0101615067834,1.46682211386,1.53611497887,1.50146854637,49.9743582622,1.50960853962,1.49588295103,1.49853941897,1.50862011037,1.50319121646,1.5006119748
2017-12-18,1.54332327623,0.0140828186164,1.4654559321,1.54296614692,1.50421103951,59.3446851223,1.51616951834,1.50167410637,1.49989827746,1.52018783232,1.5104879546,1.50595088748
2017-12-19,1.52687714742,-0.0106563084121,1.46707881807,1.54533235736,1.50620558772,65.5577836202,1.52113838017,1.50596063633,1.50075557602,1.52241760402,1.51346780784,1.50856666997
2017-12-20,1.52521506441,-0.00108855058146,1.46684926436,1.54662043339,1.50673484888,58.9309941193,1.52477757559,1.51063206461,1.5035957643,1.52335009082,1.51560367267,1.51064771928
2017-12-21,1.53098861497,0.00378540095282,1.46681571355,1.54669771703,1.50675671529,64.1357041325,1.52965897354,1.51560966284,1.50543867483,1.52589626554,1.51840093491,1.51319033124
2017-12-22,1.53098861497,0.0,1.46678889644,1.54675950382,1.50677420013,70.3622428449,1.5314785436,1.52054354161,1.50774814856,1.52759371535,1.52068960401,1.51541511671
2017-12-26,1.49214769534,-0.0253698291792,1.46549966565,1.54496946425,1.50523456495,53.1226824208,1.52124342742,1.51870647288,1.50819721339,1.51577837535,1.51550016607,1.51250668904
2017-12-27,1.49241002812,0.000175808857751,1.46425014834,1.54405821747,1.5041541829,55.2599188489,1.51435000356,1.51774419187,1.50875709208,1.50798892627,1.51130195917,1.50999460642
2017-12-28,1.4966091272,0.00281363633243,1.46606538592,1.54364266858,1.50485402725,55.7110225654,1.50862881612,1.51670319585,1.50996431511,1.50419565991,1.50863053517,1.50832142152
2017-12-29,1.48042534008,-0.0108136365185,1.46340688584,1.54400920697,1.50370804641,49.9938019734,1.49851616114,1.51408756734,1.50991182894,1.49627221997,1.50350231789,1.50483441134
2018-01-02,1.50693159846,0.0179044884331,1.46406538432,1.54440921744,1.50423730088,49.249187262,1.49370475784,1.51259165072,1.51159728035,1.49982534613,1.50412582344,1.50509655973
2018-01-03,1.506669123,-0.000174178749033,1.46611266966,1.54448767211,1.50530017088,51.9131008146,1.49660904337,1.5089262354,1.51134066305,1.50210660509,1.50458824155,1.50529313014
2018-01-04,1.51366769578,0.00464506285312,1.46876015709,1.54480576947,1.50678296328,52.5381815107,1.5008605769,1.50760529023,1.51211632021,1.50596030198,1.50623905141,1.50633995084
2018-01-05,1.53090125989,0.0113853021761,1.47237737606,1.54642859833,1.5094029872,57.4526972465,1.50771900344,1.50817390978,1.51370846505,1.51427395462,1.51072308931,1.50941011447
2018-01-08,1.52521506441,-0.00371427969961,1.4764485016,1.54675771597,1.51160310878,51.3956263871,1.51667694831,1.50759655472,1.51495069433,1.51792099122,1.51335799388,1.51138573322
2018-01-09,1.5250400778,-0.000114729140187,1.48113590385,1.54640933877,1.51377262131,43.943401405,1.52029864418,1.50700170101,1.51516064854,1.52029402008,1.51548200914,1.51309252629
2018-01-10,1.52469011349,-0.000229478761608,1.48152813925,1.54743427645,1.51448120785,49.5165182765,1.52390284227,1.51025594282,1.51391843769,1.52175938455,1.51715620993,1.51454222469
2018-01-11,1.53335063551,0.00568018507094,1.48261184798,1.54948234745,1.51604709771,53.4408632336,1.52783943022,1.51435000356,1.51435000356,1.52562313487,1.52010065094,1.51689327604
2018-01-12,1.54918459208,0.0103263768886,1.48191700215,1.55439374376,1.51815537295,56.7033378405,1.53149609666,1.51960755005,1.51594797207,1.53347695394,1.52538864024,1.52092969055
2018-01-16,1.54131149644,-0.00508209007412,1.48267348131,1.55711025171,1.51989186651,53.7756312887,1.53471538307,1.52569616569,1.51663616417,1.53608846811,1.528283705,1.52347741628
2018-01-17,1.5667681205,0.0165162098098,1.47940665466,1.56486481395,1.52213573431,77.5291221648,1.5430609916,1.53167981789,1.51902146454,1.5463150189,1.53528087146,1.52888875431
2018-01-18,1.56816772804,0.000893308670018,1.4767854392,1.56997047459,1.5233779569,77.7076837056,1.55175651451,1.53782967839,1.52408946672,1.55359925528,1.54126029993,1.53379862603
2018-01-19,1.56116942279,-0.00446272750505,1.47552868227,1.57465645905,1.52509257066,73.2536752392,1.55732027197,1.5425798511,1.52867342637,1.55612264445,1.54488014045,1.53721997562
2018-01-22,1.54839729054,-0.00818113144176,1.47560330778,1.57690005616,1.52625168197,75.4129143523,1.55716281166,1.54432945416,1.53212597059,1.55354752648,1.54551962228,1.53861713999
2018-01-23,1.54874713001,0.000225936500055,1.475528077,1.57875113845,1.52713960772,69.3448141352,1.55864993838,1.54668266072,1.53668075658,1.55194739432,1.54610644187,1.53988338874
2018-01-24,1.52407766481,-0.0159286591853,1.47519849621,1.57838962422,1.52679406021,56.8428338812,1.55011184724,1.54658641942,1.53782382767,1.54265748448,1.54210120968,1.53790767325
2018-01-25,1.49687132622,-0.0178510185005,1.47606302971,1.57799745381,1.52703024176,44.7625782664,1.53585256687,1.54380454069,1.53717064122,1.52739543173,1.5338775945,1.53277812987
2018-01-26,1.50037047884,0.00233764423498,1.47748538182,1.57737114677,1.52742826429,39.3032305962,1.52369277808,1.54050652503,1.53628416009,1.5183871141,1.52778539165,1.52872717349
2018-01-29,1.46931515708,-0.020698435621,1.47131447178,1.5808126598,1.52606356579,33.1524435313,1.50787635139,1.53251958153,1.5321784199,1.50202979509,1.51715443991,1.52130067144
2018-01-30,1.46065476882,-0.00589416655603,1.46629109751,1.58385897694,1.52507503723,31.4762394987,1.49025787915,1.52445390876,1.5278744002,1.48823811967,1.50688177244,1.51371993361
2018-01-31,1.46467873861,0.00275490819061,1.45865534582,1.58726944265,1.52296239423,33.1538488726,1.47837809391,1.51424497058,1.52385031092,1.48038499265,1.49920849356,1.50758978424
2018-02-01,1.46774057184,0.00209044697016,1.45241898863,1.58961294472,1.52101596667,31.0348653757,1.47255194304,1.50420225495,1.52005367481,1.47617018571,1.49348705325,1.50260863269
2018-02-02,1.40405506663,-0.0433901647413,1.42923543064,1.60183523979,1.51553533522,16.9632896305,1.45328886059,1.48849081934,1.51143397022,1.45213181268,1.47722669204,1.49028943693
2018-02-05,1.36897577508,-0.0249842704777,1.39953164534,1.61534647662,1.50743906098,14.9320735545,1.43322098419,1.47054866779,1.49942004908,1.42441313348,1.45754470714,1.4751252292
2018-02-06,1.42618738199,0.0417915407688,1.389067569,1.61590778471,1.50248767686,26.1607713033,1.42632750683,1.45829269299,1.49174510812,1.42500454965,1.4518433753,1.4690079983
2018-02-07,1.39565687739,-0.0214070780526,1.37361127384,1.61842575983,1.49601851683,23.2079768608,1.41252313458,1.44545061425,1.48033769191,1.41522199223,1.4416276484,1.45983910818
2018-02-08,1.35725328606,-0.0275164991819,1.35137777979,1.62391557114,1.48764667546,20.9317502118,1.39042567743,1.43148881023,1.46627672911,1.39589909018,1.42628685525,1.44701588042
2018-02-09,1.37385452455,0.0122314962551,1.33618770036,1.62315603947,1.47967186992,25.6927607353,1.38438556901,1.4188372148,1.45378906923,1.38855090163,1.41675370421,1.43787071093
2018-02-12,1.42919165325,0.0402787396432,1.33240880625,1.6149356397,1.47367222297,36.3542659827,1.39642874465,1.41482486442,1.44584202674,1.40209781884,1.41901514949,1.43678582872
2018-02-13,1.44350897891,0.0100177786722,1.33064074336,1.60692345083,1.4687820971,40.8069264367,1.39989306403,1.41311028543,1.43882615,1.41590153886,1.42346857303,1.4376262225
2018-02-14,1.47012341456,0.018437319087,1.33370479882,1.59419492478,1.4639498618,47.4526684579,1.41478637147,1.41365475303,1.43522919999,1.43397549743,1.43195127149,1.44168837151
2018-02-15,1.51948777745,0.0335783801555,1.33781627264,1.5852154559,1.46151586427,52.8337636805,1.44723326975,1.41882947359,1.4367369634,1.46247959077,1.44786699984,1.45141329725
2018-02-16,1.51456888174,-0.00323720650391,1.34179511938,1.57657655506,1.45918583722,56.0413797855,1.47537614118,1.4298808551,1.4376835236,1.47984268776,1.45999461473,1.45930774531
2018-02-20,1.50947432168,-0.00336370310679,1.34489411626,1.56958526129,1.45723968878,56.5388222441,1.49143267487,1.44393070976,1.44036080124,1.48971989907,1.46899092509,1.46557856736
2018-02-21,1.50262310934,-0.00453880681749,1.34877379849,1.56109317699,1.45493348774,55.2268727012,1.50325550096,1.45157428249,1.44315869061,1.49402096916,1.47510586768,1.47020913511
2018-02-22,1.51518364004,0.00835906929446,1.34948037917,1.55949719384,1.4544887865,56.1843450167,1.51226754605,1.46352695876,1.44652568403,1.50107519279,1.48239273538,1.47583094822
2018-02-23,1.54153464606,0.0173912952383,1.34616537204,1.56727853295,1.4567219525,68.1628605237,1.51667691977,1.48195509476,1.45144528898,1.51456167721,1.49314581005,1.48404391045
2018-02-26,1.57201412516,0.0197721661211,1.33961440764,1.58099386198,1.46030413481,77.0681711013,1.52816596846,1.50177105482,1.46264255955,1.53371249319,1.50748550371,1.49504018729
2018-02-27,1.56691969887,-0.0032407000739,1.33540893133,1.59495979248,1.4651843619,71.6596113046,1.5396550439,1.51554385938,1.47583882114,1.54478156175,1.51829172101,1.50402512624
2018-02-28,1.56454787808,-0.00151368368894,1.33325763546,1.60750039927,1.47037901737,78.6655825038,1.55203999764,1.5276477493,1.48506285421,1.55137033386,1.52670193139,1.51159047022
2018-03-01,1.53714288604,-0.0175162373942,1.33372192872,1.61428252075,1.47400222474,82.7315857915,1.55643184684,1.53434969645,1.49449525479,1.54662785125,1.52860028678,1.5147845222
2018-03-02,1.54777124278,0.00691435834853,1.33396021136,1.62204730521,1.47800375828,82.2436031649,1.55767916619,1.53717804298,1.5071964519,1.54700898176,1.53208591514,1.51890786227
2018-03-05,1.55312923246,0.00346174520493,1.34209935501,1.62881557814,1.48545746658,77.9240142803,1.55390218765,1.54103407805,1.5191480991,1.54904906533,1.53591197284,1.52318553354
2018-03-06,1.55181167413,-0.000848324981174,1.35943207318,1.62976644988,1.49459926153,75.903537573,1.5508805827,1.5452678133,1.52732276715,1.54996993493,1.53880282762,1.52676380112
2018-03-07,1.53740644942,-0.0092828433706,1.36771989042,1.63260053938,1.5001602149,67.2665837517,1.54545229697,1.5487461473,1.53358259852,1.54578210643,1.53854894067,1.52809413216
2018-03-08,1.5541832274,0.010912389489,1.38322189327,1.63295117153,1.5080865324,60.5432643169,1.54886036524,1.55264610604,1.53918658604,1.54858248009,1.54139153826,1.53135526906
2018-03-09,1.5808855621,0.0171809438087,1.41254020207,1.62599609034,1.5192681462,67.574006504,1.5554832291,1.55658119765,1.54327977169,1.55935017409,1.54857226987,1.53754655569
2018-03-12,1.5961691085,0.00966771204944,1.44283959522,1.61792815558,1.5303838754,71.7147639412,1.56409120431,1.55899669598,1.5487197868,1.57162315223,1.55722624053,1.54487437479
2018-03-13,1.58079765413,-0.00963021667464,1.46179750364,1.61413084725,1.53796417544,69.0238897432,1.56988840031,1.5603844915,1.55347467563,1.57468131953,1.56151195209,1.54936478471
2018-03-14,1.56735865907,-0.0085014011907,1.48135910108,1.60695421782,1.54415665945,62.7976789214,1.57587884224,1.5606655696,1.55779037895,1.57224043271,1.56257498972,1.551614019
2018-03-15,1.56920321041,0.00117685338178,1.49602214039,1.6021991581,1.54911064924,57.7549016993,1.57888283884,1.56387160204,1.56139168364,1.57122802528,1.56378012076,1.55381266793
2018-03-16,1.5636695564,-0.00352641007773,1.49976660324,1.60287287314,1.55131973819,47.7045371924,1.5754396377,1.5654614334,1.56286734433,1.56870853565,1.56376001815,1.55504477899
2018-03-19,1.53977813645,-0.0152790721341,1.50364414172,1.60151626013,1.55258020093,42.7285900351,1.56416144329,1.5641263238,1.56071827842,1.55906506925,1.55939967602,1.55313644867
2018-03-20,1.53925100076,-0.000342345223523,1.50899547349,1.59914259627,1.55406903488,43.1666963659,1.55585211262,1.56287025646,1.55887369854,1.55246037975,1.55573628052,1.55140076768
2018-03-21,1.50437976163,-0.0226546801734,1.50950049639,1.5988132386,1.5541568675,41.3086723494,1.54325633313,1.55956758769,1.55486249078,1.53643350705,1.54639873163,1.54552314193
2018-03-22,1.48312331566,-0.0141297074803,1.50034401285,1.60476368971,1.55255385128,33.4924465829,1.52604035418,1.55246159651,1.55126118609,1.51866344325,1.53489411054,1.53772316364
2018-03-23,1.44877906954,-0.0231567029893,1.47808097054,1.61775117436,1.54791607245,26.616996645,1.50306225681,1.53925094726,1.54466170787,1.49536865201,1.51923683036,1.52660515188
2018-03-26,1.51755546083,0.0474719663817,1.4750680852,1.61531819327,1.54519313923,44.7920853585,1.49861772168,1.53138958249,1.5422901231,1.50276425495,1.51893112681,1.5254739405
2018-03-27,1.47864364767,-0.0256411143864,1.46548986919,1.61606880415,1.54077933667,41.2907915005,1.48649625107,1.52117418184,1.53741225466,1.49472405252,1.5116061306,1.51962015389
2018-03-28,1.46230597257,-0.0110490956527,1.45359429754,1.61774018526,1.5356672414,36.0527753128,1.47808149325,1.51066891319,1.53240555621,1.48391802587,1.50264246551,1.51245588123
2018-03-29,1.47372475195,0.00780874837259,1.44588838559,1.61910428379,1.53249633469,33.0566855642,1.47620178051,1.50112106735,1.52704165784,1.4805202679,1.49738469941,1.50761449007
2018-04-02,1.46406275862,-0.00655617225688,1.43685608871,1.61976573226,1.52831091049,28.6696536196,1.47925851833,1.49116038757,1.51925347095,1.47503443147,1.49132616472,1.50217052364
2018-04-03,1.47908274163,0.0102591114504,1.43140564338,1.61781152851,1.52460858594,33.7714693606,1.47156397449,1.48509084809,1.51144771315,1.47638386819,1.48910008779,1.49928455089
2018-04-04,1.50736634072,0.0191223913947,1.42979694507,1.61497569347,1.52238631927,41.2342164995,1.4773085131,1.48190238208,1.50655229226,1.48671135903,1.49242122469,1.50029477462
2018-04-05,1.51781875669,0.00693422407497,1.42907248825,1.61374138103,1.52140693464,42.815732157,1.48841106992,1.48324628159,1.5032496321,1.49708049159,1.49703895778,1.50248527238
2018-04-06,1.47899511902,-0.0255785728686,1.42481077197,1.61048428647,1.51764752922,38.8146987129,1.48946514334,1.48283346192,1.49723575934,1.49105203406,1.49375825982,1.49954900321
2018-04-09,1.49366377336,0.00991798698188,1.42486824526,1.6017046343,1.51328643978,44.0175125748,1.49538534628,1.48732193231,1.49256870714,1.49192261383,1.49374108047,1.49881334948
2018-04-10,1.52177143167,0.0188179286494,1.43001498521,1.58911812667,1.50956655594,48.3071572526,1.50392308429,1.48774352939,1.49136826015,1.50187221978,1.49883750796,1.50168310975
2018-04-11,1.51465678079,-0.0046752427707,1.43401218967,1.57850683487,1.50625951227,52.0651158747,1.50538117231,1.4913448427,1.48972864549,1.50613374011,1.50171373938,1.50330481863
2018-04-12,1.52958887367,0.0098584003113,1.43704106605,1.57170097995,1.504371023,57.3912723869,1.5077351957,1.49807313281,1.49140925296,1.51395211796,1.50678194561,1.50659032551
2018-04-13,1.53477133277,0.00338813859818,1.44075822859,1.56454062965,1.50264942912,64.5062200814,1.51889043845,1.50417779089,1.4948524541,1.52089185623,1.5118709251,1.51011295142
2018-04-16,1.54434556081,0.00623821141346,1.44329899578,1.5600674629,1.50168322934,55.6814811331,1.52902679594,1.51220607111,1.50122355352,1.52870975776,1.51777540432,1.51439202759
2018-04-17,1.56560200678,0.0137640477044,1.44007524119,1.56587360453,1.50297442286,68.9162690652,1.53779291096,1.52085799763,1.50442665658,1.5410071741,1.52647115022,1.52079327499
2018-04-18,1.56208842577,-0.00224423640439,1.43771265383,1.57051993438,1.50411629411,73.0963722706,1.54727923996,1.52633020613,1.50998964179,1.54803425799,1.5329470185,1.52595516884
2018-04-19,1.51781875669,-0.0283400531911,1.43810199643,1.57147449129,1.50478824386,59.3262366619,1.54492521656,1.52633020613,1.51369049406,1.53796242422,1.53019642545,1.52493811732
2018-04-20,1.45563028189,-0.0409722666368,1.43377866922,1.57304851512,1.50341359217,49.1230030877,1.52909700639,1.52399372242,1.51248419606,1.51051837678,1.5166389448,1.51627463789
2018-04-23,1.4514141862,-0.00289640559198,1.43433701748,1.57275367853,1.503545348,45.6768840354,1.51051073146,1.5197687637,1.5116409579,1.49081697992,1.50477989778,1.50816708143
2018-04-24,1.43121186893,-0.0139190573314,1.42325780721,1.57519852961,1.49922816841,36.7479918552,1.48363270389,1.51071280743,1.50844956638,1.47094860959,1.49140389253,1.49854767987
2018-04-25,1.43744818921,0.0043573704332,1.41674478675,1.57759200423,1.49716839549,35.8668057094,1.45870465658,1.50299194827,1.50378835628,1.45978180279,1.48159376466,1.49091024353
2018-04-26,1.44245498397,0.00348311320202,1.41348267726,1.57886901485,1.49617584606,42.8710892119,1.44363190204,1.4942785593,1.49876410477,1.45400619652,1.47447762271,1.48485333609
2018-04-27,1.42576597128,-0.0115698672586,1.40573514541,1.58182066863,1.49377790702,36.4123694373,1.43765903992,1.48337802315,1.49521549492,1.44459278811,1.46562095882,1.47746741549
2018-04-30,1.45158985053,0.0181122847447,1.40405488388,1.58225363935,1.49315426162,36.1384677086,1.43769417279,1.47410245212,1.49241056673,1.44692514225,1.46306984822,1.47423271987
2018-05-01,1.48531919567,0.023236140103,1.40453055865,1.58240160999,1.49346608432,45.2011681726,1.44851563813,1.46607417101,1.48998041766,1.45972316006,1.46711518412,1.47561852934
2018-05-02,1.55093335245,0.0441751220652,1.40320996622,1.58807890359,1.49564443491,53.8792865201,1.47121267078,1.46495866368,1.49239885577,1.49012655752,1.48235485109,1.48503288223
2018-05-03,1.55374399076,0.00181222378623,1.40184951779,1.59303187543,1.49744069661,53.5414184446,1.49347047214,1.46855118709,1.49400919691,1.5113323686,1.49533469467,1.4936217708
2018-05-04,1.61470267253,0.0392334143392,1.39575026701,1.61270188157,1.50422607429,59.7196285564,1.53125781239,1.48445842615,1.4993379529,1.54578913658,1.51703796337,1.50875688351
2018-05-07,1.62638489045,0.00723490344371,1.38961968226,1.63210457803,1.51086213014,58.6310064638,1.56621682037,1.50195549658,1.50480724154,1.57265438787,1.53691922284,1.52346038438
2018-05-08,1.63420246621,0.00480671936999,1.38327588075,1.64969148298,1.51648368187,59.984405662,1.59599347448,1.52225455631,1.5093806055,1.59317041398,1.55460708527,1.53730314461
2018-05-09,1.64570914464,0.00704115840646,1.37785209157,1.66822050855,1.52303630006,68.8770104193,1.61494863292,1.54308065185,1.51495532009,1.6106833242,1.57117109606,1.55085389461
2018-05-10,1.66924923591,0.014303919589,1.37075608428,1.68928255206,1.53001931817,85.531101917,1.63804968195,1.56576007704,1.52505068538,1.63020529477,1.58900348513,1.56565331228
2018-05-11,1.6629006631,-0.00380325039496,1.36641234383,1.70643922555,1.53642578469,85.1375557803,1.64768928006,1.58947354623,1.53886871079,1.64110375088,1.60243933567,1.57780923113
2018-05-14,1.65902092373,-0.00233311553427,1.36350609165,1.72081301402,1.54215955283,90.454994737,1.65421648672,1.61021665354,1.55270915996,1.64707614183,1.61272689713,1.5879606927
2018-05-15,1.64394296854,-0.00908846595569,1.36190878219,1.73024441966,1.54607660092,85.9148513654,1.65616458718,1.62607903083,1.56689123327,1.64603175073,1.61840254648,1.59495847718
2018-05-16,1.65928530752,0.00933264673295,1.35998483806,1.74188805196,1.55093644501,86.3350379796,1.65887981976,1.63691422634,1.58168037449,1.650449603,1.62583577576,1.60299933098
2018-05-17,1.64879261154,-0.00632362374735,1.36237745226,1.75259282325,1.55748513775,88.7084491146,1.65478849489,1.64641908842,1.59543621632,1.64989727251,1.6300097459,1.60872349105
2018-05-18,1.64279672285,-0.00363653297024,1.37436905493,1.75931786467,1.5668434598,85.7196574989,1.65076770684,1.64922849345,1.6099049331,1.64753042262,1.6323346508,1.61298264502
2018-05-21,1.65443579828,0.00708491517324,1.38878525302,1.76520382779,1.57699454041,84.2800157335,1.64985068175,1.65203358423,1.62342799628,1.64983221451,1.63635304125,1.61816428918
2018-05-22,1.65029168404,-0.00250485044228,1.41025685199,1.76564021033,1.58794853116,76.6408808797,1.65112042485,1.65364250601,1.63442616217,1.64998537102,1.63888733994,1.62218021354
2018-05-23,1.66087254658,0.00641151055209,1.43359047483,1.76464902323,1.59911974903,77.5133523483,1.65143787266,1.65515884621,1.64175544178,1.65361442954,1.64288465024,1.62701675517
2018-05-24,1.65902092373,-0.0011148494564,1.45996630696,1.75992978508,1.60994804602,66.1202869262,1.6534835351,1.65413601499,1.64877390398,1.65541659427,1.64581851815,1.63101727624
2018-05-25,1.66281248761,0.00228542257989,1.49790649557,1.74569424809,1.62180037183,64.0260576607,1.65748668805,1.65412719744,1.65198122498,1.65788189205,1.64890833078,1.63499167766
2018-05-29,1.65681659891,-0.00360587182117,1.53685041689,1.72727300161,1.63206170925,58.9064212988,1.65796284817,1.65390676496,1.65401000555,1.65752679434,1.65034619771,1.63771979282
2018-05-30,1.65328941882,-0.00212888987982,1.57465955814,1.70626088268,1.64046022041,53.2984757174,1.65856239513,1.65484140999,1.65528246905,1.65611433583,1.65088132882,1.63966599607
2018-05-31,1.64773439866,-0.00335998047291,1.59475475297,1.69584579247,1.64530027272,39.8554680634,1.65593476555,1.6536863191,1.65541748599,1.65332102344,1.6503091597,1.64067454639
2018-06-01,1.67744970802,0.0180340407941,1.62238893682,1.68058218034,1.65148555858,55.8595305981,1.65962052241,1.65655202875,1.65596418413,1.6613639183,1.65524380485,1.6452714416
2018-06-04,1.69146945033,0.00835777206074,1.62640481755,1.6842429774,1.65532389747,61.8550449712,1.66535191495,1.6614193015,1.65786876994,1.67139909564,1.66183028585,1.65104619269
2018-06-05,1.70451943168,0.00771517413337,1.62598521566,1.69247603341,1.65923062454,72.312962276,1.6748924815,1.66642766484,1.66090200381,1.68243920766,1.66959194873,1.65773034756
2018-06-06,1.71042714488,0.00346591132595,1.62477922957,1.70130448737,1.66304185847,70.1765171487,1.68632002671,1.67244121092,1.66533428223,1.69176852006,1.67701652984,1.66431744723
2018-06-07,1.70584216211,-0.00268060687905,1.62423493639,1.70786208229,1.66604850934,73.7083199198,1.6979415794,1.67693817248,1.66843807254,1.69645973408,1.68225755389,1.66950803659
2018-06-08,1.69032320463,-0.00909753423897,1.62390963711,1.71029477845,1.66710220778,68.5376707841,1.70051627873,1.68006840057,1.67120677874,1.69441422426,1.68372403585,1.67210993259
2018-06-11,1.68617909039,-0.00245166973374,1.62430257611,1.71222968218,1.66826612914,63.1979923589,1.69945820674,1.68240506085,1.67409893658,1.69166917964,1.6841704094,1.67386857732
2018-06-12,1.69543736519,0.00549068295586,1.62474087644,1.71543302599,1.67008695122,67.9272583469,1.69764179344,1.68626713747,1.67683237437,1.69292524149,1.68621894682,1.6765646758
2018-06-13,1.68150565569,-0.00821717733635,1.62809063054,1.71583954061,1.67196508557,58.135586861,1.6918574956,1.68908876116,1.67891330582,1.68911871289,1.68536198479,1.67718229829
2018-06-14,1.68238738384,0.000524368228481,1.62943529062,1.71680508816,1.67312018939,59.2563603642,1.68716653995,1.69255405968,1.6803476283,1.68687493654,1.68482114826,1.67783293398
2018-06-15,1.66510497899,-0.0102725478141,1.631574288,1.71629732752,1.67393580776,51.0384221645,1.68212289482,1.69131958677,1.68075323198,1.67961828402,1.68123639021,1.67624193961
2018-06-18,1.66422338461,-0.000529452732181,1.63493982734,1.71507445436,1.67500714085,52.9456682507,1.67773175366,1.6885949802,1.68084729178,1.67448665089,1.67814311646,1.67473962023
2018-06-19,1.6373297355,-0.0161598793549,1.63158331332,1.7167203621,1.67415183771,45.2359878864,1.66611022773,1.68187601058,1.67954816756,1.66210101242,1.67072250174,1.67006338464
2018-06-20,1.64447200364,0.00436214403987,1.63053280587,1.71718890151,1.67386085369,49.2508267721,1.65870349732,1.67528049646,1.67896033988,1.65622467616,1.66594968391,1.66686446202
2018-06-21,1.63530176166,-0.00557640504746,1.62623651372,1.71892811517,1.67258231445,35.236260958,1.64928637288,1.66822645642,1.67813149741,1.64925037133,1.66037733441,1.66291912447
2018-06-22,1.63054016039,-0.00291175695145,1.621431112,1.72088544056,1.67115827628,27.1325861974,1.64237340916,1.66224815199,1.67500419424,1.64301363435,1.65495239368,1.65887175396
2018-06-25,1.6062921059,-0.0148711789362,1.6107969192,1.72586759519,1.66833225719,15.9830230707,1.63078715342,1.65425945354,1.66932570461,1.63077312487,1.64610506863,1.65229929795
2018-06-26,1.62621969517,0.0124059560492,1.60642108729,1.72718373672,1.66680241201,23.8438795663,1.62856514535,1.64733768654,1.66410572217,1.62925531497,1.64248954618,1.64903934761
2018-06-27,1.62383903721,-0.00146392148884,1.60218773065,1.7284720552,1.66532989293,24.151406994,1.62443855207,1.64157102469,1.65833318166,1.62744988905,1.63909854455,1.64588930881
2018-06-28,1.6356544547,0.00727622456346,1.60065083435,1.72880095711,1.66472589573,32.4919278003,1.62450909068,1.63689773178,1.65365400117,1.63018474427,1.6384723464,1.64460995204
2018-06-29,1.63221571763,-0.00210236157651,1.59709983336,1.72782855906,1.66246419621,32.6150744562,1.62484420212,1.63360880564,1.6497801687,1.63086173539,1.63733477753,1.64306067274
2018-07-02,1.65046775858,0.0111823705371,1.59632054928,1.72450767396,1.66041411162,36.534455431,1.63367933266,1.63223324304,1.64739941325,1.63739707645,1.63972259226,1.64398655847
2018-07-03,1.62172261145,-0.0174163639231,1.59349325648,1.71905528473,1.65627427061,33.3950645739,1.63277991591,1.63067253063,1.64248509633,1.63217225478,1.63644986848,1.64120356509
2018-07-05,1.6347725928,0.00804698735678,1.59451600818,1.71046707783,1.652491543,37.7680290827,1.63496662703,1.62970258955,1.63936955881,1.63303903412,1.63614490927,1.64039969356
2018-07-06,1.65743395218,0.0138620866806,1.59770301516,1.70243924985,1.65007113251,48.351676931,1.63932252653,1.6319158086,1.6377059967,1.64117067348,1.64001564434,1.64252897589
2018-07-09,1.68044758549,0.0138850982722,1.59864061714,1.70051408596,1.64957735155,53.9989284889,1.6489689001,1.63690655111,1.63872883713,1.65426297748,1.64736690637,1.64726880209
2018-07-10,1.67841947789,-0.001206885364,1.5993194618,1.69905928005,1.64918937093,60.9256459008,1.65455924396,1.64411928831,1.63967524335,1.66231514429,1.65301282846,1.65116263656
2018-07-11,1.65664025685,-0.0129760297279,1.60216558169,1.69233344932,1.64724951551,53.248755717,1.66154277304,1.64716134448,1.64096261144,1.66042351514,1.6536723609,1.6518473391
2018-07-12,1.68441550035,0.0167660078164,1.6018293949,1.69296062058,1.64739500774,61.1738328251,1.67147135455,1.65321899079,1.64362551122,1.66842084354,1.65926202262,1.65591835925
2018-07-13,1.68706081854,0.00157046654248,1.60126651884,1.69399084011,1.64762867948,62.9445141288,1.67739672782,1.65835962718,1.64707611501,1.67463416854,1.66431634915,1.65981116666
2018-07-16,1.68335742123,-0.00219517711924,1.60006048266,1.69702212052,1.64854130159,69.4655281058,1.67797869497,1.66347379754,1.65059726573,1.67754191944,1.66777836225,1.66275444849
2018-07-17,1.68811888874,0.00282855408533,1.59852699148,1.70094516211,1.6497360768,66.8724733995,1.67991857714,1.66723891055,1.65605238459,1.68106757587,1.6714766398,1.66592500352
2018-07-18,1.67886033751,-0.00548453743043,1.5993685009,1.70425671289,1.6518126069,64.570500052,1.68436259327,1.67295268316,1.65956176074,1.68033182975,1.67281913029,1.66754192027
2018-07-19,1.69191045262,0.00777319877083,1.59892293584,1.70944612285,1.65418452934,64.7206119813,1.68586158373,1.67866646914,1.6640998551,1.68419137071,1.6762902798,1.67058798681
2018-07-20,1.68803071325,-0.00229311153141,1.60033484301,1.71330711083,1.65682097692,64.6155325518,1.68605556267,1.68172614525,1.66759160567,1.68547115155,1.67842490407,1.67276832761
2018-07-23,1.68952965198,0.000887980722824,1.60290323055,1.71663767246,1.6597704515,61.2173325743,1.68729000882,1.6826343519,1.67141253463,1.68682398503,1.68044394914,1.67486349316
2018-07-24,1.70178608068,0.00725434364749,1.61062443149,1.71846586899,1.66454515024,75.1049928947,1.69002344721,1.68497101217,1.6748337561,1.69181135025,1.68432433669,1.6782288166
2018-07-25,1.71783406434,0.0094300828068,1.61337913539,1.72487260201,1.6691258687,75.4548651163,1.69781819257,1.69109039292,1.6812411863,1.70048558828,1.69041701445,1.68317947257
2018-07-26,1.71245539516,-0.00313107610109,1.61888931999,1.7282240532,1.6735566866,68.8799911804,1.70192718108,1.6938943824,1.68642003979,1.7044755239,1.69442399276,1.68683896289
2018-07-27,1.68397449806,-0.0166316139849,1.62416193008,1.72778344745,1.67597268877,51.433279839,1.70111593804,1.69358575036,1.68818940951,1.69764184862,1.69252408463,1.68648090479
2018-07-30,1.67453987229,-0.00560259420903,1.63051955955,1.72565823345,1.6780888965,49.0490324278,1.6981179821,1.69270399546,1.68779556197,1.68994118984,1.68925422784,1.68498827572
2018-07-31,1.67789044279,0.00200089025139,1.63369631128,1.72522375014,1.67946003071,57.8553796116,1.69333885453,1.69168115087,1.68776029296,1.68592427416,1.68718808511,1.68410104661
2018-08-01,1.77673511292,0.058910085907,1.63124939318,1.74317191839,1.68721065578,71.9524811963,1.70511906424,1.70146862841,1.6957666167,1.71619455375,1.70346936289,1.6956803049
2018-08-02,1.82867050294,0.0292308007192,1.61709430454,1.77671679804,1.69690555129,77.0015102107,1.7283620858,1.71514463344,1.70538361687,1.75368653681,1.72623320653,1.71230407965
2018-08-03,1.83396114823,0.00289316488826,1.60740393817,1.80405988402,1.70573191109,78.5276992008,1.75835941583,1.72973767694,1.71517697218,1.78044474062,1.74582010502,1.72751121322
2018-08-06,1.84348407433,0.00519254517116,1.59877996519,1.82898750588,1.71388373553,78.8515992443,1.79214825624,1.74513311917,1.72585208239,1.80145785185,1.76357719035,1.74200782086
2018-08-07,1.82620166949,-0.00937485985531,1.59713557291,1.84541011732,1.72127284511,76.9415991259,1.82181050158,1.75757467805,1.73505760111,1.80970579107,1.77496345929,1.75253205194
2018-08-08,1.82743609067,0.000675950089581,1.60098594901,1.8586393246,1.7298126368,75.8755306953,1.83195069713,1.76853488069,1.74496265132,1.81561589093,1.78450393772,1.76189505678
2018-08-09,1.84180865978,0.00786488193923,1.60151206278,1.87385252678,1.73768229478,78.1619599602,1.8345783285,1.78147020715,1.75495586513,1.82434681388,1.79492297809,1.77188425716
2018-08-10,1.83632262481,-0.00297861286591,1.60437345016,1.88591732002,1.74514538509,76.5971301092,1.83505062382,1.79670501982,1.76484199256,1.82833875086,1.80245018659,1.77993905311
2018-08-13,1.84817968667,0.00645696006791,1.60860390289,1.89816909383,1.75338649836,76.4807705351,1.83598974628,1.81406900126,1.77541866154,1.83495239613,1.81076464115,1.78846913231
2018-08-14,1.8559662387,0.00421309253302,1.61350912207,1.91004860965,1.76177886586,75.6899619368,1.84194266012,1.83187658085,1.78569733874,1.84195701032,1.81898311343,1.79690627061
2018-08-15,1.8603019438,0.00233609049951,1.62174210772,1.91995978463,1.77085094617,77.5931583696,1.84851583075,1.84023326394,1.79519519738,1.84807198815,1.82649562804,1.80483072976
2018-08-16,1.88755535747,0.0146499947297,1.62770848427,1.93355789856,1.78063319142,88.2162979289,1.85766517029,1.84612174939,1.8068685282,1.86123311126,1.83759739703,1.81517130822
2018-08-17,1.9252497639,0.0199699607604,1.63314782866,1.95184045924,1.79249414395,92.5915268249,1.87545059811,1.85525061096,1.82295354592,1.88257199547,1.85353419101,1.82893111518
2018-08-20,1.90649114192,-0.00974347449898,1.643969472,1.96271496489,1.80334221845,87.3363017206,1.88711288916,1.86155131772,1.83841696389,1.89054504428,1.86316272754,1.83862611852
2018-08-21,1.9027746895,-0.00194936778607,1.65564315512,1.97114014265,1.81339164889,79.5402324127,1.89647457932,1.86920861972,1.85340924701,1.89462159269,1.87036490244,1.84664468989
2018-08-22,1.90286313251,4.64810745193e-05,1.66679979623,1.97848640836,1.8226431023,72.7814860753,1.90498681706,1.87675132391,1.86181778165,1.89736877263,1.87627367154,1.85367199522
2018-08-23,1.90675647987,0.00204604697609,1.68128481768,1.98343149538,1.83235815653,72.5179691187,1.90882704154,1.88324610591,1.86702351344,1.90049800838,1.88181600033,1.8603075558
2018-08-24,1.91268487258,0.00310915041989,1.70596905019,1.98161830033,1.84379367526,71.8476422467,1.90631406328,1.89088233069,1.87227176173,1.90456029645,1.88742852256,1.8668547204
2018-08-27,1.92843527288,0.00823470741403,1.73903884932,1.97393804126,1.85648844529,82.5909286221,1.91070288947,1.89890788931,1.87793517497,1.91251862192,1.89488429534,1.87455228946
2018-08-28,1.94400851964,0.00807558696573,1.78065222553,1.95893647273,1.86979434913,83.9961278332,1.9189496555,1.90771211741,1.88578896498,1.92301525449,1.90381597249,1.88323431823
2018-08-29,1.9730313821,0.0149293905721,1.79038294068,1.9688353845,1.87960916259,85.141162601,1.93298330541,1.91898506124,1.89549531774,1.93968729703,1.91640059242,1.89445895122
2018-08-30,1.99117088516,0.00919372252436,1.78895509176,1.98651327164,1.8877341817,88.8590817913,1.94986618647,1.92934661401,1.90545279943,1.95684849307,1.9299951911,1.90654794296
2018-08-31,2.01417690299,0.0115540147744,1.78641574668,2.0070741922,1.89674496944,89.3750773526,1.97016459255,1.93823932791,1.91730975131,1.97595796304,1.9453009569,1.92000156296
2018-09-04,2.02063623913,0.00320693586091,1.78528481252,2.02592034283,1.90560257768,89.2770412741,1.9886047858,1.94965383764,1.92880685481,1.99085072174,1.95899828094,1.93258089748
2018-09-05,2.00745196137,-0.0065248150568,1.79224309457,2.03708708997,1.91466509227,83.9114455499,2.00129347415,1.96012156482,1.93890590299,1.99638446828,1.96780804102,1.94193978047
2018-09-06,1.97409339381,-0.01661736779,1.80408956542,2.03990634944,1.92199795743,69.7615312923,2.00150587649,1.96724459095,1.94649199965,1.98895411012,1.96895083243,1.94595898214
2018-09-07,1.95816609856,-0.00806815690312,1.81520358772,2.04042807101,1.92781582937,58.4670798005,1.99490491917,1.97238555282,1.95119938239,1.9786914396,1.96698997173,1.94748487169
2018-09-10,1.93188612874,-0.0134207051399,1.82854326058,2.03664474855,1.93259400456,56.4573202803,1.97844676432,1.97430567844,1.95164180672,1.96308966931,1.96060745482,1.94553502882
2018-09-11,1.98072975865,0.0252828721027,1.84109275819,2.03735025814,1.93922150816,65.7500876445,1.97046546822,1.97953512701,1.95659104783,1.96896969909,1.96426605552,1.94993437005
2018-09-12,1.95613105321,-0.0124190113924,1.8540932579,2.03436623987,1.94422974889,60.0160757467,1.96020128659,1.98074738037,1.96014813875,1.96469015047,1.96278696419,1.95070895544
2018-09-13,2.00338186175,0.024155236664,1.86675042905,2.03601706052,1.95138374479,65.3804982723,1.96605898018,1.98378242834,1.96684938736,1.97758738756,1.97016785465,1.95729306873
2018-09-14,1.9806410392,-0.0113512171517,1.87607491873,2.03600113901,1.95603802887,60.4694013373,1.97055396831,1.98272944374,1.97177502465,1.97860527144,1.97207207003,1.96021156504
2018-09-17,1.92790433837,-0.0266260770045,1.87641427941,2.03592723579,1.9561707576,50.3579491286,1.96975761023,1.97410218728,1.9727896557,1.96170496042,1.96404157336,1.95617316171
2018-09-18,1.93108971359,0.00165224755261,1.88015065442,2.03465071794,1.95740068618,48.6343562081,1.95982960122,1.96514753472,1.97296661842,1.95149987814,1.95805032613,1.95303773069
2018-09-19,1.93224004347,0.000595689503605,1.8849585068,2.03278940096,1.95887395388,44.3203694981,1.95505139927,1.95762634293,1.97218205334,1.94507993325,1.95335754746,1.95043801979
2018-09-20,1.94692856582,0.00760181034818,1.89170411484,2.03045033624,1.96107722554,43.7961259666,1.94376074009,1.95490986014,1.97044186559,1.94569614411,1.95218864171,1.94999933804
2018-09-21,1.92595772711,-0.0107712419862,1.89534997879,2.02872459702,1.96203728791,37.1344317745,1.93282407767,1.95168902299,1.96609432172,1.93911667178,1.94741938451,1.94699413668
2018-09-24,1.953653231,0.0143801203418,1.90138357311,2.02678783855,1.96408570583,41.0483004991,1.9379738562,1.95386573322,1.96205941025,1.94396219152,1.94855281115,1.94782652347
2018-09-25,1.96604123629,0.00634094377343,1.90555154392,2.02638046407,1.965966004,44.6272402933,1.94496416074,1.95239688098,1.9584197434,1.95132187311,1.95173252481,1.95010336257
2018-09-26,1.95037941276,-0.00796617244763,1.90629184826,2.02627724904,1.96628454865,46.8898879763,1.9485920346,1.95182171694,1.95461490682,1.95100771966,1.95148650444,1.95013786884
2018-09-27,1.99046292194,0.0205516469859,1.90625115995,2.02806109134,1.96715612565,54.9166214941,1.95729890582,1.95052982296,1.9557062087,1.96415945375,1.9585731258,1.95517850048
2018-09-28,1.99745333528,0.00351195355366,1.90598176519,2.02895873111,1.96747024815,60.0858954852,1.97159802746,1.95221105256,1.95832535781,1.97525741426,1.9656422548,1.96046285483
2018-10-01,2.01090294207,0.00673337722401,1.90632629333,2.02828680688,1.96730655011,55.2986068814,1.98304796967,1.96051091293,1.96359314537,1.98713925686,1.97387147066,1.96676786574
2018-10-02,2.02877684857,0.00888849786124,1.9051464982,2.03028066296,1.96771358058,62.4719628817,1.99559509212,1.97027962643,1.9667962847,2.0010184541,1.98385426665,1.97451898859
2018-10-03,2.05346413078,0.0121685547767,1.89854435588,2.04148402222,1.97001418905,59.2389738348,2.01621203573,1.98240203516,1.97328515653,2.01850034633,1.99651060558,1.98438713136
2018-10-04,2.01736242089,-0.0175808816676,1.89763439161,2.04672088919,1.9721776404,56.7003418886,2.02159193552,1.98944542067,1.97421719381,2.01812103785,2.00030184473,1.98850904255
2018-10-05,1.98462297225,-0.0162288383604,1.89906524853,2.04793571964,1.97350048409,61.0681151228,2.01902586291,1.99531194518,1.97448265601,2.00695501598,1.99745114064,1.98802328377
2018-10-08,1.98002179543,-0.00231841356126,1.90407003738,2.04774449747,1.97590726742,59.5500594039,2.01284963358,1.99794880163,1.97795715315,1.9979772758,1.99428216878,1.98702309772
2018-10-09,2.00745196137,0.0138534666631,1.90404731973,2.05043943538,1.97724337756,63.1517450656,2.00858465614,2.00208987413,1.98304796967,2.00113550432,1.99667667653,1.98957670568
2018-10-10,1.91445472266,-0.0463260095386,1.89721391491,2.05310520715,1.97515956103,46.0657213947,1.98078277452,1.99849740512,1.98186228161,1.97224191043,1.98172723037,1.9801864578
2018-10-11,1.89755399248,-0.00882796024049,1.88585703181,2.05387930332,1.96986816757,46.5478422501,1.95682108884,1.98920651218,1.97857064339,1.94734593778,1.9664230053,1.96985739964
2018-10-12,1.96533340684,0.0357193600928,1.88522608442,2.05297948748,1.96910278595,52.057696496,1.95296317576,1.98599451933,1.98119568871,1.9533417608,1.96622489649,1.96929190054
2018-10-15,1.92330316156,-0.0213858092141,1.88449648326,2.05324897096,1.96887272711,45.6752349865,1.94161944898,1.97723454128,1.97917235074,1.94332889439,1.95842094468,1.96354330816
2018-10-16,1.9656871878,0.0220371011154,1.88808988117,2.05311532046,1.97060260082,52.2860204451,1.93326649427,1.97092557521,1.97914874751,1.95078165886,1.95974207979,1.96381129312
2018-10-17,1.95719279739,-0.00432133376173,1.89104291431,2.05265756272,1.97185023851,46.7992643597,1.94181410921,1.96129844187,1.97960297315,1.95291870504,1.9592785739,1.96298398115
2018-10-18,1.9114460997,-0.0233736286779,1.88549506437,2.05465716604,1.97007611521,41.4577150095,1.94459253066,1.95070680975,1.974335185,1.93909450326,1.95058176041,1.95654174597
2018-10-19,1.9405576727,0.0152301302164,1.88758727527,2.05402494971,1.97080611249,43.4613376782,1.93963738383,1.94630027979,1.97054214083,1.9395822264,1.94875919901,1.95454373681
2018-10-22,1.95241445812,0.00610998868359,1.88746975684,2.05401859084,1.97074417384,42.8213985905,1.94545964314,1.94353954606,1.96664290857,1.94385963697,1.94942379157,1.95427757697
2018-10-23,1.97081929913,0.0094267080108,1.88773805876,2.05422809521,1.97098307699,42.1755421085,1.94648606541,1.93987627984,1.96277907194,1.95284619103,1.95331388386,1.95634529224
2018-10-24,1.90321704724,-0.0343015982838,1.88039948035,2.05685043707,1.96862495871,39.4575726867,1.93569091538,1.93875251229,1.9527625997,1.9363031431,1.94420536811,1.94970426162
2018-10-25,1.94489337779,0.021897833783,1.87814193033,2.05455103268,1.9663464815,46.8731931748,1.94238037099,1.94348645083,1.94793133016,1.93916655466,1.94433046078,1.94910290114
2018-10-26,1.91392364547,-0.0159236144671,1.8722731433,2.05206685072,1.96216999701,44.5852843855,1.93705356555,1.93834547469,1.94321804171,1.9307522516,1.9388019489,1.94470549418
2018-10-29,1.87799908912,-0.0187701094712,1.86125360482,2.04979600391,1.95552480436,38.9284894703,1.92217049175,1.93381506745,1.93641652796,1.9131678641,1.92774688349,1.93636719355
2018-10-30,1.88737833769,0.00499427748485,1.85612602429,2.04078373335,1.94845487882,47.6294402774,1.90548229946,1.92598418243,1.92841161971,1.9045713553,1.92040714789,1.93024358657
2018-10-31,1.93657574856,0.0260665336109,1.86457813362,2.0206427858,1.94261045971,54.5087873806,1.91215403973,1.92392247755,1.92988635477,1.91523948639,1.92334689347,1.93103510682
2018-11-01,1.96630657425,0.0153522658245,1.86932276753,2.01079256722,1.94005766738,50.6352132208,1.91643667902,1.92940852501,1.93446986022,1.93226184901,1.93115774452,1.93544404024
2018-11-02,1.83588012439,-0.0663306788299,1.85115119451,2.01408985546,1.93262052498,42.6256873589,1.9008279748,1.91894077017,1.92583964139,1.90013460747,1.91383454086,1.92299855076
2018-11-05,1.78376266732,-0.028388268042,1.82071076707,2.02490437008,1.92280756858,34.1074637202,1.88198069044,1.9020755911,1.91653694178,1.86134396075,1.89018510931,1.90559406533
2018-11-06,1.80305250917,0.0108141302666,1.80537360494,2.01980158699,1.91258759597,37.0031499079,1.86511552474,1.8852989121,1.90569462987,1.84191347689,1.87434281837,1.89277637081
2018-11-07,1.85773582126,0.0303281861215,1.79978048843,2.01972281336,1.9097516509,46.1349848789,1.84934753928,1.8807507895,1.89906416479,1.84718759168,1.87132336435,1.88839630212
2018-11-08,1.8512541648,-0.00348900870551,1.79447568998,2.02039762905,1.90743665951,42.7764654029,1.82633705739,1.8713868682,1.89505136913,1.84854311606,1.86767441898,1.88375353495
2018-11-09,1.81555916079,-0.0192815252993,1.78334815195,2.01654774248,1.89994794721,38.9304723926,1.82227286467,1.86155041974,1.88671813501,1.8375484643,1.85819891749,1.87522923818
2018-11-12,1.72410181854,-0.0503742010859,1.75008489157,2.02989086855,1.88998788006,31.6053599054,1.81034069491,1.84616069268,1.87149729237,1.79973291571,1.83381762677,1.85633831073
2018-11-13,1.70687587883,-0.00999125430283,1.71982037537,2.03427425386,1.87704731461,33.9914862024,1.79110536884,1.82811044679,1.85390106435,1.76878057009,1.81073730896,1.83765550674
2018-11-14,1.65866115917,-0.0282473495914,1.68192514771,2.04231631769,1.8621207327,26.6651497392,1.75129043643,1.80031898785,1.83759733848,1.73207409978,1.78308709991,1.81528121329
2018-11-15,1.69959495365,0.0246788165611,1.65905276417,2.04400358663,1.8515281754,33.2933879488,1.7209585942,1.77364782579,1.8212441102,1.72124771774,1.76790670968,1.80082043084
2018-11-16,1.71841916329,0.0110757034153,1.64398097883,2.03686152102,1.84042124993,37.433317165,1.7015305947,1.76190172968,1.80821047806,1.72030486626,1.75890897397,1.7905202724
2018-11-19,1.6503145394,-0.0396321371102,1.61892797904,2.03170452894,1.82531625399,32.4998260406,1.68677313887,1.74855691689,1.79303150807,1.6969747573,1.73916453132,1.77299455577
2018-11-20,1.57146589977,-0.0477779464141,1.58168234796,2.02901482009,1.80534858402,23.9135084729,1.65969114305,1.72539825595,1.77197067888,1.65513847146,1.70867387104,1.74780347377
2018-11-21,1.5696900661,-0.00113004912714,1.54674098413,2.0306034858,1.78867223497,20.6968268779,1.64189692444,1.69659368043,1.74751163338,1.62665566967,1.68340408832,1.72553929781
2018-11-23,1.52982182354,-0.0253987990516,1.51162719554,2.02421011897,1.76791865725,23.259262242,1.60794229842,1.66445044631,1.71841265,1.59437772096,1.65548004018,1.70107461353
2018-11-26,1.55051072005,0.0135237294936,1.48563059481,2.01386542716,1.74974801098,28.6374084832,1.57436060977,1.63794560223,1.69938802305,1.57975538732,1.63639470925,1.68225412684
2018-11-27,1.54713661646,-0.00217612399874,1.46157042531,2.0048393494,1.73320488735,25.9215836884,1.55372502518,1.62024908202,1.68361295299,1.5688824637,1.6201659651,1.66536443804
2018-11-28,1.6066281947,0.0384526987498,1.45210095487,1.98623380553,1.7191673802,27.8308318036,1.56075748417,1.61022431361,1.67051799869,1.58146437403,1.6177045523,1.65802240763
2018-11-29,1.59428591796,-0.00768209893275,1.45021245324,1.95389332411,1.70205288867,27.465493691,1.56567665454,1.60378678949,1.6529546718,1.58573822201,1.61344661879,1.65005534642
2018-11-30,1.58567301498,-0.00540235780722,1.45930508762,1.9067373338,1.68302121071,28.7131015752,1.57684689283,1.59239459562,1.63524926181,1.58571648633,1.60839687264,1.64200755499
2018-12-03,1.64108007413,0.0349422980767,1.46091204046,1.88565037593,1.6732812082,42.2848816342,1.59496076365,1.58466068671,1.6236173227,1.6041710156,1.61433927291,1.64189161988
2018-12-04,1.5688910649,-0.0439887183842,1.45196906936,1.87310618679,1.66253762807,37.8494000118,1.59931165333,1.57651833926,1.61326993913,1.59241103203,1.60607596236,1.63276655051
2018-12-06,1.55139870822,-0.0111495036631,1.44473271904,1.85517715701,1.64995493803,39.9572829554,1.58826575604,1.5745116201,1.60290479442,1.57874025743,1.59613464343,1.62259557022
2018-12-07,1.49608049338,-0.0356569942673,1.44046933026,1.823275013,1.63187217163,30.8169090419,1.56862467112,1.56715066283,1.59206608337,1.55118700275,1.57794297978,1.60678118562
2018-12-10,1.50593652094,0.00658789925238,1.44553103872,1.78368154016,1.61460628944,29.8265459722,1.55267737231,1.56476213257,1.57915552119,1.53610350881,1.56485089636,1.59417560253
2018-12-11,1.4973234842,-0.00571938897651,1.45065816972,1.7467308415,1.59869450561,33.4443620021,1.52392605433,1.55944340899,1.56441580925,1.52317683394,1.55257318506,1.58206908774
2018-12-12,1.50149686543,0.0027872275236,1.44589166773,1.72923684818,1.58756425795,41.0463428304,1.51044721444,1.55487943388,1.55449463098,1.51595017777,1.54328658149,1.57199755995
2018-12-13,1.51792352751,0.0109401907207,1.44500232283,1.71123095794,1.57811664039,43.8750086485,1.50375217829,1.54600896717,1.5509251395,1.51660796102,1.53867511713,1.5652383059
2018-12-14,1.46935352875,-0.0319976585589,1.43275859356,1.70454392418,1.56865125887,42.7215541764,1.49840678537,1.53351572824,1.54423603701,1.5008564836,1.52607119197,1.55325270875
2018-12-17,1.45567940797,-0.00930621563328,1.42638746171,1.68652350146,1.55645548158,37.9717783619,1.48835536277,1.52051636754,1.53929320931,1.48579745839,1.51327268579,1.54105604616
2018-12-18,1.4745924619,0.0129925956399,1.43390037165,1.65462792138,1.54426414651,41.4209970552,1.48380915831,1.50386760632,1.5342319921,1.48206245956,1.50623991781,1.53274809813
2018-12-19,1.4285974407,-0.0311916833934,1.42312571972,1.64323086344,1.53317829158,27.2624807099,1.46922927337,1.4898382439,1.52632938038,1.46424078661,1.49212310379,1.51972926595
2018-12-20,1.39254729135,-0.0252346450574,1.39921405127,1.64925067105,1.52423236116,25.476252134,1.44415402614,1.47395310221,1.51205732016,1.44034295485,1.47401841062,1.50383151912
2018-12-21,1.33838322304,-0.0388956760402,1.36467068121,1.6606633568,1.51266701901,22.6450956526,1.41795996499,1.45818337518,1.49499714049,1.40635637758,1.44935746742,1.48315048211
2018-12-24,1.30375390471,-0.0258739931393,1.32674589453,1.6759813516,1.50136362306,11.3942394587,1.38757486434,1.43796511356,1.47620253314,1.37215555329,1.42288409238,1.46072590994
2018-12-26,1.39556625853,0.0704215369849,1.31448917457,1.67274362541,1.49361639999,32.5420408016,1.37176962366,1.42778939099,1.45983494544,1.3799591217,1.4179172135,1.45258095351
2018-12-27,1.38650922324,-0.00648986404433,1.30220813947,1.66896192118,1.48558503033,33.0248052766,1.36335198017,1.41629062677,1.44767615599,1.38214248888,1.41220666982,1.44432198723
2018-12-28,1.38721963875,0.000512377051471,1.29552571171,1.65370349335,1.47461460253,37.3692315511,1.36228644965,1.40322023789,1.43673088469,1.38383487217,1.40766357326,1.43718419367
2018-12-31,1.40062748525,0.00966526577495,1.29226002002,1.63760334177,1.46493168089,38.0526304066,1.37473530209,1.39634763354,1.43036735082,1.38943240986,1.40638428453,1.43261460511
2019-01-02,1.40222574625,0.00114110355484,1.29077475282,1.62074388209,1.45575931746,39.0918307098,1.3944296704,1.39100226737,1.42345329917,1.39369685533,1.40562818666,1.42881599776
2019-01-03,1.26255368434,-0.0996074007919,1.27453692115,1.59912907479,1.43683299797,28.2344327504,1.36782715557,1.36979838961,1.40780197918,1.349982465,1.37961464078,1.40803320858
2019-01-04,1.31645119302,0.0426892807352,1.26594325649,1.58247875226,1.42421100437,33.8462139508,1.35381554952,1.35858376485,1.39546560102,1.33880537434,1.36813037755,1.39658545663
2019-01-07,1.31352108797,-0.00222576048262,1.25860687813,1.56602736859,1.41231712336,36.5244146148,1.33907583937,1.35068114451,1.38183877172,1.33037727888,1.35820141581,1.38620241055
2019-01-08,1.33856078679,0.0190630352575,1.25267222803,1.55621004803,1.40444113803,40.539762967,1.32666249967,1.35069890088,1.37311925559,1.33310511485,1.35463039235,1.38024720758
2019-01-09,1.36129195177,0.0169817950777,1.25216808291,1.54224973624,1.39720890957,41.1479751408,1.31847574078,1.35645270559,1.36682675851,1.34250072716,1.35584158497,1.3778778006
2019-01-10,1.36564289674,0.00319618798141,1.25295135875,1.52829840165,1.3906248802,45.2131276129,1.33909358326,1.35346036941,1.35956345416,1.35021478368,1.35762364166,1.37634843762
2019-01-11,1.35223491648,-0.00981807197922,1.25493605363,1.51138751188,1.38316178275,47.2242903259,1.34625032795,1.35003293874,1.35447261921,1.35088816128,1.35664387344,1.37333424748
2019-01-14,1.33190129906,-0.0150370450976,1.26069063205,1.48703071061,1.37386067133,50.7155441229,1.34992637017,1.34450110477,1.35042955306,1.34455920721,1.35214522356,1.36815512893
2019-01-15,1.35916097277,0.0204667370798,1.2644021696,1.47229991746,1.36835104353,58.0297343215,1.35404640736,1.34035445352,1.35181473638,1.34942646239,1.35342081432,1.36703085941
2019-01-16,1.37576535018,0.0122166378757,1.2687300679,1.45998061338,1.36435534064,48.6018088323,1.35694108705,1.33770841391,1.35661549941,1.35820609166,1.35748345721,1.36812267075
2019-01-17,1.38393425461,0.0059377163622,1.27870512578,1.44093973478,1.35982243028,51.0020672499,1.36059935862,1.34984647094,1.35584003248,1.36678214598,1.3622926931,1.37009911874
2019-01-18,1.3924585719,0.00615948138901,1.28189246181,1.43413851187,1.35801548684,52.049344533,1.3686440897,1.35744720883,1.35623665573,1.37534095462,1.36777739833,1.37289405038
2019-01-22,1.36120323231,-0.0224461540308,1.28204753451,1.43084903326,1.35644828388,46.1582127358,1.37450447636,1.36221542326,1.35450222863,1.37062838052,1.36658209542,1.37143269812
2019-01-23,1.3667083149,0.0040442767529,1.28383425174,1.43189482521,1.35786453848,46.7166902369,1.37601394478,1.36503017607,1.35224095061,1.36932169198,1.36660504442,1.37084215022
2019-01-24,1.35587557971,-0.00792615005819,1.2909270611,1.43001418336,1.36047062223,69.4736244673,1.37203599069,1.36448853887,1.3491509395,1.36483965456,1.36465423265,1.36897132891
2019-01-25,1.400805049,0.0331368673912,1.29059548124,1.43086964227,1.36073256175,67.8414335935,1.37541014956,1.36800475409,1.35836769715,1.37682811937,1.37122710835,1.37295054392
2019-01-28,1.38784120996,-0.00925456332637,1.29055657149,1.43104175069,1.36079916109,65.2734028894,1.37448667718,1.37156538344,1.36312703161,1.38049914957,1.3742478541,1.37481187717
2019-01-29,1.37345666476,-0.0103646909329,1.29069343323,1.42952859155,1.36011101239,57.710487441,1.37693736367,1.37572092001,1.36712273673,1.37815165463,1.37410400149,1.37464247562
2019-01-30,1.46731126921,0.068334594646,1.28070620099,1.44618420218,1.36344520159,67.2212727156,1.39705795453,1.38653594965,1.37570610222,1.40787152616,1.39105077744,1.38622607482
2019-01-31,1.4778777212,0.00720123412847,1.271177391,1.46327820966,1.36722780033,67.7862978099,1.42145838282,1.39674718676,1.38347848685,1.4312069245,1.40683749449,1.39768253062
2019-02-01,1.4785881367,0.000480699788253,1.28295847461,1.47310057129,1.37802952295,70.8400868501,1.43701500036,1.40621257496,1.39100816952,1.4470006619,1.4198830658,1.40779573138
2019-02-04,1.52058735827,0.0284049496407,1.27832712265,1.49814553977,1.38823633121,78.8507200415,1.46356423003,1.4190254536,1.40223166564,1.47152956069,1.43819293716,1.42189468474
2019-02-05,1.5466037647,0.0171094454363,1.27493854857,1.52484238154,1.39989046505,78.5460033892,1.49819365001,1.43756550684,1.41654516335,1.49655429536,1.45790399671,1.43748331973
2019-02-06,1.54713661646,0.000344530235411,1.27274128428,1.54789722879,1.41031925653,77.3942534097,1.51415871947,1.455608337,1.42907687292,1.51341506906,1.47412810939,1.45118998182
2019-02-07,1.51783481697,-0.0189393743118,1.27462878427,1.56166401531,1.41814639979,70.5608318248,1.52215013862,1.47180426072,1.43854817071,1.51488831836,1.4820747835,1.45952058622
2019-02-08,1.51961827504,0.00117500142045,1.27774015184,1.57395018558,1.42584516871,69.9205048799,1.53035616629,1.48368558333,1.44759377207,1.51646497059,1.48890087287,1.46703279732
2019-02-11,1.51087910134,-0.00575090063374,1.28527920663,1.58227554927,1.43377737795,75.4147181712,1.5284145149,1.49598937246,1.45548847403,1.51460301417,1.49289691441,1.47251358532
2019-02-12,1.52389859401,0.00861716378634,1.29781440926,1.58894007614,1.4433772427,75.932713152,1.52387348076,1.51103356539,1.46633483148,1.51770154079,1.49853358343,1.47893671141
2019-02-13,1.5175671694,-0.00415475454476,1.30780524816,1.59478985691,1.45129755253,77.2754896561,1.51795959135,1.51605915541,1.47639208845,1.51765675033,1.50199423542,1.48376551866
2019-02-14,1.52309606152,0.00364326022742,1.31637654225,1.60095163395,1.4586640881,73.6284909544,1.51901184026,1.52058098944,1.48754012057,1.51946985406,1.50583093108,1.48868183652
2019-02-15,1.51970739577,-0.0022248535909,1.32523688735,1.60566860296,1.46545274516,76.5569222659,1.51902966441,1.52469291535,1.49546694369,1.51954903463,1.50835392466,1.49256003142
2019-02-19,1.52425523747,0.00299257719743,1.33389820093,1.61018695594,1.47204257844,81.6559777608,1.52170489164,1.52505970327,1.50456121219,1.52111776891,1.51124507244,1.49652193218
2019-02-20,1.53406445748,0.00643541827092,1.35032930167,1.61104197771,1.48068563969,71.0908350878,1.52373806433,1.52380577255,1.51526839837,1.52543333177,1.51539405154,1.50121474784
2019-02-21,1.52541454719,-0.00563855726117,1.36856294622,1.6086789564,1.48862095131,65.3404539876,1.52530753989,1.52163356562,1.51914195023,1.52542707024,1.51721595984,1.50423972276
2019-02-22,1.54244685396,0.0111656905316,1.39331823874,1.6025807913,1.49794951502,68.5166814136,1.52917769837,1.52409476932,1.52344655909,1.53110033148,1.52180339513,1.50901561416
2019-02-25,1.55368276373,0.00728447125349,1.40880044556,1.60238635595,1.50559340076,61.5521797713,1.53597277197,1.52750121819,1.52845286755,1.5386278089,1.52759964397,1.51459900786
2019-02-26,1.55457455964,0.000573988419308,1.43230739746,1.59555273902,1.51393006824,53.498621166,1.5420366364,1.53187076402,1.53071868098,1.54394339248,1.53250417409,1.51959595183
2019-02-27,1.55938990623,0.0030975333781,1.47244132401,1.57401213662,1.52322673031,55.0656781757,1.54710172615,1.53541989524,1.53157109041,1.54909223039,1.53739248902,1.52457019613
2019-02-28,1.54405192787,-0.00983588408063,1.48290211825,1.57122540825,1.52706376325,61.9714432442,1.55082920228,1.53806837109,1.53136544451,1.54741212955,1.53860329609,1.5270054126
2019-03-01,1.56028170214,0.0105111583198,1.49116203238,1.57120589221,1.53118396229,66.3051060127,1.55439617192,1.54178693515,1.53419523685,1.55170198708,1.54254482446,1.53116494879
2019-03-04,1.56812907993,0.00502946216477,1.50069914309,1.57062287582,1.53566100946,73.0877278971,1.55728543516,1.54662910356,1.53742929051,1.5571776847,1.54719650727,1.53578546518
2019-03-05,1.5652754418,-0.00181977247132,1.50131521803,1.57447560924,1.53789541363,68.1835035662,1.55942561159,1.550731124,1.54105571321,1.55987693706,1.55048358628,1.53947171226
2019-03-06,1.55626888805,-0.00575397371249,1.50106603802,1.57569130158,1.5383786698,66.7488865123,1.55880140796,1.55295156705,1.54321373281,1.55867425406,1.55153545933,1.54157135923
2019-03-07,1.53825565572,-0.0115746272846,1.50085015414,1.57501908938,1.53793462176,56.1013099233,1.55764215353,1.55423567791,1.54459296523,1.55186805461,1.54912094958,1.54115689629
2019-03-08,1.54191183527,0.00237683478261,1.50325766065,1.57501928471,1.53913847268,58.8264529006,1.55396818015,1.55418217604,1.54584735015,1.54854931483,1.54781020152,1.54125126366
2019-03-11,1.5953271164,0.0346422408272,1.50036166479,1.5854861647,1.54292391475,70.0855964651,1.55940778745,1.5583466113,1.55088866486,1.56414191535,1.55644964059,1.54801074526
2019-03-12,1.61325122799,0.0112353832723,1.49778026647,1.59830477569,1.54804252108,71.276807623,1.56900294469,1.56421427814,1.55682173089,1.58051168623,1.56677720194,1.5561658056
2019-03-13,1.62038519402,0.00442210481627,1.49449427722,1.61123942493,1.55286685108,75.7094381557,1.58182620588,1.57031380692,1.56257644666,1.59380285549,1.57652410959,1.56419322915
2019-03-14,1.63839829259,0.0111165534213,1.49159218648,1.626224628,1.55890840724,75.6994312126,1.60185473325,1.57974844339,1.57010869635,1.60866800119,1.58777396104,1.57346886208
2019-03-15,1.65971092725,0.013008213422,1.4869724165,1.64450588455,1.56573915052,76.812172939,1.62541455165,1.5896913659,1.57792630124,1.62568230988,1.60085340944,1.58424912023
