Close,ROI,Lower Bound,Upper Bound,Middle Bound,sellSignal,buySignal
1.0,,,,,0,0
0.9988808276068682,-0.001119172393131751,,,,0,0
1.0039604242221958,0.005085287929188942,,,,0,0
1.0151528615474403,0.011148285385766732,,,,0,0
1.0244510685646737,0.009159415659883763,,,,0,0
1.0254843126592634,0.0010085831586250649,,,,0,0
1.030994433592286,0.005373188906940829,,,,0,0
1.0266896808736599,-0.004175340407636452,,,,0,0
1.0248816642217615,-0.0017610157047257546,,,,0,0
1.0331467698231906,0.008064448696821103,,,,0,0
1.0330607077632874,-8.330090401187373e-05,,,,0,0
1.0312527535333575,-0.0017500948553588191,,,,0,0
1.0331467698231906,0.0018366169528698517,,,,0,0
1.0338355516599886,0.0006666834344513095,,,,0,0
1.0328885123040878,-0.0009160444853923977,,,,0,0
1.049332804125828,0.015920684203426294,,,,0,0
1.0498493905034265,0.0004922998457375094,,,,0,0
1.04993545256333,8.197562496303767e-05,,,,0,0
1.0471803965555306,-0.002624024173174755,,,,0,0
1.044769793888099,-0.0023019936921667705,0.9983850147409742,1.0605044028421722,1.0294447087915732,0,0
1.1084804016464882,0.06098052234195128,0.9904458878639618,1.0792915698838332,1.0348687288738976,1,0
1.106586394274079,-0.0017086521057079196,0.9886648062679074,1.0918432081466087,1.0402540072072581,1,0
1.111321662392976,0.004279167124590755,0.9879497962392684,1.1032943419923256,1.045622069115797,1,0
1.1217391844821267,0.009373993544514292,0.9859067156576344,1.115996054867428,1.0509513852625312,1,0
1.132415026512349,0.00951722305675795,0.9831554070774537,1.1295437592423763,1.056349583159915,1,0
1.1368058412908781,0.0038773900696569275,0.9819834374854246,1.141847881697567,1.0619156595914958,1,0
1.1450204653545277,0.007226057225675042,0.9809856184267647,1.154248303932451,1.0676169611796078,1,0
1.14242644910839,-0.00226547587979975,0.9829076611638528,1.163899938018836,1.0734037995913444,1,0
1.1525431864829472,0.008855482453555608,0.9857609673965344,1.1738127840122727,1.0797868757044036,1,0
1.1675023437442802,0.012979259637967866,0.9874456372737928,1.1855636715271236,1.0865046544004582,0,0
1.171739127856484,0.0036289298560343575,0.9907819203024006,1.1960952305078352,1.093438575405118,0,0
1.170355990792831,-0.0011804138231547023,0.9966338182318574,1.204153656304326,1.1003937372680916,0,0
1.1735552415294568,0.002733570607400093,1.0038118870302237,1.2110164346765862,1.107414160853405,0,0
1.182029086194011,0.007220661085804991,1.0121856820707775,1.2174619930894346,1.114823837580106,0,0
1.1855743597376445,0.0029993115948176996,1.0228104373465507,1.2221058225570172,1.122458129951784,0,0
1.1805591290894069,-0.0042302118016008805,1.0324103118897365,1.225628580510189,1.1290194461999628,0,0
1.1816831971483648,0.0009521488854395965,1.043879424436496,1.2273428486279234,1.1356111365322097,0,0
1.1840178679496602,0.001975716339988054,1.057619091494758,1.2270114231082945,1.1423152573015263,0,0
1.1845368352794912,0.000438310386928098,1.07539458670872,1.2229715717667284,1.1491830792377242,0,0
1.2087478824573283,0.020439252251809092,1.097269958965569,1.2174940083668022,1.1573819836661856,0,0
1.2015710503745554,-0.005937410263075593,1.103471340284922,1.2206016919202558,1.162036516102589,0,0
1.2086614815353096,0.005900967036900573,1.11118891121972,1.2230916297115808,1.1671402704656504,0,0
1.20485685362941,-0.003147802725595894,1.1200289671977446,1.2236050928571998,1.1718170300274722,0,0
1.2064133454173942,0.0012918478932129052,1.1277748965776728,1.2243265795707983,1.1760507380742355,0,0
1.2019169394202016,-0.0037270857573586946,1.1345846923371223,1.224466975102134,1.1795258337196282,0,0
1.1991498448898792,-0.002302234405363479,1.1417082469466662,1.2235778208524901,1.1826430338995781,0,0
1.2031275510799637,0.0033171052033533766,1.1477269077163639,1.223369868655336,1.18554838818585,0,0
1.2036462419696476,0.0004311187863816901,1.155921561466194,1.2212971941916313,1.1886093778289126,0,0
1.2018305384981829,-0.0015085025883465608,1.1626857934411854,1.2194616974181631,1.1910737454296743,0,0
1.2145414347976633,0.010576280009795713,1.1654693513069707,1.221382048657716,1.1934256999823434,0,0
1.216530082791951,0.0016373652946792827,1.1678478301989679,1.2234826652592656,1.1956652477291168,0,0
1.2104774525294972,-0.004975323132628939,1.1718217651829634,1.2235208764489365,1.19767132081595,0,0
1.223188482590339,0.0105008400067923,1.1745227577659063,1.2257832079720818,1.200152982868994,0,0
1.2091804488651405,-0.011452064767266013,1.1770738453440233,1.2259472566610778,1.2015105510025506,0,0
1.2228424597833314,0.011298570805551078,1.1783766199467827,1.228371292062887,1.2033739560048349,0,0
1.2185188645476006,-0.0035356927633154456,1.1818539011531153,1.2286899844023742,1.2052719427777447,0,0
1.2160979265856475,-0.0019867874288937992,1.1859339817129841,1.228051376786233,1.2069926792496086,0,0
1.2181732519421014,0.0017065446055652966,1.1900891317849809,1.2273117651134806,1.2087004484492307,0,0
1.2434219573394532,0.02072669495664803,1.1906502673888342,1.2326391417156237,1.211644704552229,1,0
1.2461890607871995,0.002225393746196236,1.187527011485178,1.239506515452267,1.2135167634687225,1,0
1.2445461680771963,-0.00131833343888077,1.1868786433575018,1.2444523953502074,1.2156655193538546,1,0
1.2422114883584765,-0.0018759285742905307,1.1864421531853482,1.2482438862046774,1.2173430196950128,1,0
1.242557377404123,0.00027844618157857326,1.1869646728604277,1.2514914189070694,1.2192280458837486,1,0
1.2518095348433498,0.007446060526038467,1.1867394680792684,1.256256242630824,1.2214978553550462,1,0
1.2453243470905078,-0.005180650548131216,1.1886381023224557,1.2586983491546675,1.2236682257385616,1,0
1.2422114883584765,-0.0024996369333851742,1.191859234085472,1.2597833817385111,1.2258213079119915,0,0
1.2394445275895158,-0.0022274474152682577,1.1949234189039812,1.2603508945709574,1.2276371567374693,0,0
1.2379744367235506,-0.0011860884720870102,1.1983840732590738,1.2603230596912551,1.2293535664751645,0,0
1.2246584396949431,-0.01075627786293376,1.2022321287138977,1.2587577943561072,1.2304949615350025,0,0
1.2261282630381856,0.001200190433185977,1.2037282478035645,1.2584203580904922,1.2310743029470284,0,0
1.2196430663679196,-0.005289166611490148,1.2041988344900334,1.25826106976162,1.2312299521258268,0,0
1.2263877422443892,0.005530040765578281,1.2066820976495474,1.2573688355735952,1.2320254666115713,0,0
1.220940078949701,-0.0044420399087801155,1.206385348649673,1.2574407442094062,1.2319130464295396,0,0
1.2164436818699322,-0.003682733622469514,1.2079309137051715,1.2566215024543872,1.2322762080797793,0,0
1.2316623272548928,0.012510768572176145,1.2087752312973383,1.2566591716093765,1.2327172014533574,0,0
1.2301923701502888,-0.0011934741138670546,1.2102642758485047,1.2563374776184786,1.2333008767334916,0,0
1.242038410074292,0.009629420740559391,1.2127490844037914,1.2564467174120566,1.234597900907924,0,0
1.2497340668081107,0.006195989328025897,1.2147674269149868,1.2575844563874619,1.2361759416512244,0,0
1.2423842991199385,-0.005881065326917012,1.214784564775786,1.2574635527047113,1.2361240587402487,0,0
1.2433354226560729,0.0007655630683742753,1.2148885052345055,1.2570742484328794,1.2359813768336925,0,0
1.242124810996311,-0.0009736806638837026,1.2149473976356762,1.2567732203236204,1.2358603089796483,0,0
1.2674602026732527,0.020396816368735138,1.2119757965185036,1.2622696928722703,1.237122744695387,1,0
1.2755020159754404,0.006344825096067375,1.208359041841315,1.269180911406591,1.238769976623953,1,0
1.2716108533861603,-0.003050691053831378,1.206413987689883,1.273106097412304,1.2397600425510935,1,0
1.2670279037881635,-0.0036040503946571656,1.2053907883028439,1.2762996524691088,1.2408452203859763,1,0
1.2880399677520975,0.01658374207948543,1.2018640088495227,1.2844092798617919,1.2431366443556573,1,0
1.323059664157146,0.027188361605086753,1.1928037092052173,1.3018310931628605,1.2473174011840389,1,0
1.331533642583061,0.0064048346839395975,1.1860078100306934,1.3179829129233351,1.2519953614770143,1,0
1.325221533114404,-0.004740480650877288,1.1847778626634626,1.3292691696325123,1.2570235161479875,1,0
1.336682358152519,0.008648233334377586,1.183647925431688,1.3414545163757203,1.2625512209037042,1,0
1.3553500848274425,0.013965716358166791,1.1829812259713182,1.3556919176820428,1.2693365718266805,1,0
1.3518771940151562,-0.002562357025807427,1.184301403979897,1.3669206848505409,1.2756110444152189,1,0
1.3498799674588926,-0.0014773727710662987,1.1888140766591442,1.3753020010222126,1.2820580388406784,0,0
1.3045569900847251,-0.03357556113636284,1.198073023023255,1.374854385479581,1.286463704251418,0,0
1.3244399476450897,0.015241156738635908,1.2051161061536109,1.3770890643882445,1.2911025852709277,0,0
1.3289548572972711,0.0034089198685143263,1.2135084281540673,1.3785729911024869,1.296040709628277,0,0
1.3370298790867738,0.00607621977914663,1.220438834329144,1.3811417318286583,1.300790283078901,0,0
1.3353801734647652,-0.001233858455830017,1.2270838601173637,1.3830613167061043,1.305072588411734,0,0
1.3313860057098086,-0.0029910341896071113,1.2366028801733735,1.3824424673090816,1.3095226737412275,0,0
1.3359877264855171,0.0034563385494315035,1.2474310619166866,1.3808795159487128,1.3141552889326997,0,0
1.333730334081395,-0.001689680495838397,1.2608376589625652,1.3766334712113426,1.3187355650869539,0,0
1.334251343501343,0.0003906407514580046,1.2691375828678744,1.3750126613888425,1.3220751221283584,0,0
1.3263500866376794,-0.005921865398260784,1.2764265364636433,1.3728085148592972,1.3246175256614703,0,0
1.329996742375805,0.002749391563256154,1.2862928798110063,1.3687807604108984,1.3275368201109523,0,0
1.3497063452118385,0.014819286550150412,1.3006582826850093,1.362683201679263,1.331670742182136,0,0
1.336508735905465,-0.009778133853480586,1.3108303813305702,1.3573579798490385,1.3340941805898043,0,0
1.3410237793190076,0.003378237113043525,1.3121388757119319,1.3578458969838634,1.3349923863478976,0,0
1.349011847306198,0.005956693766643539,1.3122458237515071,1.3594867694166017,1.3358662965840544,0,0
1.3457124449796047,-0.0024457919574107923,1.3134374448231154,1.3603442395315135,1.3368908421773145,0,0
1.2935299531415225,-0.038776851646692645,1.3042984409062892,1.3651680029472397,1.3347332219267645,0,1
1.2626202172432537,-0.023895647582957147,1.2871889952330655,1.3730044618620447,1.3300967285475551,0,1
1.2727787327496776,0.008045582802882256,1.2774900134277931,1.3747935975407695,1.3261418054842813,0,1
1.260362566233833,-0.009755164975942865,1.2662137751779032,1.3771180956681532,1.3216659354230282,0,1
1.2528085538642777,-0.005993523270155343,1.2559650772041044,1.3821919500199076,1.319078513612006,0,1
1.2352702011156464,-0.013999228129896069,1.241324332585566,1.3879157199855017,1.3146200262855339,0,1
1.2706081603865067,0.02860747327908042,1.2361979770471818,1.387207405832809,1.3117026914399954,0,1
1.2590601140233564,-0.009088597667779474,1.2297955946017036,1.3858128117719453,1.3078042031868244,0,1
1.266527172590599,0.0059306608827289775,1.2254056005390295,1.3833175057472027,1.304361553143116,0,1
1.2644435451123166,-0.0016451502371012117,1.2212110357489936,1.3808178244774896,1.3010144301132416,0,1
1.2700872847279203,0.0044634176333293585,1.2185567150927703,1.3768821009579533,1.2977194080253618,0,0
1.266093116972964,-0.0031447978441986324,1.2158764638134216,1.372798630526459,1.2943375471699403,0,0
1.2479465334793496,-0.014332740025473023,1.2113112941188904,1.3687333192187907,1.2900223066688405,0,0
1.2661800618578523,0.014610824974741865,1.2095595947732232,1.3644680160864757,1.2870138054298494,0,0
1.2475123351829287,-0.01474334278138345,1.2062927121551077,1.3594864579853034,1.2828895850702056,0,0
1.2504644930154138,0.002366435785223997,1.2069003006854122,1.3489546842353564,1.2779274924603843,0,0
1.2459495833632324,-0.0036105860481444596,1.2066811621635922,1.3401179075029532,1.2733995348332727,0,0
1.2510721708801034,0.004111392294898097,1.2096704210398062,1.3281334877828486,1.2689019544113274,0,0
1.2392639586690946,-0.009438474043189649,1.2163460433137105,1.3104830766452338,1.2634145599794722,0,0
1.251853622588056,0.010158984961107231,1.231796363796319,1.2856468739234708,1.2587216188598949,0,0
1.259494303402353,0.006103493792269932,1.2356230333927778,1.278416639353095,1.2570198363729363,0,0
1.2635751574368992,0.0032400734354434135,1.235613973860597,1.2785211929046403,1.2570675833826186,0,0
1.2653986190673236,0.001443097088204226,1.2361479208797819,1.27724923451722,1.256698577698501,0,0
1.2830241931409903,0.013928870956614325,1.2341673361117427,1.2814959819759744,1.2578316590438585,1,0
1.294050953644046,0.008594351191508753,1.2313813263778042,1.28840623168789,1.259893779032847,1,0
1.298565729534866,0.0034888702628796953,1.232107175029796,1.2940099358778197,1.2630585554538079,1,0
1.3030810493885556,0.0034771592619395886,1.2290155508106257,1.300348848997195,1.2646821999039104,1,0
1.3112424721000773,0.006263173511234177,1.2261430032782377,1.3084396323372554,1.2672913178077465,1,0
1.3053384328752538,-0.00450262964359871,1.2247126801228008,1.3137510815211575,1.2692318808219791,1,0
1.304730888771926,-0.00046543033440726855,1.2240726509062485,1.3184198451036706,1.2712462480049596,1,0
1.320532858536383,0.012111286626570461,1.2217139131958035,1.3258231401949614,1.2737685266953824,1,0
1.3261765981519869,0.004273835050086605,1.2198735544464854,1.333671847062182,1.2767727007543337,1,0
1.3324282920724269,0.004714073471927982,1.2206679972880983,1.3413255800798767,1.2809967886839875,0,0
1.3072485718678437,-0.018897617496112518,1.2220528644760713,1.3440475638929028,1.283050214184487,0,0
1.2980449965550651,-0.007040417186785053,1.2266255929018388,1.3445281016043487,1.2855768472530937,0,0
1.291359238099566,-0.005150636898753724,1.2310076956301022,1.3442354733845006,1.2876215845073014,0,0
1.3028204733391893,0.008875326788609472,1.237041076465991,1.3438891815462077,1.2904651290060993,0,0
1.3643799041318054,0.047250893006644645,1.23661179448685,1.3556492368505189,1.2961305156686844,1,0
1.350748364051734,-0.009991014994277347,1.2437489692520254,1.359660502623607,1.3017047359378162,1,0
1.3578679106021454,0.005270816341435669,1.2488552745942725,1.3651556260827693,1.307005450338521,1,0
1.3788799656486554,0.015474299733022168,1.2509766961117135,1.3749727707899584,1.312974733450836,1,0
1.3899067350691352,0.007996903062764016,1.2528984221006434,1.385684202564252,1.3192913123324477,1,0
1.3984155449535507,0.0061218567186756,1.2557400113058332,1.3961443059476848,1.325942158626759,1,0
1.3538734664070424,-0.03185181880110444,1.2612792863558935,1.3976899582242297,1.3294846222900616,1,0
1.3727014748625794,0.01390677114420713,1.2647459967658283,1.4020882999361486,1.3334171483509885,1,0
1.3933601680620546,0.015049661982437401,1.266589532130232,1.409724208424464,1.338156870277348,1,0
1.4086140551070232,0.010947554978684604,1.2673366440892258,1.4195303970373168,1.3434335205632713,1,0
1.4029484142978514,-0.004022138490405225,1.2690901365055007,1.4269474988408197,1.3480188176731602,0,0
1.3760139412154662,-0.019198477155601967,1.2743602704581372,1.4287449157222045,1.3515525930901708,0,0
1.3728757837512884,-0.0022806145854931126,1.2805020365407196,1.4294176391375584,1.354959837839139,0,0
1.3703480239661479,-0.0018412152177624819,1.2845247770448724,1.4303764151763818,1.3574505961106271,0,0
1.3927497614655935,0.016347480426621264,1.2877865358460792,1.433771972706536,1.3607792542763075,0,0
1.3944930822057107,0.001251711390194421,1.2906878093192722,1.4370771782466711,1.3638824937829717,0,0
1.3883042472076892,-0.00443805356727367,1.2990976141842001,1.436772940915728,1.367935277549964,0,0
1.3934469791855817,0.0037043263306555385,1.3114559605430332,1.4339547928199465,1.3727053766814898,0,0
1.4074808734406443,0.010071351450533728,1.3288017509456171,1.42822116595147,1.3785114584485436,0,0
1.4200329771693343,0.008918134495146557,1.3458589714983789,1.4228851957817228,1.3843720836400508,0,0
1.4238684950322855,0.0027010061911356686,1.3462335270653474,1.4284594993048023,1.3873465131850748,0,0
1.4295341358414573,0.0039790478045820254,1.3498412800108186,1.432730323538303,1.3912858017745608,0,0
1.4299699660264866,0.0003048756753001314,1.353143282820367,1.436638526271189,1.394890904545778,0,0
1.4127980480686075,-0.01200858644996261,1.3548220604296235,1.4383515569039282,1.3965868086667759,0,0
1.4113163913035958,-0.0010487392497726677,1.3555176339970227,1.439796948959975,1.3976572914784988,0,0
1.4056504740542775,-0.004014632923015071,1.355728029085643,1.4403100467814272,1.398019037933535,0,0
1.3827256850447671,-0.016309025204102823,1.361795672536971,1.4371276251938718,1.3994616488654215,0,0
1.4077425374157502,0.018092418938593147,1.3655839692290825,1.4368434347570773,1.40121370199308,0,0
1.4021636988126813,-0.0039629679822775765,1.3662156618384327,1.4370920952227897,1.4016538785306112,0,0
1.3916164460378533,-0.007522126541829044,1.3652535024306058,1.4363544937236996,1.4008039980771527,0,0
1.3796747489056245,-0.008581169880701456,1.362882235873195,1.4363983937418883,1.3996403148075416,0,0
1.393621421835652,0.0101086672355859,1.365335425422747,1.4357059522543547,1.4005206888385509,0,0
1.3830741601434,-0.00756824021717406,1.3672653082488115,1.4347959070675014,1.4010306076581565,0,0
1.3835972116534645,0.00037818037899728374,1.3700065144722915,1.433379619612753,1.4016930670425223,0,0
1.3604110351089953,-0.016757894818796748,1.363538875187844,1.4366133862615407,1.4000761307246923,0,1
1.3370502910705186,-0.017171827804678852,1.3510527186851355,1.44335526365073,1.3972039911679328,0,1
1.3239752695931255,-0.009779004996831153,1.3374310142097465,1.450544070364663,1.3939875422872048,0,1
1.3122948262344944,-0.008822251915793444,1.3225931250064271,1.4572667442728735,1.3899299346396503,0,1
1.3348710063840106,0.017203588475843024,1.3152212654029094,1.4573776171707278,1.3862994412868186,0,1
1.3443724414962805,0.00711786761929023,1.3109457579188752,1.4540870710874565,1.3825164145031659,0,1
1.336091543136786,-0.006159675774280227,1.3064686685346585,1.4497864652821235,1.378127566908391,0,1
1.3434132833610397,0.005479968990047102,1.3048702138616664,1.4427728347070738,1.37382152428437,0,1
1.3407113662833996,-0.002011232962413678,1.3042625107960362,1.4344546777983953,1.3693585942972157,0,0
1.3465513159812803,0.00435585901987956,1.3035678323828603,1.4285246830028384,1.3660462576928494,0,0
1.337834730115542,-0.006473266753585394,1.3025154908781933,1.4222288583886997,1.3623721746334465,0,0
1.3544834628019953,0.01244453616854102,1.3034751401093823,1.4161525080322825,1.3598138240708324,0,0
1.353699023756972,-0.000579142578382319,1.3030223280309587,1.4137026539819266,1.3583624910064427,0,0
1.3584060593111964,0.0034771655084457898,1.3056605498132356,1.4061307843891944,1.355895667101215,0,0
1.3589289770598998,0.0003849495113181778,1.3084001944298536,1.3990676675972982,1.3537339310135759,0,0
1.3645950280705794,0.004169497528074162,1.3103094353779745,1.3944562848524493,1.352382860115212,0,0
1.3598006285125344,-0.003513423000539584,1.311130126629337,1.3916481815617778,1.3513891540955574,0,0
1.3684301357320225,0.006346156222127863,1.3140774354306781,1.386181744150074,1.350129589790376,0,0
1.393621421835652,0.018408894576231738,1.3123383928156993,1.3889755129342778,1.3506569528749885,1,0
1.3987642875749062,0.003690288954140808,1.3098860266824497,1.3929445866596715,1.3514153066710606,1,0
1.3925754614943084,-0.0044244953460511605,1.3077088553195595,1.398338200661093,1.3530235279903262,1,0
1.3596264623026106,-0.02366047665118398,1.309391655556829,1.3989130175470326,1.3541523365519308,1,0
1.3619797794376807,0.001730855643309992,1.3135143822191757,1.398590741869142,1.3560525620441588,1,0
1.3612824279563314,-0.0005120130943774281,1.32126095642744,1.3957429278330613,1.3585019421302507,1,0
1.3693891511884781,0.005955210370501396,1.3244264456715802,1.3960292530693679,1.360227849370474,0,0
1.3633746250791654,-0.004392123381503965,1.3261479819226418,1.396207935176595,1.3611779585496184,0,0
1.3720910682661183,0.006393285474597166,1.3297207521809948,1.3962351174311753,1.362977934806085,0,0
1.4212533801607483,0.0358302105681334,1.325923276409785,1.4078166028823558,1.3668699396460704,1,0
1.4532436314187136,0.022508478575683055,1.317999895393313,1.4269932104123593,1.3724965529028361,1,0
1.4734662179930131,0.013915482674131896,1.3095248659883982,1.4481597300184477,1.378842298003423,1,0
1.4547254219450867,-0.012718850163699669,1.3103947185503415,1.458978946639459,1.3846868325949002,1,0
1.465359771201013,0.007310210638724612,1.30918749747855,1.471273798551152,1.390230648014851,1,0
1.5036258023418885,0.026113744824257434,1.3041456542474,1.491308319640794,1.397726986944097,1,0
1.5188799569095799,0.010144914076316791,1.2996799250224684,1.5118214386255635,1.405750681824016,1,0
1.523761444031299,0.003213872893320202,1.2980812169863254,1.5299033933588462,1.4139923051725858,1,0
1.5362261837561682,0.008180243550389488,1.297046575808126,1.5481011501056048,1.4225738629568654,1,0
1.5330882938147132,-0.0020425963146797343,1.3001555050899003,1.5623209873540485,1.4312382462219744,1,0
1.5280142795068667,-0.0033096686787823515,1.3048455102351917,1.5735893965862413,1.4392174534107165,1,0
1.5218907646403124,-0.0040074984564481,1.3082123376777017,1.5830495034241971,1.4456309205509494,0,0
1.49888338244887,-0.015117630467308851,1.3131125083677992,1.5881612422214961,1.4506368752946477,0,0
1.4791129538631114,-0.013190104592031626,1.3197042783954358,1.59022322143074,1.4549637499130879,0,0
1.4967841048913078,0.011947127487487164,1.333167894597745,1.5904753694873002,1.4618216320425226,0,0
1.4884734134179247,-0.005552364864261139,1.3480035349104504,1.588289092572619,1.4681463137415347,0,0
1.4869861832628564,-0.0009991647426562666,1.3651680886546649,1.583694914359057,1.474431501506861,0,0
1.51462984124836,0.01859039330469492,1.3830339811882046,1.5803530908315055,1.481693536009855,0,0
1.5305512866607898,0.010511773225930332,1.4064172906329682,1.5736874475449043,1.4900523690889362,0,0
1.5306389181873332,5.725487757723968e-05,1.4335781375538739,1.5623813856161202,1.497979761584997,0,0
1.5229403989603816,-0.005029611579502102,1.4489297049105627,1.5571985201393945,1.5030641125249786,0,0
1.5140176690019287,-0.005858883226516176,1.457170502839557,1.555035125968722,1.5061028144041395,0,0
1.4826122402507071,-0.020743105839659437,1.458754060055835,1.554366170978213,1.506560115517024,0,0
1.5033449569875625,0.013983910407585398,1.4677956689505633,1.550186515587732,1.5089910922691476,0,0
1.4963465090563084,-0.004655250878200179,1.4742108466191688,1.546870011704656,1.5105404291619124,0,0
1.4854117228653285,-0.007307656431715159,1.4716926987578807,1.5475667516182885,1.5096297251880846,0,0
1.4840118477966564,-0.0009424155250180588,1.4685598722722801,1.5472127671925966,1.5078863197324384,0,0
1.47850078161668,-0.0037136268070627754,1.4649570743789417,1.546289498844473,1.5056232866117074,0,0
1.481212632704758,0.0018341898237703713,1.463500465411956,1.5422447527063177,1.5028726090591369,0,0
1.481649827255673,0.0002951598853953019,1.462552461309619,1.5380489101527508,1.500300685731185,0,0
1.5105183826143331,0.01948406082706522,1.4636209725170088,1.5352308092561078,1.4994258908865583,0,0
1.5020328382893715,-0.005617637244689,1.4641835332211794,1.5326824559168428,1.4984329945690111,0,0
1.507019087309313,0.003319667115680547,1.4643752129061354,1.5333043467179315,1.4988397798120334,0,0
1.506581625235675,-0.0002902830344498897,1.4668882033944866,1.5335382233668367,1.5002132133806616,0,0
1.5218907646403124,0.0101615067834393,1.4668221138620257,1.5361149788741977,1.5014685463681117,0,0
1.5433232762327185,0.014082818616401482,1.4654559320973921,1.5429661469203109,1.5042110395088515,1,0
1.5268771474216152,-0.010656308412096638,1.4670788180708714,1.5453323573627071,1.5062055877167893,1,0
1.5252150644149682,-0.0010885505814620666,1.4668492643582662,1.5466204333919733,1.5067348488751198,1,0
1.5309886149730665,0.0037854009528242027,1.4668157135466475,1.5466977170348195,1.5067567152907335,1,0
1.5309886149730665,0.0,1.4667888964372795,1.5467595038227608,1.5067742001300202,1,0
1.4921476953358848,-0.025369829179209824,1.4654996656464438,1.5449694642511467,1.5052345649487953,0,0
1.4924100281177972,0.00017580885775081434,1.4642501483424686,1.5440582174667086,1.5041541829045886,0,0
1.4966091271957918,0.002813636332429592,1.4660653859187258,1.54364266858496,1.504854027251843,0,0
1.4804253400840255,-0.01081363651850098,1.4634068858383988,1.5440092069749334,1.503708046406666,0,0
1.506931598461555,0.01790448843305059,1.464065384318839,1.5444092174350177,1.5042373008769283,0,0
1.506669123000857,-0.00017417874903269404,1.4661126696590365,1.5444876721083731,1.5053001708837048,0,0
1.5136676957760489,0.004645062853118498,1.4687601570928568,1.5448057694724924,1.5067829632826746,0,0
1.5309012598866698,0.011385302176106338,1.4723773760593886,1.546428598332959,1.5094029871961738,0,0
1.5252150644149682,-0.003714279699608136,1.4764485015967608,1.5467577159666084,1.5116031087816846,0,0
1.5250400778020283,-0.00011472914018650915,1.4811359038521468,1.546409338765858,1.5137726213090024,0,0
1.5246901134935724,-0.0002294787616076155,1.4815281392520905,1.5474342764538382,1.5144812078529644,0,0
1.5333506355140496,0.005680185070940702,1.4826118479797263,1.5494823474486705,1.5160470977141984,0,0
1.5491845920787215,0.01032637688858662,1.4819170021455106,1.5543937437598268,1.5181553729526687,0,0
1.541311496440338,-0.0050820900741203046,1.4826734813131643,1.5571102517126392,1.5198918665129018,0,0
1.5667681204977986,0.016516209809796845,1.4794066546584617,1.5648648139530907,1.5221357343057762,1,0
1.5681677280437476,0.0008933086700182447,1.4767854391980548,1.5699704745946002,1.5233779568963275,1,0
1.561169422791279,-0.0044627275050475035,1.4755286822747873,1.5746564590548344,1.5250925706648109,1,0
1.548397290540565,-0.008181131441761247,1.4756033077841209,1.5769000561580602,1.5262516819710905,1,0
1.5487471300050835,0.00022593650005453547,1.4755280769993135,1.5787511384460695,1.5271396077226915,1,0
1.5240776648069942,-0.015928659185317273,1.4751984962105666,1.5783896242182092,1.526794060214388,0,0
1.496871326216343,-0.017851018500488758,1.476063029709192,1.5779974538076296,1.5270302417584107,0,0
1.5003704788425773,0.0023376442349787308,1.4774853818203413,1.5773711467689586,1.52742826429465,0,0
1.4693151570785972,-0.020698435621005484,1.4713144717798468,1.5808126597977337,1.5260635657887902,0,1
1.460654768819481,-0.005894166556026925,1.4662910975080417,1.583858976943084,1.5250750372255628,0,1
1.4646787386057503,0.00275490819060642,1.4586553458184366,1.587269442647109,1.5229623942327728,0,1
1.467740571837132,0.002090446970163695,1.45241898862798,1.5896129447211929,1.5210159666745864,0,1
1.4040550666275593,-0.04339016474134738,1.4292354306401318,1.601835239794192,1.5155353352171619,0,1
1.3689757750773102,-0.02498427047772922,1.3995316453362758,1.6153464766171124,1.5074390609766941,0,1
1.42618738199294,0.041791540768790325,1.389067569004463,1.6159077847067222,1.5024876768555926,0,1
1.3956568773889946,-0.021407078052592565,1.3736112738368789,1.618425759833003,1.496018516834941,0,1
1.3572532860640893,-0.02751649918191279,1.3513777797853872,1.6239155711415463,1.4876466754634667,0,1
1.3738545245498333,0.012231496255121321,1.3361877003582912,1.6231560394722204,1.4796718699152558,0,1
1.429191653251814,0.040278739643204275,1.3324088062456372,1.614935639702184,1.4736722229739105,0,0
1.4435089789141888,0.010017778672159805,1.3306407433611154,1.6069234508340908,1.468782097097603,0,0
1.470123414563368,0.0184373190869922,1.3337047988180062,1.5941949247837568,1.4639498618008815,0,0
1.5194877774530544,0.033578380155483645,1.3378162726449871,1.5852154558977065,1.4615158642713468,0,0
1.514568881737273,-0.003237206503909018,1.3417951193790665,1.5765765550582267,1.4591858372186466,0,0
1.509474321684321,-0.0033637031067933476,1.3448941162572103,1.5695852612944587,1.4572396887758345,0,0
1.5026231093422349,-0.004538806817489416,1.3487737984911443,1.5610931769942398,1.454933487742692,0,0
1.5151836400366907,0.008359069294464838,1.3494803791714411,1.5594971938369127,1.454488786504177,0,0
1.5415346460607942,0.017391295238288862,1.3461653720436546,1.5672785329491443,1.4567219524963995,0,0
1.5720141251640904,0.019772166121068357,1.3396144076431302,1.5809938619818202,1.4603041348124752,0,0
1.5669196988724996,-0.0032407000738998715,1.335408931327805,1.5949597924765355,1.4651843619021703,0,0
1.56454787808244,-0.0015136836889384497,1.333257635459232,1.6075003992714043,1.4703790173653182,0,0
1.5371428860353111,-0.017516237394228695,1.3337219287246767,1.614282520748916,1.4740022247367963,0,0
1.547771242782248,0.006914358348526939,1.3339602113629279,1.622047305205176,1.478003758284052,0,0
1.5531292324602761,0.003461745204928812,1.342099355008704,1.6288155781426714,1.4854574665756877,0,0
1.5518116741333892,-0.0008483249811735982,1.3594320731794727,1.6297664498775108,1.4945992615284918,0,0
1.537406449421748,-0.00928284337059504,1.3677198904196461,1.6326005393802183,1.5001602148999322,0,0
1.5541832274007257,0.010912389488991536,1.3832218932685112,1.632951171532526,1.5080865324005186,0,0
1.580885562099171,0.017180943808731808,1.4125402020669855,1.62599609033756,1.5192681462022728,0,0
1.596169108496667,0.009667712049442612,1.4428395952235482,1.6179281555756806,1.5303838753996144,0,0
1.580797654132481,-0.009630216674637482,1.461797503636137,1.6141308472511584,1.5379641754436477,0,0
1.5673586590733848,-0.008501401190699198,1.4813591010842708,1.6069542178189444,1.5441566594516076,0,0
1.5692032104117846,0.0011768533817846372,1.49602214038864,1.602199158099417,1.5491106492440285,0,0
1.5636695563965852,-0.003526410077728026,1.4997666032431418,1.602872873139268,1.551319738191205,0,0
1.5397781364504464,-0.015279072134137928,1.5036441417247453,1.601516260128982,1.5525802009268637,0,0
1.5392510007601479,-0.000342345223522722,1.5089954734864877,1.5991425962748222,1.554069034880655,0,0
1.5043797616313683,-0.022654680173382125,1.5095004963936844,1.5988132385965388,1.5541568674951116,0,1
1.4831233156602175,-0.014129707480310727,1.5003440128455998,1.6047636897069766,1.5525538512762882,0,1
1.4487790695429508,-0.023156702989311606,1.4780809705406819,1.6177511743601105,1.5479160724503962,0,1
1.5175554608267503,0.047471966381662734,1.475068085198064,1.6153181932689944,1.5451931392335292,0,1
1.478643647668044,-0.02564111438636152,1.4654898691921503,1.6160688041544626,1.5407793366733065,0,1
1.462305972568737,-0.011049095652676644,1.4535942975378444,1.6177401852573987,1.5356672413976216,0,1
1.4737247519522627,0.0078087483725906015,1.4458883855923181,1.61910428379462,1.532496334693469,0,1
1.464062758619232,-0.006556172256882653,1.4368560887059516,1.6197657322646855,1.5283109104853185,0,0
1.4790827416302907,0.010259111450402703,1.4314056433770355,1.6178115285106034,1.5246085859438194,0,0
1.5073663407208453,0.01912239139466898,1.4297969450733288,1.614975693473056,1.5223863192731923,0,0
1.5178187566904646,0.006934224074965689,1.429072488247004,1.6137413810262518,1.521406934636628,0,0
1.4789951190211712,-0.02557857286857268,1.4248107719700027,1.610484286465298,1.5176475292176503,0,0
1.493663773357888,0.0099179869818804,1.424868245263271,1.601704634297901,1.513286439780586,0,0
1.5217714316711253,0.018817928649396798,1.4300149852100161,1.5891181266686019,1.509566555939309,0,0
1.5146567807865394,-0.004675242770704968,1.4340121896715305,1.5785068348724933,1.506259512272012,0,0
1.529588873665756,0.009858400311298476,1.437041066053302,1.5717009799499586,1.5043710230016303,0,0
1.5347713327679744,0.003388138598183099,1.440758228593197,1.5645406296456827,1.5026494291194399,0,0
1.5443455608131,0.006238211413460704,1.4432989957758706,1.56006746290466,1.5016832293402653,0,0
1.5656020067842513,0.01376404770442674,1.4400752411862128,1.5658736045276982,1.5029744228569555,0,0
1.5620884257658374,-0.002244236404391753,1.4377126538344298,1.57051993438005,1.50411629410724,0,0
1.5178187566904646,-0.028340053191079018,1.4381019964287263,1.5714744912916627,1.5047882438601945,0,0
1.4556302818850366,-0.04097226663678022,1.4337786692184638,1.573048515124407,1.5034135921714353,0,0
1.4514141861967245,-0.002896405591983342,1.434337017479455,1.5727536785287932,1.503545348004124,0,0
1.4312118689273847,-0.013919057331441498,1.4232578072113498,1.5751985296069622,1.499228168409156,0,0
1.4374481892086914,0.004357370433198282,1.416744786745734,1.5775920042266427,1.4971683954861883,0,0
1.442454983973739,0.0034831132020165523,1.413482677263638,1.578869014849239,1.4961758460564385,0,0
1.4257659712826662,-0.011569867258593547,1.4057351454139813,1.581820668631936,1.4937779070229587,0,0
1.4515898505338953,0.018112284744737694,1.4040548838849018,1.582253639352482,1.493154261618692,0,0
1.485319195672959,0.023236140102976144,1.4045305586498804,1.58240160999177,1.4934660843208252,0,0
1.5509333524475344,0.04417512206515806,1.4032099662249562,1.588078903589363,1.4956444349071596,0,0
1.5537439907596937,0.0018122237862276958,1.4018495177902963,1.5930318754309458,1.497440696610621,0,0
1.6147026725261393,0.03923341433915395,1.3957502670065067,1.6127018815652323,1.5042260742858695,1,0
1.6263848904521647,0.007234903443708918,1.3896196822555902,1.6321045780255765,1.5108621301405833,1,0
1.634202466208157,0.0048067193699878885,1.3832758807536432,1.6496914829812268,1.516483681867435,1,0
1.6457091446409486,0.007041158406455361,1.3778520915696328,1.668220508550678,1.5230363000601554,1,0
1.6692492359127458,0.014303919588982472,1.3707560842833357,1.6892825520616743,1.530019318172505,1,0
1.66290066309698,-0.0038032503949563257,1.3664123438279359,1.7064392255499752,1.5364257846889555,0,0
1.6590209237279607,-0.0023331155342699583,1.363506091650132,1.7208130140192646,1.5421595528346983,0,0
1.6439429685428857,-0.009088465955687686,1.3619087821900488,1.7302444196552118,1.5460766009226303,0,0
1.659285307517414,0.009332646732950423,1.3599848380560144,1.7418880519644035,1.550936445010209,0,0
1.6487926115431755,-0.006323623747345519,1.3623774522593504,1.7525928232463386,1.5574851377528445,0,0
1.6427967228502134,-0.0036365329702383598,1.3743690549324752,1.7593178646697312,1.5668434598011032,0,0
1.6544357982784856,0.007084915173241058,1.3887852530221976,1.765203827788185,1.5769945404051913,0,0
1.6502916840374369,-0.002504850442284212,1.4102568519942078,1.7656402103271798,1.5879485311606938,0,0
1.6608725465836647,0.006411510552087218,1.4335904748253117,1.7646490232335732,1.5991197490294424,0,0
1.6590209237279607,-0.0011148494563972822,1.4599663069565403,1.7599297850777664,1.6099480460171534,0,0
1.662812487607567,0.002285422579894947,1.4979064955721781,1.7456942480946191,1.6218003718333986,0,0
1.6568165989146049,-0.0036058718211749996,1.5368504168916468,1.7272730016132214,1.632061709252434,0,0
1.653289418824452,-0.0021288898798235145,1.574659558142381,1.7062608826776364,1.6404602204100087,0,0
1.6477343986611308,-0.003359980472911417,1.5947547529749673,1.6958457924664092,1.6453002727206882,0,0
1.6774497080243624,0.018034040794060457,1.6223889368235656,1.6805821803442782,1.6514855585839219,0,0
1.6914694503273928,0.008357772060744617,1.6264048175462222,1.6842429774017469,1.6553238974739846,1,0
1.704519431677938,0.007715174133366309,1.625985215655724,1.6924760334148221,1.659230624535273,1,0
1.7104271448814874,0.00346591132594698,1.6247792295683625,1.7013044873695164,1.6630418584689395,1,0
1.7058421621107975,-0.002680606879053915,1.6242349363936963,1.7078620822911676,1.666048509342432,1,0
1.6903232046347205,-0.009097534238967309,1.6239096371062443,1.7102947784508176,1.667102207778531,1,0
1.686179090393672,-0.0024516697337442217,1.6243025761050813,1.7122296821816503,1.6682661291433658,1,0
1.6954373651858252,0.005490682955860748,1.6247408764385487,1.7154330259939694,1.670086951216259,1,0
1.6815056556934225,-0.00821717733634808,1.6280906305364626,1.7158395406111089,1.6719650855737858,0,0
1.68238738383528,0.0005243682284814533,1.629435290623779,1.7168050881555785,1.6731201893896788,0,0
1.6651049789929118,-0.010272547814148658,1.6315742880013369,1.7162973275229951,1.673935807762166,0,0
1.6642233846124157,-0.0005294527321810794,1.6349398273425606,1.715074454357991,1.6750071408502758,0,0
1.6373297354975194,-0.01615987935487373,1.6315833133239765,1.7167203620984783,1.6741518377112274,0,0
1.6444720036445153,0.004362144039866012,1.6305328058695852,1.717188901513578,1.6738608536915816,0,0
1.6353017616629897,-0.005576405047457378,1.6262365137210477,1.718928115170048,1.6725823144455478,0,0
1.6305401603907514,-0.0029117569514485186,1.6214311120022498,1.7208854405551255,1.6711582762786876,0,0
1.6062921059029363,-0.014871178936190277,1.6107969191985265,1.7258675951883855,1.668332257193456,0,1
1.6262196951708765,0.012405956049157396,1.6064210872880018,1.7271837367245375,1.6668024120062697,0,1
1.623839037213543,-0.001463921488838782,1.6021877306501298,1.7284720552013189,1.6653298929257243,0,1
1.6356544547032175,0.007276224563457667,1.6006508343454988,1.7288009571101584,1.6647258957278286,0,1
1.6322157176252003,-0.0021023615765110026,1.597099833360674,1.727828559055067,1.6624641962078706,0,1
1.650467758576116,0.011182370537070607,1.596320549282464,1.7245076739581493,1.6604141116203066,0,0
1.6217226114494536,-0.01741636392307433,1.5934932564848938,1.7190552847328715,1.6562742706088827,0,0
1.6347725927999985,0.00804698735678433,1.59451600817801,1.7104670778316062,1.6524915430048082,0,0
1.657433952184433,0.013862086680582753,1.5977030151634657,1.7024392498535144,1.65007113250849,0,0
1.680447585490163,0.013885098272180985,1.5986406171377943,1.70051408596473,1.6495773515512622,0,0
1.6784194778942718,-0.0012068853639964905,1.59931946180106,1.6990592800515243,1.6491893709262921,0,0
1.656640256853203,-0.012976029727915672,1.6021655816947673,1.6923334493245545,1.647249515509661,0,0
1.6844155003485952,0.016766007816417128,1.6018293949047713,1.6929606205800678,1.6473950077424195,0,0
1.6870608185355294,0.0015704665424811637,1.6012665188409585,1.6939908401139059,1.6476286794774322,0,0
1.6833574212279117,-0.0021951771192413316,1.600060482659085,1.6970221205192788,1.6485413015891819,0,0
1.6881188887387886,0.00282855408532523,1.5985269914782387,1.7009451621127631,1.649736076795501,0,0
1.6788603375064886,-0.0054845374304277605,1.5993685009047154,1.7042567128871833,1.6518126068959493,0,0
1.691910452618395,0.007773198770833378,1.5989229358361259,1.7094461228531603,1.654184529344643,0,0
1.6880307132493755,-0.0022931115314142048,1.6003348430147377,1.7133071108331874,1.6568209769239626,0,0
1.6895296519822758,0.0008879807228239223,1.6029032305510917,1.7166376724559862,1.659770451503539,0,0
1.7017860806803764,0.007254343647488337,1.6106244314912133,1.7184658689936085,1.664545150242411,0,0
1.7178340643406593,0.009430082806804352,1.6133791353947107,1.7248726020070895,1.6691258687009,0,0
1.7124553951561639,-0.003131076101090091,1.6188893199927306,1.7282240532033313,1.673556686598031,0,0
1.6839744980575932,-0.016631613984884774,1.6241619300813295,1.7277834474501705,1.67597268876575,0,0
1.6745398722866136,-0.00560259420903475,1.6305195595491682,1.7256582334484734,1.6780888964988208,0,0
1.6778904427926422,0.0020008902513939386,1.6336963112759322,1.7252237501433627,1.6794600307096474,0,0
1.7767351129200482,0.05891008590697444,1.6312493931783656,1.7431719183879884,1.687210655783177,1,0
1.8286705029365655,0.029230800719169725,1.6170943045386745,1.7767167980413365,1.6969055512900055,1,0
1.8339611482278575,0.002893164888259525,1.6074039381681517,1.8040598840162017,1.7057319110921767,1,0
1.8434840743321872,0.005192545171162299,1.598779965187361,1.8289875058811949,1.713883735534278,1,0
1.8262016694898189,-0.009374859855314388,1.5971355729099546,1.845410117318156,1.7212728451140553,1,0
1.8274360906719043,0.0006759500895814341,1.6009859490146472,1.8586393245953337,1.7298126368049904,1,0
1.8418086597765235,0.007864881939228185,1.6015120627758268,1.8738525267769472,1.737682294776387,1,0
1.8363226248059712,-0.002978612865908614,1.6043734501584508,1.8859173200213677,1.7451453850899092,1,0
1.848179686666151,0.006456960067914297,1.6086039028902652,1.8981690938333773,1.7533864983618213,0,0
1.8559662387037301,0.004213092533023488,1.613509122069461,1.9100486096506752,1.7617788658600682,0,0
1.8603019438013766,0.0023360904995095577,1.621742107716251,1.919959784633374,1.7708509461748125,0,0
1.8875553574738049,0.014649994729746929,1.6277084842749663,1.9335578985602002,1.7806331914175832,0,0
1.9252497638955917,0.019969960760374716,1.6331478286604508,1.9518404592393372,1.792494143949894,0,0
1.9064911419169073,-0.009743474498980165,1.643969472004012,1.9627149648892395,1.8033422184466257,0,0
1.9027746895004203,-0.0019493677860733527,1.6556431551227013,1.9711401426525543,1.8133916488876278,0,0
1.9028631325125562,4.648107451932226e-05,1.6667997962289407,1.978486408363505,1.8226431022962228,0,0
1.9067564798707386,0.0020460469760856803,1.6812848176847786,1.9834314953791246,1.8323581565319516,0,0
1.9126848725807553,0.0031091504198892395,1.7059690501856104,1.9816183003306085,1.8437936752581094,0,0
1.9284352728816934,0.008234707414026987,1.739038849318426,1.9739380412573009,1.8564884452878634,0,0
1.944008519635637,0.008075586965733184,1.780652225534272,1.958936472725754,1.869794349130013,0,0
1.9730313821007692,0.014929390572101076,1.7903829406774763,1.9688353845006217,1.879609162589049,1,0
1.9911708851596557,0.009193722524358794,1.7889550917559607,1.986513271644446,1.8877341817002034,1,0
2.014176902985212,0.011554014774433297,1.7864157466808457,2.0070741921952964,1.8967449694380711,1,0
2.0206362391256136,0.003206935860910809,1.7852848125238088,2.025920342831676,1.9056025776777425,1,0
2.007451961368256,-0.006524815056797473,1.7922430945691126,2.0370870899742157,1.9146650922716641,1,0
1.9740933938054774,-0.016617367789982906,1.804089565421283,2.0399063494354026,1.9219979574283428,1,0
1.9581660985628437,-0.008068156903119239,1.815203587722905,2.0404280710124123,1.9278158293676586,1,0
1.93188612873905,-0.013420705139917,1.8285432605764558,2.0366447485521695,1.9325940045643126,0,0
1.980729758648936,0.025282872102698084,1.8410927581867231,2.037350258140181,1.9392215081634518,0,0
1.9561310532110094,-0.01241901139239987,1.8540932579027107,2.0343662398749207,1.9442297488888158,0,0
2.003381861747164,0.024155236664021862,1.8667504290523038,2.036017060519907,1.9513837447861053,0,0
1.9806410391966534,-0.011351217151720716,1.8760749187332804,2.0360011390112147,1.9560380288722476,0,0
1.9279043383687322,-0.026626077004499038,1.8764142794066172,2.0359272357851923,1.9561707575959049,0,0
1.9310897135934724,0.0016522475526121738,1.8801506544232212,2.0346507179362447,1.9574006861797328,0,0
1.9322400434663787,0.0005956895036045573,1.8849585067998587,2.032789400956203,1.9588739538780309,0,0
1.9469285658239703,0.007601810348180527,1.8917041148423934,2.03045033624481,1.9610772255436015,0,0
1.9259577271116095,-0.010771241986213154,1.8953499787924595,2.028724597018831,1.9620372879056451,0,0
1.9536532310007793,0.014380120341844327,1.901383573105761,2.026787838547532,1.9640857058266463,0,0
1.9660412362913438,0.006340943773434526,1.9055515439245543,2.0263804640697036,1.965966003997129,0,0
1.950379412763903,-0.007966172447626096,1.9062918482630826,2.0262772490440017,1.966284548653542,0,0
1.9904629219436376,0.0205516469859226,1.906251159950651,2.02806109134072,1.9671561256456855,0,0
1.9974533352757857,0.0035119535536598523,1.9059817651941606,2.0289587311088235,1.967470248151492,0,0
2.0109029420695506,0.00673337722400813,1.9063262933316532,2.0282868068797644,1.9673065501057088,0,0
2.0287768485693065,0.008888497861244682,1.9051464981980828,2.030280662957704,1.9677135805778936,0,0
2.0534641307807298,0.012168554776654128,1.898544355877964,2.0414840222190707,1.9700141890485174,1,0
2.0173624208887375,-0.017580881667636605,1.897634391613119,2.046720889192242,1.9721776404026805,1,0
1.984622972245757,-0.016228838360415887,1.8990652485324226,2.04793571964123,1.9735004840868264,1,0
1.9800217954329178,-0.0023184135612581702,1.9040700373766808,2.0477444974663586,1.9759072674215197,1,0
2.007451961368256,0.013853466663149128,1.9040473197313792,2.0504394353835926,1.9772433775574858,1,0
1.9144547226575435,-0.04632600953864263,1.897213914914606,2.0531052071450193,1.9751595610298125,0,0
1.8975539924836993,-0.008827960240492705,1.885857031812975,2.0538793033203033,1.9698681675666392,0,0
1.9653334068366874,0.03571936009276455,1.8852260844200588,2.0529794874772227,1.9691027859486407,0,0
1.9233031615558929,-0.02138580921414479,1.8844964832551918,2.0532489709608055,1.9688727271079987,0,0
1.9656871878026545,0.022037101115392588,1.8880898811722577,2.0531153204646584,1.970602600818458,0,0
1.9571927973929946,-0.0043213337617341585,1.89104291430779,2.0526575627217873,1.9718502385147887,0,0
1.9114460996957132,-0.023373628677878067,1.8854950643720525,2.0546571660447,1.970076115208376,0,0
1.940557672695704,0.01523013021639752,1.8875872752699567,2.054024949705205,1.9708061124875809,0,0
1.9524144581157372,0.0061099886835944694,1.8874697568435224,2.0540185908431354,1.970744173843329,0,0
1.9708192991284543,0.009426708010797924,1.8877380587627033,2.0542280952076655,1.9709830769851844,0,0
1.9032170472398844,-0.03430159828375201,1.8803994803486193,2.056850437069348,1.9686249587089837,0,0
1.9448933777933504,0.02189783378301846,1.8781419303258837,2.0545510326770544,1.966346481501469,0,0
1.9139236454657969,-0.015923614467077574,1.8722731432978525,2.052066850724087,1.9621699970109698,0,0
1.8779990891207987,-0.018770109471245466,1.8612536048152974,2.049796003911767,1.9555248043635323,0,0
1.8873783376881723,0.004994277484854592,1.8561260242873252,2.0407837333516254,1.9484548788194753,0,0
1.936575748564025,0.02606653361091027,1.864578133620981,2.0206427857962987,1.94261045970864,0,0
1.9663065742451753,0.015352265824456257,1.8693227675340907,2.010792567218833,1.9400576673764618,0,0
1.8358801243877219,-0.0663306788299386,1.8511511945059218,2.014089855461198,1.93262052498356,0,1
1.7837626673235358,-0.028388268042047415,1.8207107670725853,2.0249043700835965,1.9228075685780908,0,1
1.803052509172752,0.010814130266645794,1.8053736049446305,2.0198015869920005,1.9125875959683156,0,1
1.8577358212577961,0.03032818612150856,1.7997804884330355,2.019722813363621,1.9097516508983283,0,1
1.8512541648048941,-0.0034890087055077235,1.7944756899786611,2.0203976290501147,1.907436659514388,0,1
1.8155591607908492,-0.019281525299259417,1.783348151947398,2.016547742476794,1.899947947212096,0,1
1.7241018185418873,-0.050374201085864656,1.7500848915727707,2.0298908685500208,1.8899878800613958,0,1
1.7068758788288643,-0.009991254302829655,1.719820375369178,2.0342742538562346,1.8770473146127062,0,1
1.6586611591704286,-0.028247349591416837,1.681925147709079,2.042316317694077,1.862120732701578,0,1
1.6995949536546755,0.02467881656113513,1.6590527641672026,2.04400358663185,1.851528175399526,0,1
1.7184191632875498,0.01107570341533215,1.643980978834605,2.036861521023632,1.8404212499291184,0,1
1.6503145393953826,-0.03963213711017666,1.6189279790420725,2.0317045289441285,1.8253162539931005,0,1
1.5714658997658166,-0.04777794641405353,1.5816823479566886,2.0290148200932485,1.8053485840249686,0,1
1.5696900660974633,-0.0011300491271353241,1.5467409841339497,2.030603485801745,1.7886722349678474,0,1
1.5298218235352883,-0.025398799051646437,1.5116271955440141,2.0242101189658745,1.7679186572549443,0,1
1.5505107200501602,0.013523729493583492,1.4856305948094328,2.0138654271588923,1.7497480109841625,0,1
1.5471366164619553,-0.0021761239987400094,1.4615704253066328,2.0048393493958074,1.7332048873512202,0,1
1.606628194699506,0.03845269874977042,1.4521009548737385,1.9862338055298356,1.719167380201787,0,0
1.5942859179596807,-0.007682098932748849,1.4502124532350054,1.9538933241081342,1.7020528886715698,0,0
1.5856730149838496,-0.005402357807220426,1.4593050876216969,1.9067373337953104,1.6830212107085036,0,0
1.6410800741255527,0.03494229807667337,1.4609120404558795,1.8856503759349108,1.6732812081953952,0,0
1.5688910648988992,-0.0439887183842137,1.4519690693624139,1.8731061867859127,1.6625376280741633,0,0
1.5513987082237297,-0.011149503663147375,1.444732719044461,1.8551771570089635,1.6499549380267122,0,0
1.4960804933782461,-0.035656994267334485,1.4404693302638483,1.823275013001621,1.6318721716327347,0,0
1.5059365209420754,0.006587899252381568,1.4455310387200369,1.7836815401591504,1.6146062894395936,0,0
1.497323484204883,-0.005719388976505035,1.450658169718884,1.7467308415017069,1.5986945056102955,0,0
1.5014968654317988,0.0027872275236049404,1.4458916677321803,1.7292368481774014,1.5875642579547908,0,0
1.517923527506111,0.010940190720670095,1.4450023228344477,1.7112309579428588,1.5781166403886533,0,0
1.4693535287544612,-0.03199765855889214,1.4327585935570868,1.704543924178623,1.568651258867855,0,0
1.4556794079743547,-0.009306215633277715,1.4263874617078744,1.686523501459803,1.5564554815838387,0,0
1.474592461903449,0.012992595639868654,1.4339003716527,1.6546279213765678,1.5442641465146338,0,0
1.4285974406975022,-0.03119168339337297,1.423125719721312,1.6432308634381676,1.5331782915797398,0,0
1.3925472913516046,-0.02523464505739026,1.3992140512724003,1.649250671045658,1.5242323611590292,0,1
1.3383832230365387,-0.03889567604019706,1.3646706812112648,1.6606633568007008,1.5126670190059828,0,1
1.3037539047059268,-0.025873993139307716,1.3267458945288746,1.6759813516001547,1.5013636230645147,0,1
1.3955662585253807,0.07042153698489817,1.3144891745701717,1.67274362540638,1.493616399988276,0,1
1.3865092232426917,-0.006489864044333604,1.302208139471439,1.668961921183186,1.4855850303273126,0,1
1.3872196387503344,0.0005123770514712245,1.2955257117094954,1.6537034933502124,1.4746146025298539,0,1
1.4006274852470801,0.00966526577494542,1.2922600200178425,1.6376033417706057,1.464931680894224,0,1
1.4022257462495076,0.0011411035548438697,1.2907747528249596,1.620743882090054,1.4557593174575068,0,0
1.26255368434211,-0.09960740079190133,1.2745369211466742,1.5991290747899949,1.4368329979683345,0,1
1.3164511930162444,0.0426892807351944,1.2659432564898263,1.5824787522585773,1.4242110043742018,0,1
1.3135210879735362,-0.0022257604826159127,1.2586068781336295,1.566027368589755,1.4123171233616922,0,1
1.3385607867850406,0.019063035257496308,1.252672228034486,1.5562100480295777,1.4044411380320319,0,1
1.3612919517652604,0.016981795077693596,1.2521680829051802,1.5422497362412022,1.3972089095731912,0,1
1.3656428967406786,0.0031961879814070837,1.2529513587544392,1.5282984016455223,1.3906248801999808,0,0
1.3522349164825715,-0.009818071979217469,1.254936053628941,1.5113875118760982,1.3831617827525196,0,0
1.331901299060914,-0.0150370450975702,1.2606906320465372,1.4870307106139822,1.3738606713302597,0,0
1.359160972765054,0.02046673707981217,1.2644021696009164,1.4722999174606621,1.3683510435307893,0,0
1.3757653501840785,0.012216637875677616,1.2687300679041278,1.459980613378423,1.3643553406412754,0,0
1.3839342546144124,0.005937716362198531,1.2787051257766728,1.4409397347769748,1.3598224302768238,0,0
1.3924585718993219,0.006159481389008903,1.2818924618061038,1.4341385118677257,1.3580154868369148,0,0
1.3612032323129781,-0.022446154030788312,1.2820475345104674,1.4308490332594994,1.3564482838849834,0,0
1.3667083149013892,0.004044276752896536,1.2838342517427959,1.431894825213656,1.357864538478226,0,0
1.355875579711708,-0.007926150058187753,1.290927061095438,1.4300141833615916,1.3604706222285148,0,0
1.4008050489955826,0.03313686739120092,1.2905954812358198,1.43086964226823,1.360732561752025,0,0
1.3878412099617576,-0.009254563326367427,1.2905565714858336,1.4310417506901227,1.3607991610879782,0,0
1.373456664756584,-0.010364690932884169,1.290693433228195,1.4295285915483864,1.3601110123882907,0,0
1.4673112692065373,0.06833459464597458,1.280706200988057,1.44618420218447,1.3634452015862635,1,0
1.4778777211954337,0.007201234128468403,1.2711773910037465,1.4632782096633732,1.3672278003335598,1,0
1.4785881367030769,0.00048069978825338033,1.2829584746091751,1.4731005712940417,1.3780295229516084,1,0
1.520587358265458,0.028404949640695953,1.2783271226539077,1.4981455397742305,1.388236331214069,1,0
1.5466037647028146,0.017109445436290782,1.274938548565761,1.5248423815353047,1.3998904650505328,1,0
1.5471366164619553,0.00034453023541103356,1.2727412842760872,1.5478972287926698,1.4103192565343785,1,0
1.5178348169712528,-0.018939374311824464,1.2746287842746553,1.561664015314701,1.4181463997946782,1,0
1.519618275037204,0.0011750014204510162,1.2777401518373406,1.5739501855816682,1.4258451687095044,1,0
1.5108791013362428,-0.0057509006337445046,1.2852792066336538,1.5822755492707223,1.433777377952188,1,0
1.5238985940138203,0.008617163786343252,1.2978144092608623,1.5889400761388042,1.4433772426998333,0,0
1.5175671694045818,-0.0041547545447641054,1.307805248157011,1.5947898569066083,1.4512975525318097,0,0
1.5230960615153162,0.0036432602274227843,1.316376542246992,1.6009516339497514,1.4586640880983717,0,0
1.5197073957735705,-0.0022248535908985234,1.3252368873533138,1.6056686029593452,1.4654527451563295,0,0
1.5242552374729206,0.0029925771974250726,1.3338982009296183,1.6101869559404007,1.4720425784350095,0,0
1.5340644574776956,0.006435418270917648,1.350329301672276,1.611041977714215,1.4806856396932455,0,0
1.5254145471918865,-0.005638557261167021,1.36856294621589,1.6086789563996509,1.4886209513077704,0,0
1.542446853958195,0.01116569053157579,1.3933182387422114,1.6025807912979781,1.4979495150200948,0,0
1.553682763725884,0.007284471253486524,1.408800445561822,1.6023863559513978,1.5055934007566099,0,0
1.5545745596395406,0.0005739884193076694,1.432307397464794,1.5955527390162045,1.5139300682404992,0,0
1.5593899062267758,0.0030975333781042558,1.4724413240060412,1.5740121366219764,1.5232267303140088,0,0
1.5440519278726277,-0.009835884080628077,1.482902118246178,1.571225408248449,1.5270637632473134,0,0
1.5602817021404323,0.010511158319763014,1.4911620323810006,1.571205892208126,1.5311839622945633,0,0
1.568129079927737,0.005029462164774179,1.5006991430924792,1.5706228758191134,1.5356610094557963,0,0
1.5652754417966104,-0.0018197724713185925,1.501315218026111,1.574475609238597,1.537895413632354,0,0
1.556268888051701,-0.005753973712493532,1.5010660380210679,1.5756913015785288,1.5383786697997983,0,0
1.5382556557179454,-0.01157462728456038,1.500850154143669,1.575019089381527,1.537934621762598,0,0
1.5419118352650005,0.00237683478260875,1.5032576606453136,1.5750192847092568,1.5391384726772852,0,0
1.5953271163965592,0.03464224082719913,1.5003616647887597,1.5854861647017466,1.5429239147452531,1,0
1.6132512279939486,0.011235383272288013,1.4977802664676887,1.598304775688588,1.5480425210781383,1,0
1.6203851940191158,0.004422104816271144,1.4944942772225844,1.6112394249342215,1.552866851078403,1,0
1.63839829259151,0.011116553421298248,1.491592186477842,1.6262246279976569,1.5589084072377495,1,0
1.659710927251859,0.013008213422047943,1.4869724164954448,1.6445058845537084,1.5657391505245766,1,0
