Close,Lower Bound,Upper Bound,Middle Bound,sellSignal,buySignal
1.06677991462,,,,0,0
1.06690314852,,,,0,0
1.06693343834,,,,0,0
1.06631809866,,,,0,0
1.06645336551,,,,0,0
1.06608988772,,,,0,0
1.06693094876,,,,0,0
1.06698239996,,,,0,0
1.06727160546,,,,0,0
1.06767159699,,,,0,0
1.06640232925,,,,0,0
1.06610565503,,,,0,0
1.06468950242,,,,0,0
1.06628656406,,,,0,0
1.06648738969,,,,0,0
1.06648738969,,,,0,0
1.06651560486,,,,0,0
1.06493597023,,,,0,0
1.06437913555,,,,0,0
1.06701393456,,,,0,0
1.06784752688,1.06437913555,1.06767159699,1.06602536627,0,1
1.06786121953,1.06437913555,1.06784752688,1.06611333121,0,1
1.06754130929,1.06437913555,1.06786121953,1.06612017754,0,0
1.06672016484,1.06437913555,1.06786121953,1.06612017754,0,0
1.06742927847,1.06437913555,1.06786121953,1.06612017754,0,0
1.06852676562,1.06437913555,1.06786121953,1.06612017754,0,1
1.06591188319,1.06437913555,1.06852676562,1.06645295058,0,0
1.0649998693,1.06437913555,1.06852676562,1.06645295058,0,0
1.0657716372,1.06437913555,1.06852676562,1.06645295058,0,0
1.06033689743,1.06437913555,1.06852676562,1.06645295058,1,0
1.06033689743,1.06033689743,1.06852676562,1.06443183153,0,0
1.06052734984,1.06033689743,1.06852676562,1.06443183153,0,0
1.06061738942,1.06033689743,1.06852676562,1.06443183153,0,0
1.06183935527,1.06033689743,1.06852676562,1.06443183153,0,0
1.06153687204,1.06033689743,1.06852676562,1.06443183153,0,0
1.06125057105,1.06033689743,1.06852676562,1.06443183153,0,0
1.06049581523,1.06033689743,1.06852676562,1.06443183153,0,0
1.06051697661,1.06033689743,1.06852676562,1.06443183153,0,0
1.06137173031,1.06033689743,1.06852676562,1.06443183153,0,0
1.06247751604,1.06033689743,1.06852676562,1.06443183153,0,0
1.06035266474,1.06033689743,1.06852676562,1.06443183153,0,0
1.06282854595,1.06033689743,1.06852676562,1.06443183153,0,0
1.06393350182,1.06033689743,1.06852676562,1.06443183153,0,0
1.0625858125,1.06033689743,1.06852676562,1.06443183153,0,0
1.06432934407,1.06033689743,1.06852676562,1.06443183153,0,0
1.06432934407,1.06033689743,1.06852676562,1.06443183153,0,0
1.06448286779,1.06033689743,1.06591188319,1.06312439031,0,0
1.06299161304,1.06033689743,1.0657716372,1.06305426732,0,0
1.06292937369,1.06033689743,1.0657716372,1.06305426732,0,0
1.06318994909,1.06033689743,1.06448286779,1.06240988261,0,0
1.06268000138,1.06033689743,1.06448286779,1.06240988261,0,0
1.06224059159,1.06035266474,1.06448286779,1.06241776626,0,0
1.05928048826,1.06035266474,1.06448286779,1.06241776626,1,0
1.05924812379,1.05928048826,1.06448286779,1.06188167802,1,0
1.06025183699,1.05924812379,1.06448286779,1.06186549579,0,0
1.0600257007,1.05924812379,1.06448286779,1.06186549579,0,0
1.05921824891,1.05924812379,1.06448286779,1.06186549579,1,0
1.05538886936,1.05921824891,1.06448286779,1.06185055835,1,0
1.0536096539,1.05538886936,1.06448286779,1.05993586858,1,0
1.05600420904,1.0536096539,1.06448286779,1.05904626085,0,0
1.05600420904,1.0536096539,1.06448286779,1.05904626085,0,0
1.05599840003,1.0536096539,1.06448286779,1.05904626085,0,0
1.05178106189,1.0536096539,1.06448286779,1.05904626085,1,0
1.0527719123,1.05178106189,1.06448286779,1.05813196484,0,0
1.05157567205,1.05178106189,1.06448286779,1.05813196484,1,0
1.05106530941,1.05157567205,1.06448286779,1.05802926992,1,0
1.05006450071,1.05106530941,1.06448286779,1.0577740886,1,0
1.04913754937,1.05006450071,1.06318994909,1.0566272249,1,0
1.05143044691,1.04913754937,1.06318994909,1.05616374923,0,0
1.05147940853,1.04913754937,1.06318994909,1.05616374923,0,0
1.05294576754,1.04913754937,1.06268000138,1.05590877537,0,0
1.05160471708,1.04913754937,1.06224059159,1.05568907048,0,0
1.05084705676,1.04913754937,1.06025183699,1.05469469318,0,0
1.04981471346,1.04913754937,1.06025183699,1.05469469318,0,0
1.05695813076,1.04913754937,1.06025183699,1.05469469318,0,0
1.05695813076,1.04913754937,1.0600257007,1.05458162504,0,0
1.05674402741,1.04913754937,1.05921824891,1.05417789914,0,0
1.05456689506,1.04913754937,1.05695813076,1.05304784007,0,0
1.05466149886,1.04913754937,1.05695813076,1.05304784007,0,0
1.05710003647,1.04913754937,1.05695813076,1.05304784007,0,1
1.05874688959,1.04913754937,1.05710003647,1.05311879292,0,1
1.059387125,1.04913754937,1.05874688959,1.05394221948,0,1
1.05991615945,1.04913754937,1.059387125,1.05426233719,0,1
1.0571290815,1.04913754937,1.05991615945,1.05452685441,0,0
1.05657681103,1.04913754937,1.05991615945,1.05452685441,0,0
1.05538472007,1.04913754937,1.05991615945,1.05452685441,0,0
1.05544820421,1.04913754937,1.05991615945,1.05452685441,0,0
1.05445195973,1.04913754937,1.05991615945,1.05452685441,0,0
1.05636104796,1.04981471346,1.05991615945,1.05486543646,0,0
1.0652662537,1.04981471346,1.05991615945,1.05486543646,0,1
1.0652662537,1.04981471346,1.0652662537,1.05754048358,0,0
1.06536376201,1.04981471346,1.0652662537,1.05754048358,0,1
1.06524841176,1.04981471346,1.06536376201,1.05758923774,0,0
1.06605793819,1.04981471346,1.06536376201,1.05758923774,0,1
1.06645917452,1.05445195973,1.06605793819,1.06025494896,0,1
1.06668116152,1.05445195973,1.06645917452,1.06045556712,0,1
1.06422395211,1.05445195973,1.06668116152,1.06056656062,0,0
1.06426917937,1.05445195973,1.06668116152,1.06056656062,0,0
1.06494094938,1.05445195973,1.06668116152,1.06056656062,0,0
1.06512476292,1.05445195973,1.06668116152,1.06056656062,0,0
1.06714380733,1.05445195973,1.06668116152,1.06056656062,0,1
1.06772927212,1.05445195973,1.06714380733,1.06079788353,0,1
1.06830768312,1.05445195973,1.06772927212,1.06109061592,0,1
1.07006822677,1.05445195973,1.06830768312,1.06137982142,0,1
1.07079186291,1.05445195973,1.07006822677,1.06226009325,0,1
1.07079186291,1.05445195973,1.07079186291,1.06262191132,0,0
1.0708661352,1.05445195973,1.07079186291,1.06262191132,0,1
1.07195241926,1.05445195973,1.0708661352,1.06265904746,0,1
1.07290717084,1.05636104796,1.07195241926,1.06415673361,0,1
1.07238602005,1.06422395211,1.07290717084,1.06856556148,0,0
1.07117940658,1.06422395211,1.07290717084,1.06856556148,0,0
1.07051759486,1.06422395211,1.07290717084,1.06856556148,0,0
1.07197316571,1.06422395211,1.07290717084,1.06856556148,0,0
1.07115866013,1.06422395211,1.07290717084,1.06856556148,0,0
1.07139682936,1.06422395211,1.07290717084,1.06856556148,0,0
1.07153956493,1.06422395211,1.07290717084,1.06856556148,0,0
1.06906700315,1.06422395211,1.07290717084,1.06856556148,0,0
1.06866286232,1.06426917937,1.07290717084,1.06858817511,0,0
1.06866867133,1.06494094938,1.07290717084,1.06892406011,0,0
1.07133210044,1.06512476292,1.07290717084,1.06901596688,0,0
1.07133210044,1.06714380733,1.07290717084,1.07002548909,0,0
1.0715835474,1.06772927212,1.07290717084,1.07031822148,0,0
1.06955993877,1.06830768312,1.07290717084,1.07060742698,0,0
1.06945413188,1.06866286232,1.07290717084,1.07078501658,0,0
1.07074829537,1.06866286232,1.07290717084,1.07078501658,0,0
1.06822801675,1.06866286232,1.07290717084,1.07078501658,1,0
1.06630067165,1.06822801675,1.07290717084,1.0705675938,1,0
1.06454427728,1.06630067165,1.07290717084,1.06960392124,1,0
1.06638988138,1.06454427728,1.07290717084,1.06872572406,0,0
1.06757906783,1.06454427728,1.07238602005,1.06846514866,0,0
1.07492580033,1.06454427728,1.07197316571,1.0682587215,0,1
1.07876223366,1.06454427728,1.07492580033,1.0697350388,0,1
1.08219577096,1.06454427728,1.07876223366,1.07165325547,0,1
1.08269493052,1.06454427728,1.08219577096,1.07337002412,0,1
1.07990743764,1.06454427728,1.08269493052,1.0736196039,0,0
1.07990743764,1.06454427728,1.08269493052,1.0736196039,0,0
1.07994934547,1.06454427728,1.08269493052,1.0736196039,0,0
1.07986594475,1.06454427728,1.08269493052,1.0736196039,0,0
1.07985474166,1.06454427728,1.08269493052,1.0736196039,0,0
1.08068045033,1.06454427728,1.08269493052,1.0736196039,0,0
1.07828672505,1.06454427728,1.08269493052,1.0736196039,0,0
1.07822904992,1.06454427728,1.08269493052,1.0736196039,0,0
1.07829792814,1.06454427728,1.08269493052,1.0736196039,0,0
1.07796888946,1.06454427728,1.08269493052,1.0736196039,0,0
1.07626270149,1.06454427728,1.08269493052,1.0736196039,0,0
1.07775852046,1.06454427728,1.08269493052,1.0736196039,0,0
1.07911948751,1.06454427728,1.08269493052,1.0736196039,0,0
1.07932612214,1.06454427728,1.08269493052,1.0736196039,0,0
1.08397913571,1.06638988138,1.08269493052,1.07454240595,0,1
1.07532994115,1.06757906783,1.08397913571,1.07577910177,0,0
1.07532994115,1.07492580033,1.08397913571,1.07945246802,0,0
1.07521998497,1.07532994115,1.08397913571,1.07965453843,1,0
1.07654443827,1.07521998497,1.08397913571,1.07959956034,0,0
1.07592826874,1.07521998497,1.08397913571,1.07959956034,0,0
1.0775228408,1.07521998497,1.08397913571,1.07959956034,0,0
1.07732699433,1.07521998497,1.08397913571,1.07959956034,0,0
1.07681912126,1.07521998497,1.08397913571,1.07959956034,0,0
1.07822697528,1.07521998497,1.08397913571,1.07959956034,0,0
1.07794316386,1.07521998497,1.08397913571,1.07959956034,0,0
1.07709006988,1.07521998497,1.08397913571,1.07959956034,0,0
1.07674360418,1.07521998497,1.08397913571,1.07959956034,0,0
1.07640045792,1.07521998497,1.08397913571,1.07959956034,0,0
1.07719089762,1.07521998497,1.08397913571,1.07959956034,0,0
1.07938628685,1.07521998497,1.08397913571,1.07959956034,0,0
1.07819958997,1.07521998497,1.08397913571,1.07959956034,0,0
1.07819958997,1.07521998497,1.08397913571,1.07959956034,0,0
1.07829211913,1.07521998497,1.08397913571,1.07959956034,0,0
1.07809295322,1.07521998497,1.08397913571,1.07959956034,0,0
1.07897094294,1.07521998497,1.08397913571,1.07959956034,0,0
1.07881617443,1.07521998497,1.07938628685,1.07730313591,0,0
1.07899915811,1.07521998497,1.07938628685,1.07730313591,0,0
1.07966179969,1.07521998497,1.07938628685,1.07730313591,0,1
1.07803901245,1.07592826874,1.07966179969,1.07779503421,0,0
1.07770043041,1.07592826874,1.07966179969,1.07779503421,0,0
1.07722948602,1.07640045792,1.07966179969,1.0780311288,0,0
1.07641871479,1.07640045792,1.07966179969,1.0780311288,0,0
1.07513409467,1.07640045792,1.07966179969,1.0780311288,1,0
1.07480505599,1.07513409467,1.07966179969,1.07739794718,1,0
1.07883111187,1.07480505599,1.07966179969,1.07723342784,0,0
1.08122110279,1.07480505599,1.07966179969,1.07723342784,0,1
1.08122110279,1.07480505599,1.08122110279,1.07801307939,0,0
1.08115429922,1.07480505599,1.08122110279,1.07801307939,0,0
1.08386503024,1.07480505599,1.08122110279,1.07801307939,0,1
1.08430029074,1.07480505599,1.08386503024,1.07933504312,0,1
1.08235468876,1.07480505599,1.08430029074,1.07955267337,0,0
1.08227958661,1.07480505599,1.08430029074,1.07955267337,0,0
1.08241734304,1.07480505599,1.08430029074,1.07955267337,0,0
1.08172399671,1.07480505599,1.08430029074,1.07955267337,0,0
1.08246505987,1.07480505599,1.08430029074,1.07955267337,0,0
1.08207585649,1.07480505599,1.08430029074,1.07955267337,0,0
1.08261899852,1.07480505599,1.08430029074,1.07955267337,0,0
1.0779323757,1.07480505599,1.08430029074,1.07955267337,0,0
1.08073937025,1.07480505599,1.08430029074,1.07955267337,0,0
1.07916720435,1.07480505599,1.08430029074,1.07955267337,0,0
1.08263061653,1.07480505599,1.08430029074,1.07955267337,0,0
1.08263061653,1.07480505599,1.08430029074,1.07955267337,0,0
1.08236049777,1.07480505599,1.08430029074,1.07955267337,0,0
1.08310571021,1.07480505599,1.08430029074,1.07955267337,0,0
1.08467787611,1.0779323757,1.08430029074,1.08111633322,0,1
1.08522765701,1.0779323757,1.08467787611,1.08130512591,0,1
1.08532682503,1.0779323757,1.08522765701,1.08158001636,0,1
1.08495338895,1.0779323757,1.08532682503,1.08162960037,0,0
1.08573262558,1.0779323757,1.08532682503,1.08162960037,0,1
1.08666746056,1.0779323757,1.08573262558,1.08183250064,0,1
1.0876773977,1.0779323757,1.08666746056,1.08229991813,0,1
1.08716164098,1.0779323757,1.0876773977,1.0828048867,0,0
1.08869646327,1.0779323757,1.0876773977,1.0828048867,0,1
1.08573926444,1.0779323757,1.08869646327,1.08331441949,0,0
1.08687202055,1.0779323757,1.08869646327,1.08331441949,0,0
1.08013523365,1.0779323757,1.08869646327,1.08331441949,0,0
1.08013523365,1.0779323757,1.08869646327,1.08331441949,0,0
1.08005764193,1.0779323757,1.08869646327,1.08331441949,0,0
1.07873816778,1.07916720435,1.08869646327,1.08393183381,1,0
1.07602951141,1.07873816778,1.08869646327,1.08371731553,1,0
1.07838464829,1.07602951141,1.08869646327,1.08236298734,0,0
1.0790319375,1.07602951141,1.08869646327,1.08236298734,0,0
1.07888463771,1.07602951141,1.08869646327,1.08236298734,0,0
1.07943815297,1.07602951141,1.08869646327,1.08236298734,0,0
1.07977134094,1.07602951141,1.08869646327,1.08236298734,0,0
1.08033108013,1.07602951141,1.08869646327,1.08236298734,0,0
1.08045970811,1.07602951141,1.08869646327,1.08236298734,0,0
1.07884521946,1.07602951141,1.08869646327,1.08236298734,0,0
1.07748715691,1.07602951141,1.08869646327,1.08236298734,0,0
1.07711413576,1.07602951141,1.08869646327,1.08236298734,0,0
1.07261755042,1.07602951141,1.08869646327,1.08236298734,1,0
1.07261755042,1.07261755042,1.08869646327,1.08065700684,0,0
1.07257979188,1.07261755042,1.08869646327,1.08065700684,1,0
1.07050763656,1.07257979188,1.08687202055,1.07972590622,1,0
1.06982590825,1.07050763656,1.08687202055,1.07868982856,1,0
1.07138147699,1.06982590825,1.08045970811,1.07514280818,0,0
1.07381171602,1.06982590825,1.08045970811,1.07514280818,0,0
1.07376690369,1.06982590825,1.08045970811,1.07514280818,0,0
1.0749826456,1.06982590825,1.08045970811,1.07514280818,0,0
1.07384242076,1.06982590825,1.08045970811,1.07514280818,0,0
1.07442207655,1.06982590825,1.08045970811,1.07514280818,0,0
1.07204577828,1.06982590825,1.08045970811,1.07514280818,0,0
1.07231714184,1.06982590825,1.08045970811,1.07514280818,0,0
1.07232544042,1.06982590825,1.08045970811,1.07514280818,0,0
1.07366566102,1.06982590825,1.08045970811,1.07514280818,0,0
1.07692492814,1.06982590825,1.08045970811,1.07514280818,0,0
1.07692492814,1.06982590825,1.08045970811,1.07514280818,0,0
1.07706849357,1.06982590825,1.07884521946,1.07433556385,0,0
1.07673115631,1.06982590825,1.07748715691,1.07365653258,0,0
1.07720749478,1.06982590825,1.07711413576,1.073470022,0,1
1.07454365074,1.06982590825,1.07720749478,1.07351670151,0,0
1.07655315178,1.06982590825,1.07720749478,1.07351670151,0,0
1.07612950929,1.06982590825,1.07720749478,1.07351670151,0,0
1.07379843829,1.06982590825,1.07720749478,1.07351670151,0,0
1.07309139931,1.06982590825,1.07720749478,1.07351670151,0,0
1.07554860872,1.07138147699,1.07720749478,1.07429448588,0,0
1.07511210344,1.07204577828,1.07720749478,1.07462663653,0,0
1.07462995596,1.07204577828,1.07720749478,1.07462663653,0,0
1.07550794568,1.07204577828,1.07720749478,1.07462663653,0,0
1.07521915511,1.07204577828,1.07720749478,1.07462663653,0,0
1.07430589643,1.07204577828,1.07720749478,1.07462663653,0,0
1.07430589643,1.07204577828,1.07720749478,1.07462663653,0,0
1.07433162203,1.07231714184,1.07720749478,1.07476231831,0,0
1.07613490337,1.07232544042,1.07720749478,1.0747664676,0,0
1.07698467792,1.07309139931,1.07720749478,1.07514944704,0,0
1.07575358364,1.07309139931,1.07720749478,1.07514944704,0,0
1.07492953469,1.07309139931,1.07720749478,1.07514944704,0,0
1.07489509558,1.07309139931,1.07720749478,1.07514944704,0,0
1.07530712006,1.07309139931,1.07720749478,1.07514944704,0,0
1.07537392362,1.07309139931,1.07720749478,1.07514944704,0,0
1.0762212086,1.07309139931,1.07698467792,1.07503803861,0,0
1.07261091155,1.07309139931,1.07698467792,1.07503803861,1,0
1.07203830956,1.07261091155,1.07698467792,1.07479779474,1,0
1.07358599465,1.07203830956,1.07698467792,1.07451149374,0,0
1.07365985201,1.07203830956,1.07698467792,1.07451149374,0,0
1.07397104875,1.07203830956,1.07698467792,1.07451149374,0,0
1.07397104875,1.07203830956,1.07698467792,1.07451149374,0,0
1.07393163049,1.07203830956,1.07698467792,1.07451149374,0,0
1.07053502187,1.07203830956,1.07698467792,1.07451149374,1,0
1.07156695024,1.07053502187,1.07698467792,1.0737598499,0,0
1.07021635642,1.07053502187,1.07698467792,1.0737598499,1,0
1.06955827906,1.07021635642,1.07698467792,1.07360051717,1,0
1.0684620367,1.06955827906,1.07698467792,1.07327147849,1,0
1.06979810801,1.0684620367,1.07698467792,1.07272335731,0,0
1.07013503034,1.0684620367,1.07698467792,1.07272335731,0,0
1.07049062447,1.0684620367,1.0762212086,1.07234162265,0,0
1.06978109592,1.0684620367,1.0762212086,1.07234162265,0,0
1.06847365471,1.0684620367,1.0762212086,1.07234162265,0,0
1.06933297262,1.0684620367,1.0762212086,1.07234162265,0,0
1.0675056254,1.0684620367,1.0762212086,1.07234162265,1,0
1.0555540111,1.0675056254,1.0762212086,1.071863417,1,0
1.0555540111,1.0555540111,1.07397104875,1.06476252992,0,0
1.05553575422,1.0555540111,1.07397104875,1.06476252992,1,0
1.05763570978,1.05553575422,1.07397104875,1.06475340148,0,0
1.05781661882,1.05553575422,1.07397104875,1.06475340148,0,0
1.05919708753,1.05553575422,1.07397104875,1.06475340148,0,0
1.05864232749,1.05553575422,1.07397104875,1.06475340148,0,0
1.05878921234,1.05553575422,1.07393163049,1.06473369236,0,0
1.05841826584,1.05553575422,1.07156695024,1.06355135223,0,0
1.05866597844,1.05553575422,1.07156695024,1.06355135223,0,0
1.05536770799,1.05553575422,1.07049062447,1.06301318935,1,0
1.05319099056,1.05536770799,1.07049062447,1.06292916623,1,0
1.05449345263,1.05319099056,1.07049062447,1.06184080752,0,0
1.05554612745,1.05319099056,1.07049062447,1.06184080752,0,0
1.05339389083,1.05319099056,1.07049062447,1.06184080752,0,0
1.05986429333,1.05319099056,1.07049062447,1.06184080752,0,0
1.05986429333,1.05319099056,1.06978109592,1.06148604324,0,0
1.05962653902,1.05319099056,1.06933297262,1.06126198159,0,0
1.06183147162,1.05319099056,1.06933297262,1.06126198159,0,0
1.0610294139,1.05319099056,1.0675056254,1.06034830798,0,0
1.05941782975,1.05319099056,1.06183147162,1.05751123109,0,0
1.05862116611,1.05319099056,1.06183147162,1.05751123109,0,0
1.05880166021,1.05319099056,1.06183147162,1.05751123109,0,0
1.05849046348,1.05319099056,1.06183147162,1.05751123109,0,0
1.05815063665,1.05319099056,1.06183147162,1.05751123109,0,0
1.05952778593,1.05319099056,1.06183147162,1.05751123109,0,0
1.05920497118,1.05319099056,1.06183147162,1.05751123109,0,0
1.06213685934,1.05319099056,1.06183147162,1.05751123109,0,1
1.06161944291,1.05319099056,1.06213685934,1.05766392495,0,0
1.06111862363,1.05319099056,1.06213685934,1.05766392495,0,0
1.0549884629,1.05319099056,1.06213685934,1.05766392495,0,0
1.0549884629,1.05319099056,1.06213685934,1.05766392495,0,0
1.05466357351,1.05339389083,1.06213685934,1.05776537509,0,0
1.05537476178,1.05339389083,1.06213685934,1.05776537509,0,0
1.05463992256,1.05339389083,1.06213685934,1.05776537509,0,0
1.05509758922,1.05463992256,1.06213685934,1.05838839095,0,0
1.05620378988,1.05463992256,1.06213685934,1.05838839095,0,0
1.05436606943,1.05463992256,1.06213685934,1.05838839095,1,0
1.05298518579,1.05436606943,1.06213685934,1.05825146439,1,0
1.05294991683,1.05298518579,1.06213685934,1.05756102257,1,0
1.053638284,1.05294991683,1.06213685934,1.05754338809,0,0
1.05267191441,1.05294991683,1.06213685934,1.05754338809,1,0
1.05081054301,1.05267191441,1.06213685934,1.05740438688,1,0
1.04880602112,1.05081054301,1.06213685934,1.05647370118,1,0
1.04958318309,1.04880602112,1.06213685934,1.05547144023,0,0
1.03952613451,1.04880602112,1.06213685934,1.05547144023,1,0
1.03952613451,1.03952613451,1.06213685934,1.05083149693,0,0
1.03959210822,1.03952613451,1.06213685934,1.05083149693,0,0
1.03975351559,1.03952613451,1.06161944291,1.05057278871,0,0
1.03864441043,1.03952613451,1.06111862363,1.05032237907,1,0
1.03885892871,1.03864441043,1.05620378988,1.04742410015,0,0
1.03952198522,1.03864441043,1.05620378988,1.04742410015,0,0
1.03991865732,1.03864441043,1.05620378988,1.04742410015,0,0
1.04109166155,1.03864441043,1.05620378988,1.04742410015,0,0
1.04126925115,1.03864441043,1.05620378988,1.04742410015,0,0
1.04030412634,1.03864441043,1.05620378988,1.04742410015,0,0
1.04079872169,1.03864441043,1.05620378988,1.04742410015,0,0
1.04068627593,1.03864441043,1.05436606943,1.04650523993,0,0
1.04036138654,1.03864441043,1.053638284,1.04614134722,0,0
1.04200077094,1.03864441043,1.053638284,1.04614134722,0,0
1.04173438653,1.03864441043,1.053638284,1.04614134722,0,0
1.04173438653,1.03864441043,1.05267191441,1.04565816242,0,0
1.04163314386,1.03864441043,1.05081054301,1.04472747672,0,0
1.03843570115,1.03864441043,1.04958318309,1.04411379676,1,0
1.03755024271,1.03843570115,1.04958318309,1.04400944212,1,0
1.03846059689,1.03755024271,1.04200077094,1.03977550683,0,0
1.03762658964,1.03755024271,1.04200077094,1.03977550683,0,0
1.03684071416,1.03755024271,1.04200077094,1.03977550683,1,0
1.03646976765,1.03684071416,1.04200077094,1.03942074255,1,0
1.03569468032,1.03646976765,1.04200077094,1.0392352693,1,0
1.03536149235,1.03569468032,1.04200077094,1.03884772563,1,0
1.033762771,1.03536149235,1.04200077094,1.03868113164,1,0
1.03448972657,1.033762771,1.04200077094,1.03788177097,0,0
1.03566812487,1.033762771,1.04200077094,1.03788177097,0,0
1.0368527471,1.033762771,1.04200077094,1.03788177097,0,0
1.04435673768,1.033762771,1.04200077094,1.03788177097,0,1
1.04435673768,1.033762771,1.04435673768,1.03905975434,0,0
1.04451275097,1.033762771,1.04435673768,1.03905975434,0,1
1.04212815413,1.033762771,1.04451275097,1.03913776099,0,0
1.04159082111,1.033762771,1.04451275097,1.03913776099,0,0
1.04255387127,1.033762771,1.04451275097,1.03913776099,0,0
1.04186301452,1.033762771,1.04451275097,1.03913776099,0,0
1.04110576913,1.033762771,1.04451275097,1.03913776099,0,0
1.03821620372,1.033762771,1.04451275097,1.03913776099,0,0
1.03957053191,1.033762771,1.04451275097,1.03913776099,0,0
1.03837719617,1.033762771,1.04451275097,1.03913776099,0,0
1.04144393625,1.033762771,1.04451275097,1.03913776099,0,0
1.04393973406,1.033762771,1.04451275097,1.03913776099,0,0
1.04952343332,1.033762771,1.04451275097,1.03913776099,0,1
1.04671062978,1.033762771,1.04952343332,1.04164310216,0,0
1.05351712474,1.033762771,1.04952343332,1.04164310216,0,1
1.05351712474,1.033762771,1.05351712474,1.04363994787,0,0
1.05345654511,1.03448972657,1.05351712474,1.04400342565,0,0
1.05405404284,1.03566812487,1.05351712474,1.0445926248,0,1
1.05362127191,1.0368527471,1.05405404284,1.04545339497,0,0
1.05337687875,1.03821620372,1.05405404284,1.04613512328,0,0
1.05420632177,1.03821620372,1.05405404284,1.04613512328,0,1
1.05459013108,1.03821620372,1.05420632177,1.04621126275,0,1
1.05403993525,1.03821620372,1.05459013108,1.0464031674,0,0
1.05374824018,1.03821620372,1.05459013108,1.0464031674,0,0
1.0532129818,1.03821620372,1.05459013108,1.0464031674,0,0
1.05365778567,1.03821620372,1.05459013108,1.0464031674,0,0
1.05462871948,1.03821620372,1.05459013108,1.0464031674,0,1
1.05160554694,1.03821620372,1.05462871948,1.0464224616,0,0
1.05189807187,1.03837719617,1.05462871948,1.04650295782,0,0
1.05439760403,1.03837719617,1.05462871948,1.04650295782,0,0
1.05439760403,1.04144393625,1.05462871948,1.04803632786,0,0
1.0541279002,1.04393973406,1.05462871948,1.04928422677,0,0
1.05442540428,1.04671062978,1.05462871948,1.05066967463,0,0
1.05393827765,1.04671062978,1.05462871948,1.05066967463,0,0
1.05359513139,1.05160554694,1.05462871948,1.05311713321,0,0
1.05139185851,1.05160554694,1.05462871948,1.05311713321,1,0
1.05158936471,1.05139185851,1.05462871948,1.05301028899,0,0
1.05029644601,1.05139185851,1.05462871948,1.05301028899,1,0
1.05227482738,1.05029644601,1.05462871948,1.05246258274,0,0
1.05391130727,1.05029644601,1.05462871948,1.05246258274,0,0
1.05236943119,1.05029644601,1.05462871948,1.05246258274,0,0
1.05437229337,1.05029644601,1.05462871948,1.05246258274,0,0
1.05247440822,1.05029644601,1.05462871948,1.05246258274,0,0
1.0529752275,1.05029644601,1.05462871948,1.05246258274,0,0
1.04725460167,1.05029644601,1.05462871948,1.05246258274,1,0
1.04725460167,1.04725460167,1.05462871948,1.05094166057,0,0
1.04719402204,1.04725460167,1.05462871948,1.05094166057,1,0
1.04415840163,1.04719402204,1.05442540428,1.05080971316,1,0
1.0446218773,1.04415840163,1.05442540428,1.04929190295,0,0
1.04396089543,1.04415840163,1.05442540428,1.04929190295,1,0
1.04361567452,1.04396089543,1.05442540428,1.04919314985,1,0
1.04154766849,1.04361567452,1.05442540428,1.0490205394,1,0
1.04096261863,1.04154766849,1.05442540428,1.04798653638,1,0
1.04076013329,1.04096261863,1.05437229337,1.047667456,1,0
1.04052569842,1.04076013329,1.05437229337,1.04756621333,1,0
1.03926182475,1.04052569842,1.05437229337,1.04744899589,1,0
1.03795189396,1.03926182475,1.05437229337,1.04681705906,1,0
1.03690668787,1.03795189396,1.05437229337,1.04616209367,1,0
1.03904689154,1.03690668787,1.05437229337,1.04563949062,0,0
1.03997342795,1.03690668787,1.05437229337,1.04563949062,0,0
1.03997342795,1.03690668787,1.05437229337,1.04563949062,0,0
1.03987218528,1.03690668787,1.05437229337,1.04563949062,0,0
1.03853154975,1.03690668787,1.0529752275,1.04494095768,0,0
1.03746061805,1.03690668787,1.0529752275,1.04494095768,0,0
1.03809172503,1.03690668787,1.04725460167,1.04208064477,0,0
1.04034976853,1.03690668787,1.04725460167,1.04208064477,0,0
1.04091988095,1.03690668787,1.04719402204,1.04205035495,0,0
1.04180326474,1.03690668787,1.0446218773,1.04076428258,0,0
1.04112651558,1.03690668787,1.0446218773,1.04076428258,0,0
1.04455216923,1.03690668787,1.04396089543,1.04043379165,0,1
1.04324348323,1.03690668787,1.04455216923,1.04072942855,0,0
1.04125763314,1.03690668787,1.04455216923,1.04072942855,0,0
1.04455548866,1.03690668787,1.04455216923,1.04072942855,0,1
1.03942447691,1.03690668787,1.04455548866,1.04073108826,0,0
1.03730875405,1.03690668787,1.04455548866,1.04073108826,0,0
1.03730875405,1.03690668787,1.04455548866,1.04073108826,0,0
1.03771123516,1.03690668787,1.04455548866,1.04073108826,0,0
1.03584198011,1.03690668787,1.04455548866,1.04073108826,1,0
1.03617931737,1.03584198011,1.04455548866,1.04019873438,0,0
1.03536439685,1.03584198011,1.04455548866,1.04019873438,1,0
1.03633491573,1.03536439685,1.04455548866,1.03995994276,0,0
1.03514116506,1.03536439685,1.04455548866,1.03995994276,1,0
1.03577061232,1.03514116506,1.04455548866,1.03984832686,0,0
1.0365635416,1.03514116506,1.04455548866,1.03984832686,0,0
1.03866723152,1.03514116506,1.04455548866,1.03984832686,0,0
1.03520174469,1.03514116506,1.04455548866,1.03984832686,0,0
1.03488058966,1.03514116506,1.04455548866,1.03984832686,1,0
1.03561625874,1.03488058966,1.04455548866,1.03971803916,0,0
1.03242047575,1.03488058966,1.04455548866,1.03971803916,1,0
1.03793903117,1.03242047575,1.04455548866,1.0384879822,0,0
1.03793903117,1.03242047575,1.04455548866,1.0384879822,0,0
1.03792824301,1.03242047575,1.04455548866,1.0384879822,0,0
1.03744651047,1.03242047575,1.04455548866,1.0384879822,0,0
1.04175098369,1.03242047575,1.03942447691,1.03592247633,0,1
1.03765190031,1.03242047575,1.04175098369,1.03708572972,0,0
1.03075785533,1.03242047575,1.04175098369,1.03708572972,1,0
1.03173210857,1.03075785533,1.04175098369,1.03625441951,0,0
1.03345157426,1.03075785533,1.04175098369,1.03625441951,0,0
1.03482872354,1.03075785533,1.04175098369,1.03625441951,0,0
1.03434740593,1.03075785533,1.04175098369,1.03625441951,0,0
1.0333748124,1.03075785533,1.04175098369,1.03625441951,0,0
1.03136323671,1.03075785533,1.04175098369,1.03625441951,0,0
1.03118232768,1.03075785533,1.04175098369,1.03625441951,0,0
1.02943921104,1.03075785533,1.04175098369,1.03625441951,1,0
1.01989376988,1.02943921104,1.04175098369,1.03559509737,1,0
1.01989376988,1.01989376988,1.04175098369,1.03082237679,0,0
1.01984605305,1.01989376988,1.04175098369,1.03082237679,1,0
1.02025932231,1.01984605305,1.04175098369,1.03079851837,0,0
1.01800169374,1.01984605305,1.04175098369,1.03079851837,1,0
1.01986596964,1.01800169374,1.04175098369,1.02987633872,0,0
1.02193480553,1.01800169374,1.04175098369,1.02987633872,0,0
1.02145805213,1.01800169374,1.04175098369,1.02987633872,0,0
1.02112942838,1.01800169374,1.04175098369,1.02987633872,0,0
1.02229537881,1.01800169374,1.04175098369,1.02987633872,0,0
1.02145224313,1.01800169374,1.03765190031,1.02782679703,0,0
1.01928008992,1.01800169374,1.03482872354,1.02641520864,0,0
1.01760709628,1.01800169374,1.03482872354,1.02641520864,1,0
1.02322855408,1.01760709628,1.03482872354,1.02621790991,0,0
1.02218127334,1.01760709628,1.03482872354,1.02621790991,0,0
1.01774692735,1.01760709628,1.03434740593,1.0259772511,0,0
1.01774692735,1.01760709628,1.0333748124,1.02549095434,0,0
1.01787099111,1.01760709628,1.03136323671,1.0244851665,0,0
1.01653450487,1.01760709628,1.03118232768,1.02439471198,1,0
1.0164174949,1.01653450487,1.02943921104,1.02298685795,1,0
1.01418227249,1.0164174949,1.02322855408,1.01982302449,1,0
1.01515860038,1.01418227249,1.02322855408,1.01870541329,0,0
1.01399099023,1.01418227249,1.02322855408,1.01870541329,1,0
1.01129312201,1.01399099023,1.02322855408,1.01860977216,1,0
1.01206364513,1.01129312201,1.02322855408,1.01726083805,0,0
1.01008028461,1.01129312201,1.02322855408,1.01726083805,1,0
1.01341465388,1.01008028461,1.02322855408,1.01665441935,0,0
1.01279931421,1.01008028461,1.02322855408,1.01665441935,0,0
1.01419845472,1.01008028461,1.02322855408,1.01665441935,0,0
1.01213293827,1.01008028461,1.02322855408,1.01665441935,0,0
1.02641811314,1.01008028461,1.02322855408,1.01665441935,0,1
1.02641811314,1.01008028461,1.02641811314,1.01824919888,0,0
1.02622102188,1.01008028461,1.02641811314,1.01824919888,0,0
1.02523100134,1.01008028461,1.02641811314,1.01824919888,0,0
1.02660234161,1.01008028461,1.02641811314,1.01824919888,0,1
1.02524261935,1.01008028461,1.02660234161,1.01834131311,0,0
1.02729195357,1.01008028461,1.02660234161,1.01834131311,0,1
1.02700274807,1.01008028461,1.02729195357,1.01868611909,0,0
1.0258446813,1.01008028461,1.02729195357,1.01868611909,0,0
1.02956368973,1.01008028461,1.02729195357,1.01868611909,0,1
1.02862429052,1.01008028461,1.02956368973,1.01982198717,0,0
1.0275973413,1.01008028461,1.02956368973,1.01982198717,0,0
1.03063752593,1.01008028461,1.02956368973,1.01982198717,0,1
1.02984501158,1.01008028461,1.03063752593,1.02035890527,0,0
1.02765792093,1.01008028461,1.03063752593,1.02035890527,0,0
1.01878507965,1.01008028461,1.03063752593,1.02035890527,0,0
1.01878507965,1.01213293827,1.03063752593,1.0213852321,0,0
1.0188344562,1.01213293827,1.03063752593,1.0213852321,0,0
1.01835313859,1.01213293827,1.03063752593,1.0213852321,0,0
1.01782991314,1.01213293827,1.03063752593,1.0213852321,0,0
1.01645649822,1.01782991314,1.03063752593,1.02423371954,1,0
1.01597227611,1.01645649822,1.03063752593,1.02354701208,1,0
1.01418227249,1.01597227611,1.03063752593,1.02330490102,1,0
1.01643077263,1.01418227249,1.03063752593,1.02240989921,0,0
1.01763282188,1.01418227249,1.03063752593,1.02240989921,0,0
1.02047716003,1.01418227249,1.03063752593,1.02240989921,0,0
1.01774319299,1.01418227249,1.03063752593,1.02240989921,0,0
1.01883362634,1.01418227249,1.03063752593,1.02240989921,0,0
1.02145265806,1.01418227249,1.03063752593,1.02240989921,0,0
1.01639923802,1.01418227249,1.03063752593,1.02240989921,0,0
1.01971369071,1.01418227249,1.03063752593,1.02240989921,0,0
1.01971369071,1.01418227249,1.03063752593,1.02240989921,0,0
1.01970290255,1.01418227249,1.03063752593,1.02240989921,0,0
1.01965767529,1.01418227249,1.02984501158,1.02201364203,0,0
1.0165320153,1.01418227249,1.02765792093,1.02092009671,0,0
1.01795937098,1.01418227249,1.02145265806,1.01781746527,0,0
1.016376002,1.01418227249,1.02145265806,1.01781746527,0,0
1.01466607968,1.01418227249,1.02145265806,1.01781746527,0,0
1.01498101078,1.01418227249,1.02145265806,1.01781746527,0,0
1.01200970436,1.01418227249,1.02145265806,1.01781746527,1,0
1.01100059708,1.01200970436,1.02145265806,1.01673118121,1,0
1.01494366717,1.01100059708,1.02145265806,1.01622662757,0,0
1.01686188384,1.01100059708,1.02145265806,1.01622662757,0,0
1.01923403281,1.01100059708,1.02145265806,1.01622662757,0,0
1.02370489255,1.01100059708,1.02145265806,1.01622662757,0,1
1.01261259616,1.01100059708,1.02370489255,1.01735274482,0,0
1.01261259616,1.01100059708,1.02370489255,1.01735274482,0,0
1.01288976872,1.01100059708,1.02370489255,1.01735274482,0,0
1.009458721,1.01100059708,1.02370489255,1.01735274482,1,0
1.00826206582,1.009458721,1.02370489255,1.01658180678,1,0
1.0082703644,1.00826206582,1.02370489255,1.01598347919,0,0
1.01021928582,1.00826206582,1.02370489255,1.01598347919,0,0
1.00945498664,1.00826206582,1.02370489255,1.01598347919,0,0
1.01275740638,1.00826206582,1.02370489255,1.01598347919,0,0
1.01273997936,1.00826206582,1.02370489255,1.01598347919,0,0
1.01200057592,1.00826206582,1.02370489255,1.01598347919,0,0
1.01697225494,1.00826206582,1.02370489255,1.01598347919,0,0
1.0172494275,1.00826206582,1.02370489255,1.01598347919,0,0
1.01837429996,1.00826206582,1.02370489255,1.01598347919,0,0
1.01886682066,1.00826206582,1.02370489255,1.01598347919,0,0
1.02513805724,1.00826206582,1.02370489255,1.01598347919,0,1
1.02513805724,1.00826206582,1.02513805724,1.01670006153,0,0
1.02521606389,1.00826206582,1.02513805724,1.01670006153,0,1
1.02323436309,1.00826206582,1.02521606389,1.01673906486,0,0
1.02336174629,1.00826206582,1.02521606389,1.01673906486,0,0
1.02344390222,1.00826206582,1.02521606389,1.01673906486,0,0
1.02492146432,1.00826206582,1.02521606389,1.01673906486,0,0
1.02370032833,1.00826206582,1.02521606389,1.01673906486,0,0
1.02583638272,1.00826206582,1.02521606389,1.01673906486,0,1
1.0258762159,1.00826206582,1.02583638272,1.01704922427,0,1
1.02399700255,1.0082703644,1.0258762159,1.01707329015,0,0
1.02225015155,1.00945498664,1.0258762159,1.01766560127,0,0
1.01997177653,1.00945498664,1.0258762159,1.01766560127,0,0
1.017030345,1.01200057592,1.0258762159,1.01893839591,0,0
1.01675441723,1.01200057592,1.0258762159,1.01893839591,0,0
1.01118607034,1.01200057592,1.0258762159,1.01893839591,1,0
1.01118607034,1.01118607034,1.0258762159,1.01853114312,0,0
1.01111843691,1.01118607034,1.0258762159,1.01853114312,1,0
1.00974958621,1.01111843691,1.0258762159,1.01849732641,1,0
1.00981224049,1.00974958621,1.0258762159,1.01781290105,0,0
1.0042812372,1.00974958621,1.0258762159,1.01781290105,1,0
1.00502644965,1.0042812372,1.0258762159,1.01507872655,0,0
1.00516835536,1.0042812372,1.0258762159,1.01507872655,0,0
1.00279828103,1.0042812372,1.0258762159,1.01507872655,1,0
1.00381651675,1.00279828103,1.0258762159,1.01433724846,0,0
1.00402647081,1.00279828103,1.0258762159,1.01433724846,0,0
1.00384763642,1.00279828103,1.0258762159,1.01433724846,0,0
1.00290699242,1.00279828103,1.0258762159,1.01433724846,0,0
1.00320491143,1.00279828103,1.0258762159,1.01433724846,0,0
1.00304640856,1.00279828103,1.0258762159,1.01433724846,0,0
1.00442521756,1.00279828103,1.02399700255,1.01339764179,0,0
1.00442521756,1.00279828103,1.02225015155,1.01252421629,0,0
1.00423932938,1.00279828103,1.01997177653,1.01138502878,0,0
1.00760523325,1.00279828103,1.017030345,1.00991431302,0,0
1.00623928705,1.00279828103,1.01675441723,1.00977634913,0,0
1.00680566511,1.00279828103,1.01118607034,1.00699217568,0,0
1.00559905164,1.00279828103,1.01118607034,1.00699217568,0,0
1.00496918945,1.00279828103,1.01111843691,1.00695835897,0,0
1.00492811148,1.00279828103,1.00981224049,1.00630526076,0,0
1.00438165001,1.00279828103,1.00981224049,1.00630526076,0,0
1.00351278873,1.00279828103,1.00760523325,1.00520175714,0,0
1.00505259017,1.00279828103,1.00760523325,1.00520175714,0,0
1.003639757,1.00279828103,1.00760523325,1.00520175714,0,0
1.00452977966,1.00279828103,1.00760523325,1.00520175714,0,0
1.00412356419,1.00290699242,1.00760523325,1.00525611284,0,0
0.998551068006,1.00290699242,1.00760523325,1.00525611284,1,0
0.998551068006,0.998551068006,1.00760523325,1.00307815063,0,0
0.998455219412,0.998551068006,1.00760523325,1.00307815063,1,0
0.996856912986,0.998455219412,1.00760523325,1.00303022633,1,0
0.995749052613,0.996856912986,1.00760523325,1.00223107312,1,0
0.993388521654,0.995749052613,1.00760523325,1.00167714293,1,0
0.997406278954,0.993388521654,1.00760523325,1.00049687745,0,0
0.997453995787,0.993388521654,1.00760523325,1.00049687745,0,0
0.997607519509,0.993388521654,1.00760523325,1.00049687745,0,0
0.998861434882,0.993388521654,1.00680566511,1.00009709338,0,0
0.997863530689,0.993388521654,1.00680566511,1.00009709338,0,0
0.994981434003,0.993388521654,1.00559905164,0.999493786646,0,0
0.995734530099,0.993388521654,1.00505259017,0.999220555914,0,0
0.992638744989,0.993388521654,1.00505259017,0.999220555914,1,0
0.993813408928,0.992638744989,1.00505259017,0.998845667581,0,0
0.992088549163,0.992638744989,1.00505259017,0.998845667581,1,0
0.992088549163,0.992088549163,1.00505259017,0.998570569668,0,0
0.991868636805,0.992088549163,1.00452977966,0.998309164412,1,0
0.992775256623,0.991868636805,1.00452977966,0.998199208233,0,0
0.994005935974,0.991868636805,1.00412356419,0.997996100497,0,0
0.991666151463,0.991868636805,0.998861434882,0.995365035844,1,0
0.992534182887,0.991666151463,0.998861434882,0.995263793173,0,0
0.992781895487,0.991666151463,0.998861434882,0.995263793173,0,0
0.992861561851,0.991666151463,0.998861434882,0.995263793173,0,0
0.993278565474,0.991666151463,0.998861434882,0.995263793173,0,0
0.991434621093,0.991666151463,0.998861434882,0.995263793173,1,0
0.990297300763,0.991434621093,0.998861434882,0.995148027988,1,0
0.991596858324,0.990297300763,0.998861434882,0.994579367823,0,0
0.990726752255,0.990297300763,0.998861434882,0.994579367823,0,0
0.990184025151,0.990297300763,0.998861434882,0.994579367823,1,0
0.995661502599,0.990184025151,0.997863530689,0.99402377792,0,0
0.995661502599,0.990184025151,0.995734530099,0.992959277625,0,0
0.995482668209,0.990184025151,0.995734530099,0.992959277625,0,0
0.992895586027,0.990184025151,0.995661502599,0.992922763875,0,0
0.992678163242,0.990184025151,0.995661502599,0.992922763875,0,0
0.993510095844,0.990184025151,0.995661502599,0.992922763875,0,0
0.992670694521,0.990184025151,0.995661502599,0.992922763875,0,0
0.991907640129,0.990184025151,0.995661502599,0.992922763875,0,0
0.994172737423,0.990184025151,0.995661502599,0.992922763875,0,0
0.993755318871,0.990184025151,0.995661502599,0.992922763875,0,0
0.993265287747,0.990184025151,0.995661502599,0.992922763875,0,0
0.991275703294,0.990184025151,0.995661502599,0.992922763875,0,0
0.992127967416,0.990184025151,0.995661502599,0.992922763875,0,0
0.987764574277,0.990184025151,0.995661502599,0.992922763875,1,0
0.989645032408,0.987764574277,0.995661502599,0.991713038438,0,0
0.995909215199,0.987764574277,0.995661502599,0.991713038438,0,1
0.995909215199,0.987764574277,0.995909215199,0.991836894738,0,0
0.99586813723,0.987764574277,0.995909215199,0.991836894738,0,0
0.994078963474,0.987764574277,0.995909215199,0.991836894738,0,0
0.992867370856,0.987764574277,0.995909215199,0.991836894738,0,0
0.993476486597,0.987764574277,0.995909215199,0.991836894738,0,0
0.98990436302,0.987764574277,0.995909215199,0.991836894738,0,0
0.989998551898,0.987764574277,0.995909215199,0.991836894738,0,0
0.993478146313,0.987764574277,0.995909215199,0.991836894738,0,0
0.992515511083,0.987764574277,0.995909215199,0.991836894738,0,0
0.992712602347,0.987764574277,0.995909215199,0.991836894738,0,0
0.990666172625,0.987764574277,0.995909215199,0.991836894738,0,0
0.990536299854,0.987764574277,0.995909215199,0.991836894738,0,0
0.989044215247,0.987764574277,0.995909215199,0.991836894738,0,0
0.985051353685,0.987764574277,0.995909215199,0.991836894738,1,0
0.990813887341,0.985051353685,0.995909215199,0.990480284442,0,0
0.990813887341,0.985051353685,0.995909215199,0.990480284442,0,0
0.990715549173,0.985051353685,0.995909215199,0.990480284442,0,0
0.992751605671,0.985051353685,0.995909215199,0.990480284442,0,0
0.992409704193,0.985051353685,0.995909215199,0.990480284442,0,0
0.990654139684,0.985051353685,0.995909215199,0.990480284442,0,0
0.992396841395,0.985051353685,0.995909215199,0.990480284442,0,0
0.993937057764,0.985051353685,0.99586813723,0.990459745458,0,0
0.994337879157,0.985051353685,0.994078963474,0.98956515858,0,1
0.992657831722,0.985051353685,0.994337879157,0.989694616421,0,0
0.993217570914,0.985051353685,0.994337879157,0.989694616421,0,0
0.992221326437,0.985051353685,0.994337879157,0.989694616421,0,0
0.98977034096,0.985051353685,0.994337879157,0.989694616421,0,0
0.992637915131,0.985051353685,0.994337879157,0.989694616421,0,0
0.99399141346,0.985051353685,0.994337879157,0.989694616421,0,0
0.987010233393,0.985051353685,0.994337879157,0.989694616421,0,0
0.987010233393,0.985051353685,0.994337879157,0.989694616421,0,0
0.9869587822,0.985051353685,0.994337879157,0.989694616421,0,0
0.987506488452,0.985051353685,0.994337879157,0.989694616421,0,0
0.986070004328,0.985051353685,0.994337879157,0.989694616421,0,0
0.985522713005,0.986070004328,0.994337879157,0.990203941742,1,0
0.986406511729,0.985522713005,0.994337879157,0.989930296081,0,0
0.984308215884,0.985522713005,0.994337879157,0.989930296081,1,0
0.982338548022,0.984308215884,0.994337879157,0.989323047521,1,0
0.98556918505,0.982338548022,0.994337879157,0.98833821359,0,0
0.98283106872,0.982338548022,0.994337879157,0.98833821359,0,0
0.981535660449,0.982338548022,0.994337879157,0.98833821359,1,0
0.979949801892,0.981535660449,0.994337879157,0.987936769803,1,0
0.98236800798,0.979949801892,0.994337879157,0.987143840525,0,0
0.986180790365,0.979949801892,0.99399141346,0.986970607676,0,0
0.976383902249,0.979949801892,0.99399141346,0.986970607676,1,0
0.976383902249,0.976383902249,0.99399141346,0.985187657855,0,0
0.976205897718,0.976383902249,0.99399141346,0.985187657855,1,0
0.978971814289,0.976205897718,0.99399141346,0.985098655589,0,0
0.975460270343,0.976205897718,0.99399141346,0.985098655589,1,0
0.977980963888,0.975460270343,0.987506488452,0.981483379397,0,0
0.978191747809,0.975460270343,0.987506488452,0.981483379397,0,0
0.981887935152,0.975460270343,0.987506488452,0.981483379397,0,0
0.981125295689,0.975460270343,0.987506488452,0.981483379397,0,0
0.979618688567,0.975460270343,0.986406511729,0.980933391036,0,0
0.980457260033,0.975460270343,0.986406511729,0.980933391036,0,0
0.975451141905,0.975460270343,0.986406511729,0.980933391036,1,0
0.975151978112,0.975451141905,0.986180790365,0.980815966135,1,0
0.971227164902,0.975151978112,0.986180790365,0.980666384238,1,0
0.970375730638,0.971227164902,0.986180790365,0.978703977634,1,0
0.972309714608,0.970375730638,0.986180790365,0.978278260502,0,0
0.972309714608,0.970375730638,0.986180790365,0.978278260502,0,0
0.97204084063,0.970375730638,0.986180790365,0.978278260502,0,0
0.970172415439,0.970375730638,0.986180790365,0.978278260502,1,0
0.970039638165,0.970172415439,0.986180790365,0.978176602902,1,0
0.97231303404,0.970039638165,0.981887935152,0.975963786658,0,0
0.971859931595,0.970039638165,0.981887935152,0.975963786658,0,0
0.973485208404,0.970039638165,0.981887935152,0.975963786658,0,0
0.973200152196,0.970039638165,0.981887935152,0.975963786658,0,0
0.97087447527,0.970039638165,0.981887935152,0.975963786658,0,0
0.967977026212,0.970039638165,0.981887935152,0.975963786658,1,0
0.965345131701,0.967977026212,0.981887935152,0.974932480682,1,0
0.967308990557,0.965345131701,0.981887935152,0.973616533426,0,0
0.966979122019,0.965345131701,0.981125295689,0.973235213695,0,0
0.960468886343,0.965345131701,0.980457260033,0.972901195867,1,0
0.941317009474,0.960468886343,0.980457260033,0.970463073188,1,0
0.941317009474,0.941317009474,0.975451141905,0.95838407569,0,0
0.941207468224,0.941317009474,0.975151978112,0.958234493793,1,0
0.943138132762,0.941207468224,0.973485208404,0.957346338314,0,0
0.943670486641,0.941207468224,0.973485208404,0.957346338314,0,0
0.948530134839,0.941207468224,0.973485208404,0.957346338314,0,0
0.944931870736,0.941207468224,0.973485208404,0.957346338314,0,0
0.947006930559,0.941207468224,0.973485208404,0.957346338314,0,0
0.952208895164,0.941207468224,0.973485208404,0.957346338314,0,0
0.950854566978,0.941207468224,0.973485208404,0.957346338314,0,0
0.952279018162,0.941207468224,0.973485208404,0.957346338314,0,0
0.944935605097,0.941207468224,0.973485208404,0.957346338314,0,0
0.945192031206,0.941207468224,0.973485208404,0.957346338314,0,0
0.94686419499,0.941207468224,0.973200152196,0.95720381021,0,0
0.955553222733,0.941207468224,0.97087447527,0.956040971747,0,0
0.968703151925,0.941207468224,0.967977026212,0.954592247218,0,1
0.968703151925,0.941207468224,0.968703151925,0.954955310074,0,0
0.9684736962,0.941207468224,0.968703151925,0.954955310074,0,0
0.96414266752,0.941207468224,0.968703151925,0.954955310074,0,0
0.965442640011,0.941207468224,0.968703151925,0.954955310074,0,0
0.966578300625,0.941207468224,0.968703151925,0.954955310074,0,0
0.971444172758,0.941207468224,0.968703151925,0.954955310074,0,1
0.97031390622,0.941207468224,0.971444172758,0.956325820491,0,0
0.967934288528,0.943138132762,0.971444172758,0.95729115276,0,0
0.963377538484,0.943670486641,0.971444172758,0.9575573297,0,0
0.963014060698,0.944931870736,0.971444172758,0.958188021747,0,0
0.965480813477,0.944931870736,0.971444172758,0.958188021747,0,0
0.963374633981,0.944935605097,0.971444172758,0.958189888928,0,0
0.959375963413,0.944935605097,0.971444172758,0.958189888928,0,0
0.957261070409,0.944935605097,0.971444172758,0.958189888928,0,0
0.967923915303,0.944935605097,0.971444172758,0.958189888928,0,0
0.967923915303,0.944935605097,0.971444172758,0.958189888928,0,0
0.967718525459,0.945192031206,0.971444172758,0.958318101982,0,0
0.964171712549,0.94686419499,0.971444172758,0.959154183874,0,0
0.963978355645,0.955553222733,0.971444172758,0.963498697745,0,0
0.961880474729,0.957261070409,0.971444172758,0.964352621584,0,0
0.963971716781,0.957261070409,0.971444172758,0.964352621584,0,0
0.967913542079,0.957261070409,0.971444172758,0.964352621584,0,0
0.965804043151,0.957261070409,0.971444172758,0.964352621584,0,0
0.964388305476,0.957261070409,0.971444172758,0.964352621584,0,0
0.963322767858,0.957261070409,0.971444172758,0.964352621584,0,0
0.962651412771,0.957261070409,0.971444172758,0.964352621584,0,0
0.962859707118,0.957261070409,0.97031390622,0.963787488315,0,0
0.964766720704,0.957261070409,0.967934288528,0.962597679468,0,0
0.965265050408,0.957261070409,0.967923915303,0.962592492856,0,0
0.956925807794,0.957261070409,0.967923915303,0.962592492856,1,0
0.956925807794,0.956925807794,0.967923915303,0.962424861549,0,0
0.956516687821,0.956925807794,0.967923915303,0.962424861549,1,0
0.957338662128,0.956516687821,0.967923915303,0.962220301562,0,0
0.969400232609,0.956516687821,0.967923915303,0.962220301562,0,1
0.963883336909,0.956516687821,0.969400232609,0.962958460215,0,0
0.960525731613,0.956516687821,0.969400232609,0.962958460215,0,0
0.957488866418,0.956516687821,0.969400232609,0.962958460215,0,0
0.959751889068,0.956516687821,0.969400232609,0.962958460215,0,0
0.962017401292,0.956516687821,0.969400232609,0.962958460215,0,0
0.962642284333,0.956516687821,0.969400232609,0.962958460215,0,0
0.959696703514,0.956516687821,0.969400232609,0.962958460215,0,0
0.957387623747,0.956516687821,0.969400232609,0.962958460215,0,0
0.95849174976,0.956516687821,0.969400232609,0.962958460215,0,0
0.964129804722,0.956516687821,0.969400232609,0.962958460215,0,0
0.960096695049,0.956516687821,0.969400232609,0.962958460215,0,0
0.960096695049,0.956516687821,0.969400232609,0.962958460215,0,0
0.959897529139,0.956516687821,0.969400232609,0.962958460215,0,0
0.946223129718,0.956516687821,0.969400232609,0.962958460215,1,0
0.935299294496,0.946223129718,0.969400232609,0.957811681164,1,0
0.926211105076,0.935299294496,0.969400232609,0.952349763553,1,0
0.92759489322,0.926211105076,0.969400232609,0.947805668843,0,0
0.930980713686,0.926211105076,0.969400232609,0.947805668843,0,0
0.934353671354,0.926211105076,0.969400232609,0.947805668843,0,0
0.931459126799,0.926211105076,0.969400232609,0.947805668843,0,0
0.936905069644,0.926211105076,0.964129804722,0.945170454899,0,0
0.938051933341,0.926211105076,0.964129804722,0.945170454899,0,0
0.932532548066,0.926211105076,0.964129804722,0.945170454899,0,0
0.928973287287,0.926211105076,0.964129804722,0.945170454899,0,0
0.934262386979,0.926211105076,0.964129804722,0.945170454899,0,0
0.949293189231,0.926211105076,0.964129804722,0.945170454899,0,0
0.949293189231,0.926211105076,0.964129804722,0.945170454899,0,0
0.949211448222,0.926211105076,0.964129804722,0.945170454899,0,0
0.935929156686,0.926211105076,0.964129804722,0.945170454899,0,0
0.931204360406,0.926211105076,0.964129804722,0.945170454899,0,0
0.926549687123,0.926211105076,0.960096695049,0.943153900063,0,0
0.930123470416,0.926211105076,0.960096695049,0.943153900063,0,0
0.922334008699,0.926211105076,0.959897529139,0.943054317108,1,0
0.926459647534,0.922334008699,0.949293189231,0.935813598965,0,0
0.920940677189,0.922334008699,0.949293189231,0.935813598965,1,0
0.918221647592,0.920940677189,0.949293189231,0.93511693321,1,0
0.91142552585,0.918221647592,0.949293189231,0.933757418411,1,0
0.901629467592,0.91142552585,0.949293189231,0.930359357541,1,0
0.9046937181,0.901629467592,0.949293189231,0.925461328412,0,0
0.907444697228,0.901629467592,0.949293189231,0.925461328412,0,0
0.904221528922,0.901629467592,0.949293189231,0.925461328412,0,0
0.904221528922,0.901629467592,0.949293189231,0.925461328412,0,0
0.904221528922,0.901629467592,0.949293189231,0.925461328412,0,0
0.904931057476,0.901629467592,0.949293189231,0.925461328412,0,0
0.912246670299,0.901629467592,0.949293189231,0.925461328412,0,0
0.913005160472,0.901629467592,0.949293189231,0.925461328412,0,0
0.914359488658,0.901629467592,0.949293189231,0.925461328412,0,0
0.921482574435,0.901629467592,0.949211448222,0.925420457907,0,0
0.917851530943,0.901629467592,0.935929156686,0.918779312139,0,0
0.917789706525,0.901629467592,0.931204360406,0.916416913999,0,0
0.931323445023,0.901629467592,0.930123470416,0.915876469004,0,1
0.931323445023,0.901629467592,0.931323445023,0.916476456307,0,0
0.93109274451,0.901629467592,0.931323445023,0.916476456307,0,0
0.931633811899,0.901629467592,0.931323445023,0.916476456307,0,1
0.939288421697,0.901629467592,0.931633811899,0.916631639745,0,1
0.939855214682,0.901629467592,0.939288421697,0.920458944645,0,1
0.941868035158,0.901629467592,0.939855214682,0.920742341137,0,1
0.943261781597,0.901629467592,0.941868035158,0.921748751375,0,1
0.942190849903,0.904221528922,0.943261781597,0.92374165526,0,0
0.942458479094,0.904221528922,0.943261781597,0.92374165526,0,0
0.948372876757,0.904221528922,0.943261781597,0.92374165526,0,1
0.954658635855,0.904221528922,0.948372876757,0.926297202839,0,1
0.955211321254,0.904221528922,0.954658635855,0.929440082388,0,1
0.96049876123,0.904931057476,0.955211321254,0.930071189365,0,1
0.953300158378,0.912246670299,0.96049876123,0.936372715764,0,0
0.948511048106,0.913005160472,0.96049876123,0.936751960851,0,0
0.948511048106,0.914359488658,0.96049876123,0.937429124944,0,0
0.948533454271,0.917789706525,0.96049876123,0.939144233877,0,0
0.950123047189,0.917789706525,0.96049876123,0.939144233877,0,0
0.951107673655,0.917789706525,0.96049876123,0.939144233877,0,0
0.948901496275,0.93109274451,0.96049876123,0.94579575287,0,0
0.947477045092,0.93109274451,0.96049876123,0.94579575287,0,0
0.950998132405,0.93109274451,0.96049876123,0.94579575287,0,0
0.953227960736,0.931633811899,0.96049876123,0.946066286564,0,0
0.957034934116,0.939288421697,0.96049876123,0.949893591463,0,0
0.952113876428,0.939855214682,0.96049876123,0.950176987956,0,0
0.957680148677,0.941868035158,0.96049876123,0.951183398194,0,0
0.962292084275,0.942190849903,0.96049876123,0.951344805566,0,1
0.961471354756,0.942190849903,0.962292084275,0.952241467089,0,0
0.962395401591,0.942458479094,0.962292084275,0.952375281685,0,1
0.967766242291,0.947477045092,0.962395401591,0.954936223341,0,1
0.967766242291,0.947477045092,0.967766242291,0.957621643691,0,0
0.967726824038,0.947477045092,0.967766242291,0.957621643691,0,0
0.965755081531,0.947477045092,0.967766242291,0.957621643691,0,0
0.972119677135,0.947477045092,0.967766242291,0.957621643691,0,1
0.987440514744,0.947477045092,0.972119677135,0.959798361114,0,1
0.996889692376,0.947477045092,0.987440514744,0.967458779918,0,1
0.990562855309,0.947477045092,0.996889692376,0.972183368734,0,0
0.992870690288,0.947477045092,0.996889692376,0.972183368734,0,0
0.994760276857,0.947477045092,0.996889692376,0.972183368734,0,0
0.992005563368,0.947477045092,0.996889692376,0.972183368734,0,0
0.989820962295,0.947477045092,0.996889692376,0.972183368734,0,0
0.991730880384,0.950998132405,0.996889692376,0.97394391239,0,0
0.990449164769,0.952113876428,0.996889692376,0.974501784402,0,0
0.987877849888,0.952113876428,0.996889692376,0.974501784402,0,0
0.982370912483,0.952113876428,0.996889692376,0.974501784402,0,0
0.982370912483,0.957680148677,0.996889692376,0.977284920527,0,0
0.982405766517,0.961471354756,0.996889692376,0.979180523566,0,0
0.978876795553,0.961471354756,0.996889692376,0.979180523566,0,0
0.977860634484,0.962395401591,0.996889692376,0.979642546983,0,0
0.986184524726,0.965755081531,0.996889692376,0.981322386954,0,0
0.985820217083,0.965755081531,0.996889692376,0.981322386954,0,0
0.988830941752,0.965755081531,0.996889692376,0.981322386954,0,0
0.991536693622,0.965755081531,0.996889692376,0.981322386954,0,0
0.990327590578,0.972119677135,0.996889692376,0.984504684756,0,0
0.988076600869,0.977860634484,0.996889692376,0.98737516343,0,0
0.986336388732,0.977860634484,0.996889692376,0.98737516343,0,0
0.987140936022,0.977860634484,0.994760276857,0.986310455671,0,0
0.991287321306,0.977860634484,0.994760276857,0.986310455671,0,0
0.991930876152,0.977860634484,0.994760276857,0.986310455671,0,0
0.978941109545,0.977860634484,0.992005563368,0.984933098926,0,0
0.978941109545,0.977860634484,0.991930876152,0.984895755318,0,0
0.97899588017,0.977860634484,0.991930876152,0.984895755318,0,0
0.97802079707,0.977860634484,0.991930876152,0.984895755318,0,0
0.982418629315,0.977860634484,0.991930876152,0.984895755318,0,0
0.983317780412,0.977860634484,0.991930876152,0.984895755318,0,0
0.984562567348,0.977860634484,0.991930876152,0.984895755318,0,0
0.988650862575,0.977860634484,0.991930876152,0.984895755318,0,0
0.988817249096,0.977860634484,0.991930876152,0.984895755318,0,0
0.996504223355,0.977860634484,0.991930876152,0.984895755318,0,1
0.998621605933,0.97802079707,0.996504223355,0.987262510212,0,1
0.996753180742,0.97802079707,0.998621605933,0.988321201502,0,0
0.994739115479,0.97802079707,0.998621605933,0.988321201502,0,0
0.992651192859,0.97802079707,0.998621605933,0.988321201502,0,0
0.991974858623,0.97802079707,0.998621605933,0.988321201502,0,0
1.0,0.97802079707,0.998621605933,0.988321201502,0,1
