Date,Close,Net,PerctChg,Open,Low,High,Volume,O-C,H-L,PercentCVol
2019-03-14 16:30,25709.94,-2.97,-0.0001,25711.53,25709.53,25712.21,62981485,-1.59,2.68,0.3159
2019-03-14 16:00,25712.91,-0.73,0,25713.61,25701.14,25733.46,47862490,-0.7,32.32,1.6736
2019-03-14 15:30,25713.64,14.83,0.0006,25698.36,25694.95,25724.15,17901610,15.28,29.2,0.2317
2019-03-14 15:00,25698.81,-3.26,-0.0001,25701.85,25673.7,25706.05,14533927,-3.04,32.35,0.1613
2019-03-14 14:30,25702.07,8.76,0.0003,25693.25,25682.25,25706.61,12514884,8.82,24.36,0.1576
2019-03-14 14:00,25693.31,-20.27,-0.0008,25713.76,25683.57,25720.67,10811151,-20.45,37.1,0.0976
2019-03-14 13:30,25713.58,-1.24,0,25715.1,25695.96,25717.07,9849658,-1.52,21.11,-0.0822
2019-03-14 13:00,25714.82,-6.97,-0.0003,25721.91,25709.9,25730.47,10732353,-7.09,20.57,-0.2278
2019-03-14 12:30,25721.79,-9.64,-0.0004,25732.09,25709.81,25749.89,13899288,-10.3,40.08,-0.1212
2019-03-14 12:00,25731.43,30.59,0.0012,25700.7,25690.42,25752.84,15816051,30.73,62.42,-0.0015
2019-03-14 11:30,25700.84,7.15,0.0003,25694.65,25674.24,25724.98,15839878,6.19,50.74,-0.1802
2019-03-14 11:00,25693.69,34.13,0.0013,25659.52,25651.55,25696.2,19322735,34.17,44.65,0.0197
2019-03-14 10:30,25659.56,-38.49,-0.0015,25696.05,25621.31,25696.6,18948880,-36.49,75.29,-0.386
2019-03-14 10:00,25698.05,-4.84,-0.0002,25692.31,25686.8,25732.35,30862331,5.74,45.55,116.2924
2019-03-13 17:00,25702.89,0,0,25702.89,25702.89,25702.89,263123,0,0,-0.9955
2019-03-13 16:30,25702.89,-0.68,0,25704.65,25702.89,25704.65,58235026,-1.76,1.76,0.2829
2019-03-13 16:00,25703.57,38.07,0.0015,25662.03,25652.2,25716.28,45393681,41.54,64.08,1.0155
2019-03-13 15:30,25665.5,13.42,0.0005,25651.98,25629.88,25679.7,22521924,13.52,49.82,-0.1527
2019-03-13 15:00,25652.08,-63.5,-0.0025,25714.83,25571.31,25714.83,26579571,-62.75,143.52,0.6243
2019-03-13 14:30,25715.58,-20.09,-0.0008,25736.17,25705.22,25776.49,16364024,-20.59,71.27,0.2583
2019-03-13 14:00,25735.67,-0.33,0,25736.49,25707.27,25740.35,13004625,-0.82,33.08,0.0893
2019-03-13 13:30,25736,7.71,0.0003,25728.39,25724.41,25742.96,11938191,7.61,18.55,0.0058
2019-03-13 13:00,25728.29,19.79,0.0008,25708.56,25691.09,25732.92,11869314,19.73,41.83,-0.2425
2019-03-13 12:30,25708.5,-17.09,-0.0007,25725.3,25698.25,25744.52,15669213,-16.8,46.27,-0.0949
2019-03-13 12:00,25725.59,-26.45,-0.001,25752.07,25707.76,25763.13,17311908,-26.48,55.37,-0.1184
2019-03-13 11:30,25752.04,63.02,0.0025,25682.68,25680.53,25758.87,19636618,69.36,78.34,-0.0695
2019-03-13 11:00,25689.02,21.98,0.0009,25665.33,25663.35,25700.09,21103260,23.69,36.74,0.0298
2019-03-13 10:30,25667.04,-18.6,-0.0007,25686.43,25663.46,25701.39,20492470,-19.39,37.93,-0.3395
2019-03-13 10:00,25685.64,130.98,0.0051,25637.23,25633.96,25686.76,31027106,48.41,52.8,4.9476
2019-03-12 19:00,25554.66,0,0,25554.66,25554.66,25554.66,5216753,0,0,-0.8883
2019-03-12 16:30,25554.66,-4.59,-0.0002,25564.77,25554.66,25564.77,46689147,-10.11,10.11,0.1307
2019-03-12 16:00,25559.25,-2.17,-0.0001,25561.45,25530.45,25591.55,41290748,-2.2,61.1,1.267
2019-03-12 15:30,25561.42,-29.45,-0.0012,25590.75,25523.37,25595.9,18213917,-29.33,72.53,0.3177
2019-03-12 15:00,25590.87,7.29,0.0003,25586.59,25574.6,25617.73,13822166,4.28,43.13,-0.1139
2019-03-12 14:30,25583.58,6.9,0.0003,25576.78,25575.99,25618.99,15598471,6.8,43,0.3084
2019-03-12 14:00,25576.68,18.19,0.0007,25558.84,25538.55,25586.5,11921626,17.84,47.95,-0.1013
2019-03-12 13:30,25558.49,-0.51,0,25558.55,25530.94,25576.02,13265514,-0.06,45.08,-0.1072
2019-03-12 13:00,25559,-20.6,-0.0008,25579.7,25522.17,25583.03,14857912,-20.7,60.86,0.0003
2019-03-12 12:30,25579.6,-26.65,-0.001,25605.29,25556.69,25607.7,14854123,-25.69,51.01,-0.1445
2019-03-12 12:00,25606.25,51.21,0.002,25554.94,25543.61,25607.08,17362584,51.31,63.47,-0.2631
2019-03-12 11:30,25555.04,-59.67,-0.0023,25616.17,25542.07,25616.17,23561530,-61.13,74.1,0.0588
2019-03-12 11:00,25614.71,-26.63,-0.001,25643.24,25608.84,25675.44,22253045,-28.53,66.6,-0.0938
2019-03-12 10:30,25641.34,32.48,0.0013,25608.39,25571.71,25641.71,24557435,32.95,70,-0.2834
2019-03-12 10:00,25608.86,-42.02,-0.0016,25600.3,25585.31,25654.21,34269121,8.56,68.9,7.3748
2019-03-11 17:00,25650.88,0,0,25650.88,25650.88,25650.88,4091932,0,0,-0.9082
2019-03-11 16:30,25650.88,-3.7,-0.0001,25649.12,25649.12,25651.42,44582778,1.76,2.3,-0.0014
2019-03-11 16:00,25654.58,35.94,0.0014,25619.01,25615.45,25661.63,44645417,35.57,46.18,1.4847
2019-03-11 15:30,25618.64,1.5,0.0001,25614.21,25594.37,25644.12,17968080,4.43,49.75,0.2273
2019-03-11 15:00,25617.14,-6.28,-0.0002,25623.38,25597.44,25643.37,14640815,-6.24,45.93,0.0617
2019-03-11 14:30,25623.42,12.29,0.0005,25611,25595.03,25644.25,13790193,12.42,49.22,0.1636
2019-03-11 14:00,25611.13,10.59,0.0004,25600.72,25587.85,25614.43,11850962,10.41,26.58,-0.0204
2019-03-11 13:30,25600.54,71.34,0.0028,25529.3,25528.42,25603.49,12097908,71.24,75.07,-0.0453
2019-03-11 13:00,25529.2,0.78,0,25527.13,25515.7,25555.1,12671652,2.07,39.4,-0.1913
2019-03-11 12:30,25528.42,-24.19,-0.0009,25552.03,25514.66,25565.94,15670058,-23.61,51.28,-0.057
2019-03-11 12:00,25552.61,5.45,0.0002,25547.74,25507.38,25565.27,16617407,4.87,57.89,-0.1276
2019-03-11 11:30,25547.16,19.46,0.0008,25526.36,25500.75,25573.01,19046967,20.8,72.26,-0.0335
2019-03-11 11:00,25527.7,92.29,0.0036,25435.94,25414.78,25533.23,19707079,91.76,118.45,-0.064
2019-03-11 10:30,25435.41,42.88,0.0017,25392.3,25382.92,25457.86,21055223,43.11,74.94,-0.4909
2019-03-11 10:00,25392.53,-57.71,-0.0023,25208,25208,25394.36,41355834,184.53,186.36,50.4819
2019-03-08 17:00,25450.24,0,0,25450.24,25450.24,25450.24,803309,0,0,-0.9782
2019-03-08 16:30,25450.24,0.14,0,25449.03,25448.02,25450.31,36836367,1.21,2.29,-0.0618
2019-03-08 16:00,25450.1,101.64,0.004,25348.23,25341.72,25466.14,39264011,101.87,124.42,1.687
2019-03-08 15:30,25348.46,-23.88,-0.0009,25372.37,25344.99,25403.39,14612394,-23.91,58.4,0.083
2019-03-08 15:00,25372.34,28.83,0.0011,25343.41,25343.41,25411.62,13492270,28.93,68.21,0.3357
2019-03-08 14:30,25343.51,12.3,0.0005,25331.18,25305.07,25350.53,10101521,12.33,45.46,0.047
2019-03-08 14:00,25331.21,24.12,0.001,25306.84,25293.77,25340.19,9647953,24.37,46.42,-0.065
2019-03-08 13:30,25307.09,22.34,0.0009,25284.57,25281.34,25314.51,10318231,22.52,33.17,-0.0548
2019-03-08 13:00,25284.75,-55.26,-0.0022,25339.3,25278.97,25346.51,10916269,-54.55,67.54,-0.1056
2019-03-08 12:30,25340.01,-1.18,0,25341.07,25307.42,25348,12205610,-1.06,40.58,-0.1909
2019-03-08 12:00,25341.19,-35.34,-0.0014,25377.45,25341.19,25392.76,15085066,-36.26,51.57,-0.0923
2019-03-08 11:30,25376.53,32.32,0.0013,25344.13,25320.88,25393.07,16619389,32.4,72.19,-0.1597
2019-03-08 11:00,25344.21,18.26,0.0007,25325.71,25305.07,25412.76,19777263,18.5,107.69,-0.1492
2019-03-08 10:30,25325.95,24.88,0.001,25301.31,25274.38,25338.43,23244235,24.64,64.05,-0.3813
2019-03-08 10:00,25301.07,-172.16,-0.0068,25347.38,25252.46,25347.38,37572173,-46.31,94.92,4.1715
2019-03-07 17:30,25473.23,0,0,25473.23,25473.23,25473.23,7265222,0,0,-0.8522
2019-03-07 16:30,25473.23,5.16,0.0002,25470.62,25470.62,25473.23,49147477,2.61,2.61,0.1788
2019-03-07 16:00,25468.07,52.47,0.0021,25415.58,25414.38,25485.41,41693424,52.49,71.03,1.2128
2019-03-07 15:30,25415.6,-2.28,-0.0001,25418.15,25390.8,25456.63,18841692,-2.55,65.83,0.2705
2019-03-07 15:00,25417.88,-58.77,-0.0023,25476.83,25410.01,25486.12,14830123,-58.95,76.11,0.234
2019-03-07 14:30,25476.65,-39.69,-0.0016,25516.44,25452.37,25530.95,12017950,-39.79,78.58,0.1391
2019-03-07 14:00,25516.34,-15.43,-0.0006,25531.78,25497.91,25556.21,10550585,-15.44,58.3,0.0758
2019-03-07 13:30,25531.77,-12.75,-0.0005,25544.17,25518.4,25547.56,9807238,-12.4,29.16,-0.2635
2019-03-07 13:00,25544.52,67.17,0.0026,25477.62,25433.11,25553.59,13315440,66.9,120.48,0.17
2019-03-07 12:30,25477.35,13.31,0.0005,25463.53,25439.73,25486.68,11380976,13.82,46.95,-0.1306
2019-03-07 12:00,25464.04,28.73,0.0011,25436.49,25436.49,25492.49,13090258,27.55,56,-0.0466
2019-03-07 11:30,25435.31,-1.53,-0.0001,25436.28,25390.81,25444.3,13729675,-0.97,53.49,-0.2768
2019-03-07 11:00,25436.84,24.01,0.0009,25413.54,25376.94,25454.38,18983892,23.3,77.44,-0.1896
2019-03-07 10:30,25412.83,-46.01,-0.0018,25458.33,25352.55,25458.33,23424132,-45.5,105.78,-0.246
2019-03-07 10:00,25458.84,-214.62,-0.0084,25645.45,25418.75,25645.45,31066049,-186.61,226.7,6.1992
2019-03-06 18:00,25673.46,0,0,25673.46,25673.46,25673.46,4315196,0,0,-0.8938
2019-03-06 16:30,25673.46,-2.35,-0.0001,25675.63,25673.46,25675.69,40643994,-2.17,2.23,0.0886
2019-03-06 16:00,25675.81,2.78,0.0001,25673.33,25670.65,25715.16,37335725,2.48,44.51,1.5625
2019-03-06 15:30,25673.03,-19.51,-0.0008,25692.44,25648.43,25708.05,14570317,-19.41,59.62,0.2311
2019-03-06 15:00,25692.54,-9.67,-0.0004,25702.29,25674.88,25710.99,11835114,-9.75,36.11,0.1592
2019-03-06 14:30,25702.21,-5.35,-0.0002,25707.28,25693.24,25721.98,10209829,-5.07,28.74,-0.1032
2019-03-06 14:00,25707.56,59.22,0.0023,25648.31,25648.31,25709.71,11384838,59.25,61.4,0.1671
2019-03-06 13:30,25648.34,-1.09,0,25649.54,25633.71,25667.57,9755125,-1.2,33.86,-0.1017
2019-03-06 13:00,25649.43,-16.19,-0.0006,25666.74,25647.01,25699.94,10858942,-17.31,52.93,-0.016
2019-03-06 12:30,25665.62,-4.43,-0.0002,25670.17,25659.24,25717.98,11035064,-4.55,58.74,-0.1616
2019-03-06 12:00,25670.05,-48.66,-0.0019,25718.82,25646.96,25734.22,13161725,-48.77,87.26,-0.0209
2019-03-06 11:30,25718.71,-14.11,-0.0005,25732.76,25708.17,25766.72,13443169,-14.05,58.55,-0.0651
2019-03-06 11:00,25732.82,-13.94,-0.0005,25746.48,25706.7,25757.37,14379169,-13.66,50.67,-0.3087
2019-03-06 10:30,25746.76,-42.43,-0.0016,25790.57,25746.76,25812.91,20800494,-43.81,66.15,-0.3604
2019-03-06 10:00,25789.19,-17.44,-0.0007,25818.76,25773.77,25837.61,32521194,-29.57,63.84,32.2676
2019-03-05 17:30,25806.63,0,0,25806.63,25806.63,25806.63,977564,0,0,-0.9798
2019-03-05 16:30,25806.63,-1.79,-0.0001,25808.19,25806.56,25808.53,48467453,-1.56,1.97,0.296
2019-03-05 16:00,25808.42,-26.18,-0.001,25834.57,25804.97,25877.15,37397291,-26.15,72.18,1.6078
2019-03-05 15:30,25834.6,-23.01,-0.0009,25857.85,25827.56,25858.19,14340579,-23.25,30.63,0.2412
2019-03-05 15:00,25857.61,12.56,0.0005,25844.73,25829.38,25860.93,11553379,12.88,31.55,0.1963
2019-03-05 14:30,25845.05,29.08,0.0011,25815.56,25812.73,25850.19,9657214,29.49,37.46,0.0314
2019-03-05 14:00,25815.97,15.95,0.0006,25800.07,25790.57,25822.88,9363381,15.9,32.31,-0.0471
2019-03-05 13:30,25800.02,-35.08,-0.0014,25835.1,25798.85,25863.89,9826207,-35.08,65.04,-0.0021
2019-03-05 13:00,25835.1,19.63,0.0008,25815.74,25810.92,25835.28,9847091,19.36,24.36,-0.1024
2019-03-05 12:30,25815.47,-5.74,-0.0002,25821.48,25799.26,25832.59,10970013,-6.01,33.33,-0.1896
2019-03-05 12:00,25821.21,-3.44,-0.0001,25824.96,25808.75,25871.31,13536817,-3.75,62.56,-0.0465
2019-03-05 11:30,25824.65,59.59,0.0023,25765.06,25753.51,25833.26,14197453,59.59,79.75,-0.019
2019-03-05 11:00,25765.06,9.74,0.0004,25755.49,25747.4,25802.1,14472235,9.57,54.7,-0.2243
2019-03-05 10:30,25755.32,-0.14,0,25756.47,25741.95,25843.42,18656809,-1.15,101.47,-0.3567
2019-03-05 10:00,25755.46,-64.19,-0.0025,25829.07,25725.63,25829.75,28999571,-73.61,104.12,8.5164
2019-03-04 17:30,25819.65,0,0,25819.65,25819.65,25819.65,3047322,0,0,-0.9327
2019-03-04 16:30,25819.65,-6.06,-0.0002,25824.12,25819.65,25824.12,45288456,-4.47,4.47,0.1086
2019-03-04 16:00,25825.71,48.77,0.0019,25776.83,25764.58,25825.71,40850259,48.88,61.13,1.8552
2019-03-04 15:30,25776.94,2.55,0.0001,25774.49,25745.09,25795.16,14307438,2.45,50.07,0.0536
2019-03-04 15:00,25774.39,-31.19,-0.0012,25805.55,25771.12,25815.99,13579012,-31.16,44.87,0.0462
2019-03-04 14:30,25805.58,60.74,0.0024,25744.64,25729.15,25808.24,12979706,60.94,79.09,0.0816
2019-03-04 14:00,25744.84,46.45,0.0018,25696.66,25684.17,25750.77,12000966,48.18,66.6,-0.1218
2019-03-04 13:30,25698.39,42.33,0.0017,25658.36,25611.55,25701.47,13666083,40.03,89.92,-0.0441
2019-03-04 13:00,25656.06,-44.48,-0.0017,25699.92,25626.42,25724.4,14296338,-43.86,97.98,-0.2228
2019-03-04 12:30,25700.54,-28.66,-0.0011,25729.89,25640.85,25771.04,18394882,-29.35,130.19,-0.1231
2019-03-04 12:00,25729.2,-177.06,-0.0068,25906.44,25695.95,25912.02,20977910,-177.24,216.07,0.1584
2019-03-04 11:30,25906.26,-92.46,-0.0036,25998.86,25901.96,26007.39,18109705,-92.6,105.43,0.032
2019-03-04 11:00,25998.72,-82.75,-0.0032,26082.36,25993.44,26094.39,17548990,-83.64,100.95,-0.117
2019-03-04 10:30,26081.47,-12.03,-0.0005,26092.91,26033.59,26103.45,19875264,-11.44,69.86,-0.3501
2019-03-04 10:00,26093.5,67.18,0.0026,26122.19,26056.35,26155.98,30583512,-28.69,99.63,30.3139
2019-03-01 17:00,26026.32,0,0,26026.32,26026.32,26026.32,976674,0,0,-0.9803
2019-03-01 16:30,26026.32,-1.01,0,26031.2,26026.32,26031.2,49531748,-4.88,4.88,0.1004
2019-03-01 16:00,26027.33,2.01,0.0001,26025.3,26014.19,26072.43,45012302,2.03,58.24,2.1025
2019-03-01 15:30,26025.32,0.27,0,26025.11,26009.87,26029.85,14508317,0.21,19.98,0.0123
2019-03-01 15:00,26025.05,-19.9,-0.0008,26044.88,26018.86,26045.57,14332041,-19.83,26.71,-0.0888
2019-03-01 14:30,26044.95,57.69,0.0022,25987.63,25983.84,26045.76,15727912,57.32,61.92,0.4812
2019-03-01 14:00,25987.26,1.39,0.0001,25985.39,25984.83,26003.52,10618543,1.87,18.69,-0.0353
2019-03-01 13:30,25985.87,-1.66,-0.0001,25987.38,25982.95,26001.38,11007533,-1.51,18.43,-0.2095
2019-03-01 13:00,25987.53,7.93,0.0003,25979.56,25960.07,25989.72,13924674,7.97,29.65,0.1043
2019-03-01 12:30,25979.6,41.12,0.0016,25939.25,25935.35,25984.14,12609802,40.35,48.79,-0.2129
2019-03-01 12:00,25938.48,-36.05,-0.0014,25974.63,25914.37,25980.35,16020886,-36.15,65.98,0.0734
2019-03-01 11:30,25974.53,-32.8,-0.0013,26007.21,25950.78,26011.95,14925943,-32.68,61.17,-0.058
2019-03-01 11:00,26007.33,-4.98,-0.0002,26012.51,25977.83,26015.14,15845297,-5.18,37.31,-0.2477
2019-03-01 10:30,26012.31,-112.14,-0.0043,26124.83,25991.28,26124.83,21061169,-112.52,133.55,-0.3766
2019-03-01 10:00,26124.45,208.45,0.008,26019.67,26019.67,26143.92,33784914,104.78,124.25,237.9602
2019-02-28 17:00,25916,0,0,25916,25916,25916,141383,0,0,-0.9986
2019-02-28 16:30,25916,2.65,0.0001,25916.27,25914.57,25916.27,100079424,-0.27,1.7,0.8249
2019-02-28 16:00,25913.35,-31.92,-0.0012,25945.1,25896.56,25962.22,54841693,-31.75,65.66,2.3682
2019-02-28 15:30,25945.27,14.85,0.0006,25930.36,25923.29,25952.61,16282402,14.91,29.32,0.2743
2019-02-28 15:00,25930.42,-38.43,-0.0015,25969.13,25916.3,25969.13,12777616,-38.71,52.83,0.1501
2019-02-28 14:30,25968.85,4.72,0.0002,25963.71,25935.87,25973.02,11110243,5.14,37.15,0.0383
2019-02-28 14:00,25964.13,12.24,0.0005,25952.22,25946.16,25972.8,10700903,11.91,26.64,0.033
2019-02-28 13:30,25951.89,-33.93,-0.0013,25985.69,25942.56,25987.25,10358984,-33.8,44.69,-0.1042
2019-02-28 13:00,25985.82,6.84,0.0003,25979.21,25953.05,25985.82,11563335,6.61,32.77,-0.2204
2019-02-28 12:30,25978.98,20.56,0.0008,25958.6,25949.21,25987.18,14832699,20.38,37.97,0.0048
2019-02-28 12:00,25958.42,8.35,0.0003,25949.79,25945.72,25982.86,14761554,8.63,37.14,-0.0119
2019-02-28 11:30,25950.07,8.27,0.0003,25941.6,25917.52,25973.82,14939201,8.47,56.3,-0.2125
2019-02-28 11:00,25941.8,-19.05,-0.0007,25960.25,25918.47,25996.09,18971442,-18.45,77.62,-0.0458
2019-02-28 10:30,25960.85,-52.91,-0.002,26013.41,25927.47,26013.41,19881557,-52.56,85.94,-0.2712
2019-02-28 10:00,26013.76,28.6,0.0011,25984.28,25959.31,26029.21,27278890,29.48,69.9,44.4309
2019-02-27 17:00,25985.16,0,0,25985.16,25985.16,25985.16,600448,0,0,-0.9838
2019-02-27 16:30,25985.16,-2.23,-0.0001,25986.04,25985.16,25986.04,37126473,-0.88,0.88,-0.0042
2019-02-27 16:00,25987.39,4.8,0.0002,25982.77,25965.05,26005.57,37283255,4.62,40.52,1.6742
2019-02-27 15:30,25982.59,-21.16,-0.0008,26003.62,25981.84,26020.99,13941679,-21.03,39.15,0.0919
2019-02-27 15:00,26003.75,3.73,0.0001,25999.98,25991.87,26030.11,12767893,3.77,38.24,0.0673
2019-02-27 14:30,26000.02,-4.41,-0.0002,26004.33,25991.69,26022.1,11963238,-4.31,30.41,0.0678
2019-02-27 14:00,26004.43,-15.97,-0.0006,26020.29,25988.53,26023.1,11203426,-15.86,34.57,0.1282
2019-02-27 13:30,26020.4,39.11,0.0015,25981.48,25980.11,26039.68,9930334,38.92,59.57,0.0292
2019-02-27 13:00,25981.29,8.16,0.0003,25972.98,25972.98,25993.91,9648427,8.31,20.93,-0.1101
2019-02-27 12:30,25973.13,11.35,0.0004,25961.76,25958.79,25983.16,10842731,11.37,24.37,-0.1034
2019-02-27 12:00,25961.78,19.54,0.0008,25941.75,25932.5,25968.76,12092738,20.03,36.26,-0.2734
2019-02-27 11:30,25942.24,30.96,0.0012,25911.28,25899.33,25949.38,16642879,30.96,50.05,-0.2515
2019-02-27 11:00,25911.28,7.93,0.0003,25902.91,25893.5,25939.72,22234175,8.37,46.22,-0.0397
2019-02-27 10:30,25903.35,-97.03,-0.0037,25999.92,25877.24,26005.26,23152630,-96.57,128.02,-0.1076
2019-02-27 10:00,26000.38,-57.6,-0.0022,25995.6,25978.78,26036.53,25945463,4.78,57.75,29.7926
2019-02-26 17:00,26057.98,0,0,26057.98,26057.98,26057.98,842588,0,0,-0.9798
2019-02-26 16:30,26057.98,1.61,0.0001,26059.14,26057.1,26059.14,41654605,-1.16,2.04,0.1531
2019-02-26 16:00,26056.37,-65.33,-0.0025,26121.6,26054.34,26141.76,36124514,-65.23,87.42,1.2115
2019-02-26 15:30,26121.7,-10.49,-0.0004,26132.05,26121.5,26155.29,16334889,-10.35,33.79,0.2979
2019-02-26 15:00,26132.19,46.89,0.0018,26085.24,26085.24,26139.35,12585496,46.95,54.11,0.2209
2019-02-26 14:30,26085.3,1.81,0.0001,26083.99,26073.71,26107.32,10308300,1.31,33.61,0.0164
2019-02-26 14:00,26083.49,-3.32,-0.0001,26085.91,26065.83,26087.22,10142070,-2.42,21.39,0.0773
2019-02-26 13:30,26086.81,16.71,0.0006,26069.97,26067.32,26102.54,9414630,16.84,35.22,-0.1269
2019-02-26 13:00,26070.1,-17.86,-0.0007,26088.11,26054.62,26093.41,10782658,-18.01,38.79,0.1282
2019-02-26 12:30,26087.96,9.38,0.0004,26078.77,26067.1,26108.92,9557204,9.19,41.82,-0.2223
2019-02-26 12:00,26078.58,-13.09,-0.0005,26092.57,26063.2,26121.19,12289133,-13.99,57.99,-0.2207
2019-02-26 11:30,26091.67,112.95,0.0043,25978.9,25973.24,26110.31,15768956,112.77,137.07,-0.0044
2019-02-26 11:00,25978.72,-67.65,-0.0026,26046.47,25978.72,26070.48,15838876,-67.75,91.76,-0.2449
2019-02-26 10:30,26046.37,37.89,0.0015,26008.48,26007.66,26081.82,20974876,37.89,74.16,-0.4046
2019-02-26 10:00,26008.48,-83.47,-0.0032,26051.61,25966.01,26051.61,35226967,-43.13,85.6,24.3234
2019-02-25 17:00,26091.95,0,0,26091.95,26091.95,26091.95,1391081,0,0,-0.9699
2019-02-25 16:30,26091.95,6.51,0.0003,26094.33,26091.95,26095.82,46177347,-2.38,3.87,0.095
2019-02-25 16:00,26085.44,-17.96,-0.0007,26103.33,26080.66,26144.16,42170712,-17.89,63.5,1.4542
2019-02-25 15:30,26103.4,-37.89,-0.0014,26141.18,26101.41,26148.52,17182783,-37.78,47.11,0.3099
2019-02-25 15:00,26141.29,-13.25,-0.0005,26154.52,26140.03,26162.56,13117607,-13.23,22.53,0.1983
2019-02-25 14:30,26154.54,-2.39,-0.0001,26157.07,26153.25,26178.8,10946580,-2.53,25.55,-0.1601
2019-02-25 14:00,26156.93,9,0.0003,26147.46,26125.66,26160.31,13033802,9.47,34.65,0.1615
2019-02-25 13:30,26147.93,-18.78,-0.0007,26167.35,26144.54,26180.59,11221980,-19.42,36.05,-0.1877
2019-02-25 13:00,26166.71,-22.53,-0.0009,26189.11,26154.24,26196.6,13815207,-22.4,42.36,0.0036
2019-02-25 12:30,26189.24,-24.34,-0.0009,26213.54,26182.04,26218.13,13765248,-24.3,36.09,0.0487
2019-02-25 12:00,26213.58,12.43,0.0005,26201.47,26192.27,26229.12,13125760,12.11,36.85,-0.0524
2019-02-25 11:30,26201.15,-36.99,-0.0014,26237.85,26195.54,26240.65,13851312,-36.7,45.11,-0.1807
2019-02-25 11:00,26238.14,71.27,0.0027,26166.93,26159.04,26241.42,16906216,71.21,82.38,-0.1365
2019-02-25 10:30,26166.87,-27.3,-0.001,26194.31,26156.38,26215.37,19578227,-27.44,58.99,-0.4457
2019-02-25 10:00,26194.17,162.36,0.0062,26126.15,26122.99,26232.28,35319122,68.02,109.29,23.2546
2019-02-22 17:00,26031.81,0,0,26031.81,26031.81,26031.81,1456180,0,0,-0.9659
2019-02-22 16:30,26031.81,1.87,0.0001,26030.83,26030.83,26032.32,42647356,0.98,1.49,0.07
2019-02-22 16:00,26029.94,31.8,0.0012,25998.21,25971.8,26036.1,39857484,31.73,64.3,1.8151
2019-02-22 15:30,25998.14,65.28,0.0025,25933.06,25926.18,26004.18,14158405,65.08,78,-0.144
2019-02-22 15:00,25932.86,-56.76,-0.0022,25989.76,25915.42,25997.74,16539476,-56.9,82.32,0.297
2019-02-22 14:30,25989.62,-15.6,-0.0006,26005.15,25987.5,26027.57,12752002,-15.53,40.07,0.1046
2019-02-22 14:00,26005.22,3.55,0.0001,26001.64,25992.73,26014.11,11544398,3.58,21.38,0.1803
2019-02-22 13:30,26001.67,-13.34,-0.0005,26014.94,25980.4,26017.54,9780730,-13.27,37.14,-0.1089
2019-02-22 13:00,26015.01,-8.03,-0.0003,26023.02,25999.28,26025.86,10976416,-8.01,26.58,-0.0585
2019-02-22 12:30,26023.04,-13.49,-0.0005,26034.82,26020.75,26052.9,11657945,-11.78,32.15,-0.1921
2019-02-22 12:00,26036.53,-3.1,-0.0001,26039.82,26012.31,26047.07,14430802,-3.29,34.76,-0.125
2019-02-22 11:30,26039.63,38.91,0.0015,26000.86,25988.63,26045.56,16493045,38.77,56.93,-0.1982
2019-02-22 11:00,26000.72,32.73,0.0013,25967.89,25954.95,26006.47,20568751,32.83,51.52,-0.1899
2019-02-22 10:30,25967.99,8.99,0.0003,25960.51,25957.31,25997.93,25390157,7.48,40.62,-0.1941
2019-02-22 10:00,25959,108.37,0.0042,25906.27,25906.27,25968.4,31506449,52.73,62.13,46.7711
2019-02-21 17:00,25850.63,0,0,25850.63,25850.63,25850.63,659529,0,0,-0.9803
2019-02-21 16:30,25850.63,0.91,0,25853.99,25850.63,25853.99,33475132,-3.36,3.36,-0.0213
2019-02-21 16:00,25849.72,49.94,0.0019,25799.83,25762.21,25855.41,34204086,49.89,93.2,1.5634
2019-02-21 15:30,25799.78,16.43,0.0006,25783.31,25777.34,25817.98,13343398,16.47,40.64,-0.0363
2019-02-21 15:00,25783.35,-37.49,-0.0015,25820.78,25763.04,25832.56,13845728,-37.43,69.52,0.1138
2019-02-21 14:30,25820.84,-58.57,-0.0023,25879.52,25793.29,25885.52,12430922,-58.68,92.23,0.286
2019-02-21 14:00,25879.41,1.08,0,25878.31,25863.32,25881.3,9666005,1.1,17.98,-0.0295
2019-02-21 13:30,25878.33,-29.3,-0.0011,25907.81,25874.38,25912.91,9959403,-29.48,38.53,-0.1351
2019-02-21 13:00,25907.63,27.48,0.0011,25880.23,25880.23,25908.82,11515415,27.4,28.59,-0.0161
2019-02-21 12:30,25880.15,-13.97,-0.0005,25894.66,25869.08,25909.43,11703876,-14.51,40.35,-0.2401
2019-02-21 12:00,25894.12,57.27,0.0022,25837.49,25832.09,25912.87,15401177,56.63,80.78,-0.1837
2019-02-21 11:30,25836.85,-6.54,-0.0003,25843.59,25825.68,25884.86,18866277,-6.74,59.18,-0.0284
2019-02-21 11:00,25843.39,-0.2,0,25844.22,25834.96,25882.45,19418239,-0.83,47.49,-0.0676
2019-02-21 10:30,25843.59,-32.3,-0.0012,25877.43,25824.65,25892.88,20825356,-33.84,68.23,-0.3148
2019-02-21 10:00,25875.89,-78.55,-0.003,25922.41,25833.45,25938.88,30394140,-46.52,105.43,14.3527
2019-02-20 17:30,25954.44,0,0,25954.44,25954.44,25954.44,1979725,0,0,-0.9619
2019-02-20 16:30,25954.44,-3.46,-0.0001,25959.64,25954.44,25959.64,51992223,-5.2,5.2,0.4122
2019-02-20 16:00,25957.9,8.13,0.0003,25949.02,25930.44,25968.58,36816977,8.88,38.14,1.712
2019-02-20 15:30,25949.77,-11.48,-0.0004,25961.18,25939.92,25969.17,13575674,-11.41,29.25,-0.0987
2019-02-20 15:00,25961.25,64.2,0.0025,25897.83,25897.52,25980.78,15061728,63.42,83.26,-0.2087
2019-02-20 14:30,25897.05,-48.43,-0.0019,25945.46,25846.48,25986.2,19033350,-48.41,139.72,0.4858
2019-02-20 14:00,25945.48,10.21,0.0004,25935.71,25921.77,25961.73,12810198,9.77,39.96,0.0882
2019-02-20 13:30,25935.27,56.18,0.0022,25879.06,25874.93,25935.62,11771799,56.21,60.69,-0.0871
2019-02-20 13:00,25879.09,17.04,0.0007,25861.64,25854.86,25891.25,12894302,17.45,36.39,-0.1146
2019-02-20 12:30,25862.05,-59.22,-0.0023,25921.2,25856.8,25925.86,14562850,-59.15,69.06,0.0253
2019-02-20 12:00,25921.27,10.52,0.0004,25910.85,25900.74,25937.45,14203757,10.42,36.71,-0.0756
2019-02-20 11:30,25910.75,11.62,0.0004,25899.08,25891.99,25919.25,15365757,11.67,27.26,-0.1288
2019-02-20 11:00,25899.13,-21.16,-0.0008,25920.73,25898.53,25937.86,17637872,-21.6,39.33,-0.1997
2019-02-20 10:30,25920.29,6.96,0.0003,25913.46,25876.99,25925.82,22039768,6.83,48.83,-0.2165
2019-02-20 10:00,25913.33,22.01,0.0009,25872.26,25872.26,25917.51,28130567,41.07,45.25,12.0568
2019-02-19 17:30,25891.32,0,0,25891.32,25891.32,25891.32,2154471,0,0,-0.9451
2019-02-19 16:30,25891.32,-0.62,0,25894.91,25891.32,25894.91,39245585,-3.59,3.59,-0.0255
2019-02-19 16:00,25891.94,-43.46,-0.0017,25934.59,25883.87,25957.88,40271431,-42.65,74.01,1.4681
2019-02-19 15:30,25935.4,-20.48,-0.0008,25955.89,25925.8,25960.1,16316940,-20.49,34.3,0.1503
2019-02-19 15:00,25955.88,29.67,0.0011,25926.09,25925.15,25961.44,14184949,29.79,36.29,0.137
2019-02-19 14:30,25926.21,19.86,0.0008,25906.44,25903.13,25933.07,12475564,19.77,29.94,0.2409
2019-02-19 14:00,25906.35,0.83,0,25905.41,25888.59,25912.69,10053946,0.94,24.1,-0.0162
2019-02-19 13:30,25905.52,-9.93,-0.0004,25915.37,25892.72,25916.88,10219435,-9.85,24.16,-0.0837
2019-02-19 13:00,25915.45,-1.61,-0.0001,25917.09,25905.13,25923.9,11152662,-1.64,18.77,-0.1352
2019-02-19 12:30,25917.06,-20.42,-0.0008,25937.51,25909.08,25937.51,12896510,-20.45,28.43,-0.2325
2019-02-19 12:00,25937.48,87.01,0.0034,25850.55,25848.56,25938.37,16802998,86.93,89.81,-0.0011
2019-02-19 11:30,25850.47,13.8,0.0005,25836.41,25835.83,25872.27,16821292,14.06,36.44,-0.0641
2019-02-19 11:00,25836.67,-37.3,-0.0014,25873.99,25822.96,25878.5,17972943,-37.32,55.54,-0.1958
2019-02-19 10:30,25873.97,-1.78,-0.0001,25873.74,25861.64,25899.18,22347950,0.23,37.54,-0.4073
2019-02-19 10:00,25875.75,-7.5,-0.0003,25849.85,25820.01,25882.03,37707127,25.9,62.02,16.7138
2019-02-15 17:00,25883.25,0,0,25883.25,25883.25,25883.25,2128687,0,0,-0.9605
2019-02-15 16:30,25883.25,0.95,0,25882.01,25882.01,25883.72,53897946,1.24,1.71,0.0541
2019-02-15 16:00,25882.3,81.86,0.0032,25800.49,25795.4,25882.3,51133986,81.81,86.9,2.4056
2019-02-15 15:30,25800.44,-24.87,-0.001,25824.74,25787.75,25824.78,15014613,-24.3,37.03,0.0469
2019-02-15 15:00,25825.31,32.55,0.0013,25793.3,25793.3,25831.59,14341835,32.01,38.29,0.2058
2019-02-15 14:30,25792.76,15.86,0.0006,25776.74,25776.15,25809.2,11893985,16.02,33.05,-0.0006
2019-02-15 14:00,25776.9,26.42,0.001,25750.17,25748.51,25794.59,11901548,26.73,46.08,0.1963
2019-02-15 13:30,25750.48,-32.2,-0.0012,25782.82,25749.82,25793.9,9948238,-32.34,44.08,-0.0563
2019-02-15 13:00,25782.68,-8.12,-0.0003,25791.23,25776.61,25802.26,10541314,-8.55,25.65,-0.1568
2019-02-15 12:30,25790.8,-8.57,-0.0003,25799.37,25769.67,25811.11,12501678,-8.57,41.44,-0.1296
2019-02-15 12:00,25799.37,17.1,0.0007,25783.58,25751.12,25807.69,14362980,15.79,56.57,-0.2723
2019-02-15 11:30,25782.27,31.51,0.0012,25749.94,25730.08,25789.92,19738482,32.33,59.84,0.0234
2019-02-15 11:00,25750.76,-20.71,-0.0008,25771.51,25747.25,25804.34,19286941,-20.75,57.09,-0.1787
2019-02-15 10:30,25771.47,44.04,0.0017,25722.61,25705.14,25785.07,23484441,48.86,79.93,-0.5975
2019-02-15 10:00,25727.43,288.04,0.0113,25564.63,25564.63,25733.01,58349129,162.8,168.38,37.3751
2019-02-14 17:00,25439.39,0,0,25439.39,25439.39,25439.39,1520496,0,0,-0.9606
2019-02-14 16:30,25439.39,0.44,0,25439.02,25438.58,25439.73,38598971,0.37,1.15,-0.0972
2019-02-14 16:00,25438.95,-50.61,-0.002,25489.51,25434.24,25530.94,42753634,-50.56,96.7,1.1184
2019-02-14 15:30,25489.56,-4.36,-0.0002,25493.58,25466.45,25558.9,20181926,-4.02,92.45,0.3914
2019-02-14 15:00,25493.92,-33.27,-0.0013,25527.16,25480.52,25534.57,14504593,-33.24,54.05,0.1286
2019-02-14 14:30,25527.19,13.37,0.0005,25513.86,25499.12,25537.74,12851294,13.33,38.62,0.195
2019-02-14 14:00,25513.82,-3.54,-0.0001,25517.38,25504.96,25533.8,10754234,-3.56,28.84,-0.0137
2019-02-14 13:30,25517.36,8.94,0.0004,25508.88,25486.62,25522.22,10903742,8.48,35.6,-0.1701
2019-02-14 13:00,25508.42,-5.97,-0.0002,25514.35,25497.19,25519.17,13138965,-5.93,21.98,-0.1232
2019-02-14 12:30,25514.39,79.49,0.0031,25434.85,25423.32,25540.03,14985691,79.54,116.71,0.025
2019-02-14 12:00,25434.9,52.46,0.0021,25382.36,25356.1,25442,14619508,52.54,85.9,-0.2812
2019-02-14 11:30,25382.44,-31.39,-0.0012,25413.97,25372.88,25423.3,20338401,-31.53,50.42,-0.2517
2019-02-14 11:00,25413.83,-25.37,-0.001,25440.36,25371.55,25480.6,27179114,-26.53,109.05,0.0784
2019-02-14 10:30,25439.2,51.87,0.002,25386.99,25360.63,25447.99,25203409,52.21,87.36,-0.4458
2019-02-14 10:00,25387.33,-155.94,-0.0061,25460.65,25308.09,25460.71,45476184,-73.32,152.62,17.2169
2019-02-13 17:00,25543.27,0,0,25543.27,25543.27,25543.27,2496374,0,0,-0.9354
2019-02-13 16:30,25543.27,5.73,0.0002,25539.6,25525.51,25543.27,38627113,3.67,17.76,-0.0563
2019-02-13 16:00,25537.54,-53.14,-0.0021,25591.08,25530.18,25609.33,40929435,-53.54,79.15,1.8486
2019-02-13 15:30,25590.68,19.33,0.0008,25571.16,25561.74,25592.2,14368495,19.52,30.46,0.1098
2019-02-13 15:00,25571.35,38.84,0.0015,25532.73,25529.79,25577.26,12946890,38.62,47.47,0.2927
2019-02-13 14:30,25532.51,19.2,0.0008,25513.12,25512.59,25534.27,10015725,19.39,21.68,0.0769
2019-02-13 14:00,25513.31,-4.35,-0.0002,25517.75,25507.34,25519.24,9300508,-4.44,11.9,-0.093
2019-02-13 13:30,25517.66,7.5,0.0003,25510.67,25500.25,25522.44,10254642,6.99,22.19,-0.1592
2019-02-13 13:00,25510.16,8.19,0.0003,25502.18,25486.7,25513.33,12195715,7.98,26.63,0.0833
2019-02-13 12:30,25501.97,-33.19,-0.0013,25535.22,25486.93,25540.49,11258254,-33.25,53.56,-0.2601
2019-02-13 12:00,25535.16,7.78,0.0003,25527.44,25483.03,25536.7,15215323,7.72,53.67,-0.0884
2019-02-13 11:30,25527.38,-70.66,-0.0028,25598.01,25524.69,25622.96,16691282,-70.63,98.27,-0.0665
2019-02-13 11:00,25598.04,12.47,0.0005,25585.03,25570.37,25625.95,17879771,13.01,55.58,-0.125
2019-02-13 10:30,25585.57,12.07,0.0005,25573.38,25538.71,25604.01,20432855,12.19,65.3,-0.3348
2019-02-13 10:00,25573.5,147.74,0.0058,25480.86,25480.86,25616,30715326,92.64,135.14,32.5094
2019-02-12 17:00,25425.76,0,0,25425.76,25425.76,25425.76,916619,0,0,-0.9787
2019-02-12 16:30,25425.76,7.83,0.0003,25422.69,25422.69,25425.76,42987160,3.07,3.07,0.1044
2019-02-12 16:00,25417.93,-17.14,-0.0007,25434.92,25393.88,25436.86,38923321,-16.99,42.98,1.5303
2019-02-12 15:30,25435.07,17.71,0.0007,25417.48,25409.15,25440.38,15382862,17.59,31.23,0.2566
2019-02-12 15:00,25417.36,-11.03,-0.0004,25428.52,25417.36,25439.27,12241429,-11.16,21.91,0.0067
2019-02-12 14:30,25428.39,-26.66,-0.001,25455.08,25423.75,25455.08,12160510,-26.69,31.33,-0.0517
2019-02-12 14:00,25455.05,44.29,0.0017,25410.57,25410.56,25458.98,12823306,44.48,48.42,0.2609
2019-02-12 13:30,25410.76,33.28,0.0013,25377.42,25375.94,25413.93,10169892,33.34,37.99,-0.1602
2019-02-12 13:00,25377.48,0.85,0,25376.12,25360.69,25396.67,12109237,1.36,35.98,-0.142
2019-02-12 12:30,25376.63,-16.59,-0.0007,25393.06,25354.77,25405.57,14114108,-16.43,50.8,-0.0614
2019-02-12 12:00,25393.22,23.29,0.0009,25369.6,25354.89,25396.19,15037359,23.62,41.3,-0.208
2019-02-12 11:30,25369.93,44.86,0.0018,25325.31,25324.29,25371.28,18985592,44.62,46.99,0.026
2019-02-12 11:00,25325.07,48.31,0.0019,25277.3,25255.36,25336.99,18505153,47.77,81.63,-0.1438
2019-02-12 10:30,25276.76,-18.73,-0.0007,25296.03,25267.8,25317.49,21614219,-19.27,49.69,-0.3276
2019-02-12 10:00,25295.49,242.38,0.0097,25152.03,25152.03,25306.47,32144066,143.46,154.44,24.7583
2019-02-11 17:00,25053.11,0,0,25053.11,25053.11,25053.11,1247913,0,0,-0.9712
2019-02-11 16:30,25053.11,-1.59,-0.0001,25052.16,25050.94,25053.11,43335340,0.95,2.17,0.1481
2019-02-11 16:00,25054.7,-3.89,-0.0002,25058.58,25028.12,25072.01,37744546,-3.88,43.89,1.906
2019-02-11 15:30,25058.59,26.73,0.0011,25031.91,25031.63,25060.93,12988594,26.68,29.3,0.1754
2019-02-11 15:00,25031.86,-5.17,-0.0002,25036.88,25009.1,25053.81,11050626,-5.02,44.71,0.039
2019-02-11 14:30,25037.03,-15.98,-0.0006,25052.39,25029.47,25060.93,10636160,-15.36,31.46,0.1289
2019-02-11 14:00,25053.01,-9.56,-0.0004,25062.63,25028.71,25067.36,9421791,-9.62,38.65,0.0505
2019-02-11 13:30,25062.57,-28.27,-0.0011,25091.03,25060.7,25104.71,8968989,-28.46,44.01,-0.0721
2019-02-11 13:00,25090.84,-4.28,-0.0002,25094.98,25074.25,25104.06,9665711,-4.14,29.81,-0.1658
2019-02-11 12:30,25095.12,23.26,0.0009,25072.24,25061.72,25103.59,11586934,22.88,41.87,-0.0255
2019-02-11 12:00,25071.86,-11.92,-0.0005,25082.81,25048.36,25087.76,11889603,-10.95,39.4,-0.1708
2019-02-11 11:30,25083.78,2.71,0.0001,25081.36,25036.95,25100.34,14339076,2.42,63.39,-0.0647
2019-02-11 11:00,25081.07,7.83,0.0003,25077.42,25054.8,25115.83,15331776,3.65,61.03,-0.1326
2019-02-11 10:30,25073.24,-39.51,-0.0016,25112.44,25064.73,25139.74,17674756,-39.2,75.01,-0.3153
2019-02-11 10:00,25112.75,6.42,0.0003,25142.81,25095.44,25196.75,25813908,-30.06,101.31,26.1544
2019-02-08 17:30,25106.33,0,0,25106.33,25106.33,25106.33,950633,0,0,-0.9746
2019-02-08 16:30,25106.33,2.44,0.0001,25106.23,25104.43,25106.33,37464267,0.1,1.9,0.013
2019-02-08 16:00,25103.89,77.06,0.0031,25026.88,25010.56,25106.39,36984097,77.01,95.83,1.4303
2019-02-08 15:30,25026.83,21.34,0.0009,25005.14,24989.4,25037.63,15217928,21.69,48.23,0.3243
2019-02-08 15:00,25005.49,-21.94,-0.0009,25027.59,25004.18,25035.91,11491041,-22.1,31.73,0.0548
2019-02-08 14:30,25027.43,20.1,0.0008,25007.2,24993.2,25029.57,10893959,20.23,36.37,0.2244
2019-02-08 14:00,25007.33,18.94,0.0008,24988.46,24976.82,25008.28,8897061,18.87,31.46,-0.1532
2019-02-08 13:30,24988.39,8.94,0.0004,24979.31,24979.31,25018.25,10506481,9.08,38.94,0.0898
2019-02-08 13:00,24979.45,18.68,0.0007,24960.62,24960.62,24999.99,9640524,18.83,39.37,-0.1291
2019-02-08 12:30,24960.77,8.03,0.0003,24952.87,24920.39,24967.43,11069757,7.9,47.04,-0.2076
2019-02-08 12:00,24952.74,38.53,0.0015,24913.17,24883.04,24959.94,13969431,39.57,76.9,-0.2044
2019-02-08 11:30,24914.21,-17.52,-0.0007,24931.46,24892.7,24934.99,17558699,-17.25,42.29,0.0088
2019-02-08 11:00,24931.73,-28.4,-0.0011,24960.03,24920.25,25007.94,17405448,-28.3,87.69,-0.1147
2019-02-08 10:30,24960.13,-28.55,-0.0011,24987.56,24925.5,25007.71,19659944,-27.43,82.21,-0.2581
2019-02-08 10:00,24988.68,-180.85,-0.0072,25042.36,24977.77,25076.64,26500209,-53.68,98.87,21.3671
2019-02-07 17:00,25169.53,0,0,25169.53,25169.53,25169.53,1184786,0,0,-0.9741
2019-02-07 16:30,25169.53,-3.76,-0.0001,25172.54,25169.53,25172.54,45750588,-3.01,3.01,0.1144
2019-02-07 16:00,25173.29,57.47,0.0023,25114.53,25078.34,25173.29,41054238,58.76,94.95,1.9122
2019-02-07 15:30,25115.82,12.95,0.0005,25102.99,25084.99,25127.05,14097200,12.83,42.06,0.1544
2019-02-07 15:00,25102.87,-23.21,-0.0009,25125.95,25092.24,25140.26,12212180,-23.08,48.02,-0.133
2019-02-07 14:30,25126.08,16.65,0.0007,25109.86,25046.05,25127.93,14085348,16.22,81.88,0.0144
2019-02-07 14:00,25109.43,18.25,0.0007,25091.22,25085.11,25126.96,13885980,18.21,41.85,0.0728
2019-02-07 13:30,25091.18,69.64,0.0028,25020.93,25017,25107.13,12943262,70.25,90.13,0.0004
2019-02-07 13:00,25021.54,-32.64,-0.0013,25054.05,25000.52,25081.43,12937805,-32.51,80.91,-0.1501
2019-02-07 12:30,25054.18,28.76,0.0011,25024.54,25003.69,25076.46,15222205,29.64,72.77,-0.3404
2019-02-07 12:00,25025.42,-73.91,-0.0029,25103.34,25024.66,25103.34,23079039,-77.92,78.68,0.1555
2019-02-07 11:30,25099.33,-60.15,-0.0024,25159.24,25089.01,25171.48,19972650,-59.91,82.47,-0.0163
2019-02-07 11:00,25159.48,-134.57,-0.0053,25293.65,25155.36,25314.26,20303249,-134.17,158.9,-0.0106
2019-02-07 10:30,25294.05,67.79,0.0027,25226.53,25191.86,25302.95,20520346,67.52,111.09,-0.2727
2019-02-07 10:00,25226.26,-164.04,-0.0065,25265.81,25191.87,25265.81,28214087,-39.55,73.94,17.6242
2019-02-06 17:30,25390.3,0,0,25390.3,25390.3,25390.3,1514918,0,0,-0.9593
2019-02-06 16:30,25390.3,1.46,0.0001,25393.25,25389.9,25393.25,37180709,-2.95,3.35,0.1286
2019-02-06 16:00,25388.84,-14.4,-0.0006,25403.32,25374.17,25405.08,32945268,-14.48,30.91,1.5759
2019-02-06 15:30,25403.24,10.43,0.0004,25392.57,25381.26,25408.99,12789706,10.67,27.73,0.0901
2019-02-06 15:00,25392.81,5.89,0.0002,25386.68,25360.35,25396.31,11732413,6.13,35.96,0.0511
2019-02-06 14:30,25386.92,-19.99,-0.0008,25406.52,25363.78,25407.35,11162357,-19.6,43.57,0.157
2019-02-06 14:00,25406.91,-9.25,-0.0004,25416.65,25405.34,25430.11,9647659,-9.74,24.77,-0.1407
2019-02-06 13:30,25416.16,13.26,0.0005,25402.88,25400.83,25428.8,11226745,13.28,27.97,0.158
2019-02-06 13:00,25402.9,7.03,0.0003,25395.73,25384.28,25410.67,9695315,7.17,26.39,-0.1758
2019-02-06 12:30,25395.87,12.9,0.0005,25383.2,25368.06,25408,11763669,12.67,39.94,-0.2128
2019-02-06 12:00,25382.97,-10.72,-0.0004,25393.49,25370.02,25417.62,14943143,-10.52,47.6,-0.1155
2019-02-06 11:30,25393.69,-23.4,-0.0009,25416.83,25355.47,25439.04,16894003,-23.14,83.57,-0.001
2019-02-06 11:00,25417.09,72.86,0.0029,25343.37,25339.11,25432.38,16911254,73.72,93.27,-0.1484
2019-02-06 10:30,25344.23,-7.05,-0.0003,25352.58,25312.06,25363.22,19857254,-8.35,51.16,-0.323
2019-02-06 10:00,25351.28,-60.24,-0.0024,25371.57,25349.14,25422.91,29330096,-20.29,73.77,4.3643
2019-02-05 18:00,25411.52,0,0,25411.52,25411.52,25411.52,5467628,0,0,-0.8908
2019-02-05 16:30,25411.52,6.5,0.0003,25406.47,25406.47,25411.52,50091236,5.05,5.05,0.1773
2019-02-05 16:00,25405.02,-7.17,-0.0003,25411.57,25382.1,25427.32,42548109,-6.55,45.22,1.7939
2019-02-05 15:30,25412.19,11.74,0.0005,25400.57,25385.33,25417.62,15229141,11.62,32.29,0.1951
2019-02-05 15:00,25400.45,8.27,0.0003,25392.09,25371.6,25406.23,12742800,8.36,34.63,-0.1505
2019-02-05 14:30,25392.18,53.1,0.0021,25339.18,25338.39,25404.14,15000097,53,65.75,0.2349
2019-02-05 14:00,25339.08,-4.76,-0.0002,25344.03,25329.07,25347.65,12147222,-4.95,18.58,-0.0704
2019-02-05 13:30,25343.84,31.16,0.0012,25312.06,25291.97,25343.89,13067427,31.78,51.92,-0.0968
2019-02-05 13:00,25312.68,-47.68,-0.0019,25360.22,25301.39,25366.81,14467882,-47.54,65.42,-0.0101
2019-02-05 12:30,25360.36,-39.44,-0.0016,25399.76,25343,25403.71,14615386,-39.4,60.71,-0.062
2019-02-05 12:00,25399.8,37.16,0.0015,25363.07,25359.31,25407.25,15580650,36.73,47.94,-0.2276
2019-02-05 11:30,25362.64,-48.27,-0.0019,25411.05,25349.41,25422.95,20171781,-48.41,73.54,-0.0154
2019-02-05 11:00,25410.91,45.74,0.0018,25364.21,25363.63,25414.07,20488117,46.7,50.44,-0.0885
2019-02-05 10:30,25365.17,-12.07,-0.0005,25377.03,25337.96,25385.59,22476360,-11.86,47.63,-0.3852
2019-02-05 10:00,25377.24,137.87,0.0055,25287.93,25287.65,25382.37,36558524,89.31,94.72,112.5224
2019-02-04 17:30,25239.37,0,0,25239.37,25239.37,25239.37,322038,0,0,-0.9937
2019-02-04 16:30,25239.37,1.46,0.0001,25239.91,25239.03,25239.91,50865869,-0.54,0.88,0.3703
2019-02-04 16:00,25237.91,73.16,0.0029,25164.52,25153.25,25237.91,37119456,73.39,84.66,1.2249
2019-02-04 15:30,25164.75,-11.17,-0.0004,25175.95,25155.86,25179.83,16683584,-11.2,23.97,0.2149
2019-02-04 15:00,25175.92,15.93,0.0006,25160.17,25156.47,25177.9,13732472,15.75,21.43,0.1277
2019-02-04 14:30,25159.99,8.32,0.0003,25151.8,25145.92,25167.15,12177490,8.19,21.23,-0.044
2019-02-04 14:00,25151.67,49.84,0.002,25101.75,25095.84,25154.26,12738200,49.92,58.42,-0.0078
2019-02-04 13:30,25101.83,14.1,0.0006,25088.13,25087.28,25113.9,12838754,13.7,26.62,-0.0552
2019-02-04 13:00,25087.73,4.88,0.0002,25083.05,25074.54,25098.04,13588561,4.68,23.5,-0.0258
2019-02-04 12:30,25082.85,5.65,0.0002,25077.34,25071.28,25096.42,13949089,5.51,25.14,-0.1034
2019-02-04 12:00,25077.2,30.46,0.0012,25047.08,25039.06,25081.94,15557602,30.12,42.88,-0.224
2019-02-04 11:30,25046.74,31.57,0.0013,25014.38,25014.13,25049.45,20047989,32.36,35.32,0.0119
2019-02-04 11:00,25015.17,25.19,0.001,24988.84,24984.4,25024.62,19811274,26.33,40.22,-0.2189
2019-02-04 10:30,24989.98,-51.58,-0.0021,25040.52,24977.67,25043.28,25364900,-50.54,65.61,-0.2483
2019-02-04 10:00,25041.56,-22.33,-0.0009,25062.12,25006.46,25070.06,33744937,-20.56,63.6,43.4814
2019-02-01 17:30,25063.89,0,0,25063.89,25063.89,25063.89,758630,0,0,-0.9874
2019-02-01 16:30,25063.89,2.44,0.0001,25059.75,25058.09,25063.89,60193849,4.14,5.8,0.3372
2019-02-01 16:00,25061.45,32.31,0.0013,25029.08,25018.35,25070.66,45015817,32.37,52.31,1.3508
2019-02-01 15:30,25029.14,25.81,0.001,25002.71,24982.49,25029.27,19148825,26.43,46.78,0.2312
2019-02-01 15:00,25003.33,-15.21,-0.0006,25018.58,24987.88,25043.98,15553224,-15.25,56.1,-0.2296
2019-02-01 14:30,25018.54,-54.42,-0.0022,25073.15,25007.1,25074.46,20188384,-54.61,67.36,0.3721
2019-02-01 14:00,25072.96,-13.74,-0.0005,25086.37,25051.17,25100.1,14712991,-13.41,48.93,-0.1369
2019-02-01 13:30,25086.7,-21.29,-0.0008,25107.63,25063.43,25114.48,17046944,-20.93,51.05,0.0622
2019-02-01 13:00,25107.99,16.31,0.0007,25091.52,25079.9,25119.38,16048613,16.47,39.48,-0.1511
2019-02-01 12:30,25091.68,-82.56,-0.0033,25174.23,25073.44,25175.11,18906004,-82.55,101.67,0.0688
2019-02-01 12:00,25174.24,31.54,0.0013,25142.29,25128.55,25179.46,17688877,31.95,50.91,-0.2126
2019-02-01 11:30,25142.7,47.86,0.0019,25094.94,25067.46,25155.76,22465223,47.76,88.3,-0.1106
2019-02-01 11:00,25094.84,-79.48,-0.0032,25174.71,25094.63,25182.38,25258904,-79.87,87.75,-0.2042
2019-02-01 10:30,25174.32,123.66,0.0049,25050.53,25050.53,25193.15,31742036,123.79,142.62,-0.3298
2019-02-01 10:00,25050.66,50.99,0.002,25025.31,25025.31,25105.05,47361910,25.35,79.74,8.47
2019-01-31 17:30,24999.67,0,0,24999.67,24999.67,24999.67,5001254,0,0,-0.9583
2019-01-31 16:30,24999.67,-9.7,-0.0004,25007.23,24999.67,25010.96,120069385,-7.56,11.29,0.658
2019-01-31 16:00,25009.37,45.05,0.0018,24964.5,24956,25049.62,72419079,44.87,93.62,1.7342
2019-01-31 15:30,24964.32,-8.13,-0.0003,24972.45,24925.18,24972.59,26486633,-8.13,47.41,0.4533
2019-01-31 15:00,24972.45,19.64,0.0008,24953.31,24935.14,24988.15,18225625,19.14,53.01,0.0193
2019-01-31 14:30,24952.81,-23.39,-0.0009,24976.05,24940.58,24986.91,17881289,-23.24,46.33,0.0137
2019-01-31 14:00,24976.2,28.77,0.0012,24947.5,24931.28,24977.06,17640089,28.7,45.78,0.0504
2019-01-31 13:30,24947.43,-15.17,-0.0006,24962.5,24940.21,24987.96,16793030,-15.07,47.75,-0.1156
2019-01-31 13:00,24962.6,-19.11,-0.0008,24981.7,24936.92,25007.07,18988671,-19.1,70.15,-0.143
2019-01-31 12:30,24981.71,-50.7,-0.002,25032.42,24980.26,25036.26,22158127,-50.71,56,0.0153
2019-01-31 12:00,25032.41,83.52,0.0033,24948.28,24937.64,25038.68,21825119,84.13,101.04,-0.0703
2019-01-31 11:30,24948.89,7.74,0.0003,24941.28,24932,24979.02,23474908,7.61,47.02,-0.2694
2019-01-31 11:00,24941.15,-17.73,-0.0007,24959.07,24925.43,24987.02,32130028,-17.92,61.59,-0.1214
2019-01-31 10:30,24958.88,77.02,0.0031,24882.62,24874.3,24961.3,36567904,76.26,87,-0.3661
2019-01-31 10:00,24881.86,-133,-0.0053,24954.48,24842.09,24954.48,57684896,-72.62,112.39,10.9536
2019-01-30 17:00,25014.86,0,0,25014.86,25014.86,25014.86,4825723,0,0,-0.8736
2019-01-30 16:30,25014.86,0.26,0,25017.68,25014.46,25017.74,38186919,-2.82,3.28,-0.313
2019-01-30 16:00,25014.6,11.61,0.0005,25002.83,24966.68,25018.12,55585374,11.77,51.44,1.0537
2019-01-30 15:30,25002.99,-103.74,-0.0041,25106.68,24995.07,25107.28,27066400,-103.69,112.21,0.0029
2019-01-30 15:00,25106.73,98.79,0.004,25008.22,24973.11,25109.62,26988924,98.51,136.51,-0.2743
2019-01-30 14:30,25007.94,166.15,0.0067,24842.38,24841.8,25056.19,37191602,165.56,214.39,1.3918
2019-01-30 14:00,24841.79,-23.48,-0.0009,24865.33,24806.15,24880.51,15549688,-23.54,74.36,0.1882
2019-01-30 13:30,24865.27,-41.44,-0.0017,24906.2,24864.43,24913.99,13087154,-40.93,49.56,-0.1644
2019-01-30 13:00,24906.71,-33.19,-0.0013,24940.24,24894.98,24945.49,15661501,-33.53,50.51,-0.1039
2019-01-30 12:30,24939.9,11.6,0.0005,24928.75,24928.38,24968.98,17476834,11.15,40.6,-0.1388
2019-01-30 12:00,24928.3,23.44,0.0009,24904.88,24879.56,24928.3,20292484,23.42,48.74,-0.0889
2019-01-30 11:30,24904.86,48.48,0.002,24856.81,24856.81,24927.81,22273312,48.05,71,-0.0219
2019-01-30 11:00,24856.38,4.36,0.0002,24851.96,24831.92,24886.49,22771819,4.42,54.57,-0.2129
2019-01-30 10:30,24852.02,42.01,0.0017,24810.98,24790.9,24855.8,28933059,41.04,64.9,-0.4375
2019-01-30 10:00,24810.01,230.05,0.0094,24826.52,24799.72,24874.75,51440871,-16.51,75.03,7.8098
2019-01-29 17:00,24579.96,0,0,24579.96,24579.96,24579.96,5839070,0,0,-0.8444
2019-01-29 16:30,24579.96,1.15,0,24581.17,24579.89,24581.38,37522154,-1.21,1.49,-0.1665
2019-01-29 16:00,24578.81,-9.96,-0.0004,24588.79,24550.84,24603.83,45020156,-9.98,52.99,1.1017
2019-01-29 15:30,24588.77,54.41,0.0022,24534.21,24524,24590.36,21421172,54.56,66.36,0.2601
2019-01-29 15:00,24534.36,-44.93,-0.0018,24579.39,24531.91,24590.86,16999813,-45.03,58.95,0.1838
2019-01-29 14:30,24579.29,-49.86,-0.002,24629.25,24571.71,24629.46,14360770,-49.96,57.75,-0.0077
2019-01-29 14:00,24629.15,11.49,0.0005,24617.55,24598.44,24635.58,14472838,11.6,37.14,-0.0553
2019-01-29 13:30,24617.66,7.92,0.0003,24610.11,24585.26,24626.3,15319752,7.55,41.04,-0.0286
2019-01-29 13:00,24609.74,-28.1,-0.0011,24637.79,24602.16,24639.33,15770555,-28.05,37.17,0.0216
2019-01-29 12:30,24637.84,20.32,0.0008,24617.28,24599.72,24663.96,15437205,20.56,64.24,-0.0444
2019-01-29 12:00,24617.52,52.35,0.0021,24565.28,24565.28,24622.29,16154351,52.24,57.01,-0.1611
2019-01-29 11:30,24565.17,40.32,0.0016,24524.66,24509.64,24574.05,19257577,40.51,64.41,-0.1788
2019-01-29 11:00,24524.85,-135.48,-0.0055,24662.9,24504.04,24674.87,23450298,-138.05,170.83,-0.1261
2019-01-29 10:30,24660.33,25.24,0.001,24635.45,24574.31,24665.48,26835279,24.88,91.17,-0.376
2019-01-29 10:00,24635.09,106.87,0.0044,24519.62,24519.62,24651.54,43004221,115.47,131.92,5.0547
2019-01-28 18:00,24528.22,0,0,24528.22,24528.22,24528.22,7102668,0,0,-0.836
2019-01-28 16:30,24528.22,-2.99,-0.0001,24528.29,24527.27,24528.33,43303110,-0.07,1.06,-0.0284
2019-01-28 16:00,24531.21,32.21,0.0013,24499,24460.42,24531.21,44566898,32.21,70.79,1.1814
2019-01-28 15:30,24499,2.82,0.0001,24496.08,24465.79,24528.57,20430287,2.92,62.78,0.0826
2019-01-28 15:00,24496.18,53.87,0.0022,24442.29,24442.17,24519.26,18871115,53.89,77.09,0.1144
2019-01-28 14:30,24442.31,-23.53,-0.001,24465.44,24426.09,24477.69,16933782,-23.13,51.6,0.1011
2019-01-28 14:00,24465.84,28.14,0.0012,24438.08,24437.9,24479.1,15379129,27.76,41.2,-0.0267
2019-01-28 13:30,24437.7,65.02,0.0027,24372.54,24358.36,24464.06,15800636,65.16,105.7,0.0999
2019-01-28 13:00,24372.68,-18.57,-0.0008,24391.38,24366.62,24411.29,14366032,-18.7,44.67,-0.1665
2019-01-28 12:30,24391.25,47.8,0.002,24344.37,24323.94,24398.8,17234915,46.88,74.86,-0.2492
2019-01-28 12:00,24343.45,-80.36,-0.0033,24424.25,24341.81,24446.48,22956505,-80.8,104.67,0.1744
2019-01-28 11:30,24423.81,14.83,0.0006,24409.29,24374.92,24441.49,19547591,14.52,66.57,-0.1552
2019-01-28 11:00,24408.98,-33.72,-0.0014,24442.71,24408.52,24479.91,23139270,-33.73,71.39,-0.0385
2019-01-28 10:30,24442.7,49.78,0.002,24393.57,24354.09,24450.68,24066826,49.13,96.59,-0.4463
2019-01-28 10:00,24392.92,-344.28,-0.0139,24596.98,24346.87,24596.98,43466585,-204.06,250.11,20.9738
2019-01-25 17:00,24737.2,0,0,24737.2,24737.2,24737.2,1978111,0,0,-0.96
2019-01-25 16:30,24737.2,4.75,0.0002,24734.69,24722.11,24737.2,49472654,2.51,15.09,-0.1372
2019-01-25 16:00,24732.45,23.86,0.001,24708.77,24678.48,24739.26,57338672,23.68,60.78,2.0037
2019-01-25 15:30,24708.59,-33.05,-0.0013,24746,24701.81,24751.69,19089058,-37.41,49.88,0.1181
2019-01-25 15:00,24741.64,32.77,0.0013,24708.61,24698.77,24758.86,17072123,33.03,60.09,-0.1546
2019-01-25 14:30,24708.87,-49.39,-0.002,24758.29,24695.12,24774.16,20194089,-49.42,79.04,0.4117
2019-01-25 14:00,24758.26,6.97,0.0003,24751.25,24731.46,24766.42,14305171,7.01,34.96,-0.0453
2019-01-25 13:30,24751.29,27.91,0.0011,24723.08,24706.69,24756.23,14983228,28.21,49.54,-0.2653
2019-01-25 13:00,24723.38,-89.63,-0.0036,24813.15,24676.75,24815.87,20394041,-89.77,139.12,0.1784
2019-01-25 12:30,24813.01,22.64,0.0009,24790.43,24760.25,24822.41,17307176,22.58,62.16,-0.0826
2019-01-25 12:00,24790.37,24.75,0.001,24765.68,24764.78,24797.49,18866004,24.69,32.71,-0.0475
2019-01-25 11:30,24765.62,-73.27,-0.003,24838.66,24752.67,24847.58,19807459,-73.04,94.91,-0.1554
2019-01-25 11:00,24838.89,19.1,0.0008,24818.87,24785.62,24860.15,23452959,20.02,74.53,-0.2299
2019-01-25 10:30,24819.79,52.71,0.0021,24766.54,24766.54,24834.39,30454802,53.25,67.85,-0.4163
2019-01-25 10:00,24767.08,213.84,0.0087,24687.21,24687.21,24773.13,52178822,79.87,85.92,16.0264
2019-01-24 17:00,24553.24,0,0,24553.24,24553.24,24553.24,3064575,0,0,-0.9295
2019-01-24 16:30,24553.24,-1.19,0,24553.52,24552.7,24554.41,43484571,-0.28,1.71,0.0831
2019-01-24 16:00,24554.43,11.6,0.0005,24543.15,24515.26,24567.15,40146823,11.28,51.89,1.0937
2019-01-24 15:30,24542.83,12.61,0.0005,24530.2,24518.39,24566.84,19175350,12.63,48.45,0.1695
2019-01-24 15:00,24530.22,33.1,0.0014,24497.03,24479.42,24536.77,16396077,33.19,57.35,0.0903
2019-01-24 14:30,24497.12,11.67,0.0005,24485.76,24459.38,24508.59,15037764,11.36,49.21,0.0681
2019-01-24 14:00,24485.45,43.14,0.0018,24442.5,24430.58,24496.36,14079574,42.95,65.78,-0.0676
2019-01-24 13:30,24442.31,-54.19,-0.0022,24496.53,24422.73,24506.64,15099549,-54.22,83.91,0.1173
2019-01-24 13:00,24496.5,-28.97,-0.0012,24525.04,24475.26,24541.77,13513977,-28.54,66.51,-0.0265
2019-01-24 12:30,24525.47,-68.55,-0.0028,24593.66,24523.84,24594.15,13881258,-68.19,70.31,-0.1988
2019-01-24 12:00,24594.02,65.89,0.0027,24528.42,24509.14,24609.1,17325953,65.6,99.96,-0.1879
2019-01-24 11:30,24528.13,-26.28,-0.0011,24554.31,24485.91,24576.11,21334258,-26.18,90.2,0.0197
2019-01-24 11:00,24554.41,-63.12,-0.0026,24618.1,24531.72,24626.3,20922300,-63.69,94.58,-0.2363
2019-01-24 10:30,24617.53,121.79,0.005,24494.16,24471.5,24625.38,27394460,123.37,153.88,-0.3032
2019-01-24 10:00,24495.74,-79.88,-0.0033,24579.96,24462.28,24579.96,39312997,-84.22,117.68,269.1089
2019-01-23 17:00,24575.62,0,0,24575.62,24575.62,24575.62,145545,0,0,-0.9968
2019-01-23 16:30,24575.62,0.26,0,24578.26,24575.55,24578.26,45220112,-2.64,2.71,0.2452
2019-01-23 16:00,24575.36,1.09,0,24574.28,24544.45,24588.6,36316758,1.08,44.15,1.1125
2019-01-23 15:30,24574.27,75.33,0.0031,24498.13,24495.16,24594.59,17191264,76.14,99.43,0.0221
2019-01-23 15:00,24498.94,-34.4,-0.0014,24532.41,24457.69,24532.53,16819313,-33.47,74.84,0.0895
2019-01-23 14:30,24533.34,38.16,0.0016,24496.49,24483.04,24546.75,15437191,36.85,63.71,0.1726
2019-01-23 14:00,24495.18,41.21,0.0017,24453.81,24453.74,24509.15,13164775,41.37,55.41,0.0031
2019-01-23 13:30,24453.97,-7.59,-0.0003,24461.66,24408.13,24480.4,13124530,-7.69,72.27,-0.0408
2019-01-23 13:00,24461.56,71.61,0.0029,24390.5,24384.93,24468.65,13682678,71.06,83.72,-0.2375
2019-01-23 12:30,24389.95,24.32,0.001,24368.39,24307.17,24397.53,17943697,21.56,90.36,-0.0226
2019-01-23 12:00,24365.63,-95.03,-0.0039,24459.74,24349.02,24476.94,18359296,-94.11,127.92,-0.1531
2019-01-23 11:30,24460.66,-46.23,-0.0019,24506.61,24422.63,24548.5,21678453,-45.95,125.87,0.132
2019-01-23 11:00,24506.89,-57.17,-0.0023,24564.57,24491.6,24576.77,19150376,-57.68,85.17,-0.2653
2019-01-23 10:30,24564.06,-107.75,-0.0044,24669.36,24556.26,24690.36,26065601,-105.3,134.1,-0.4116
2019-01-23 10:00,24671.81,267.33,0.011,24577.25,24577.25,24700.98,44298921,94.56,123.73,15.6295
2019-01-22 17:00,24404.48,0,0,24404.48,24404.48,24404.48,2663870,0,0,-0.9622
2019-01-22 16:30,24404.48,-6.68,-0.0003,24414.58,24404.48,24414.58,70473168,-10.1,10.1,0.4431
2019-01-22 16:00,24411.16,82.69,0.0034,24328.65,24255.21,24411.16,48835000,82.51,155.95,1.341
2019-01-22 15:30,24328.47,28.84,0.0012,24299.86,24244.31,24335.97,20860676,28.61,91.66,0.0846
2019-01-22 15:00,24299.63,-0.2,0,24299.86,24248.15,24314.94,19233851,-0.23,66.79,0.3734
2019-01-22 14:30,24299.83,-46.97,-0.0019,24347.42,24295.49,24349.26,14004265,-47.59,53.77,0.1246
2019-01-22 14:00,24346.8,18.42,0.0008,24327.7,24316.57,24362.17,12452171,19.1,45.6,-0.3073
2019-01-22 13:30,24328.38,-79.59,-0.0033,24407.95,24287.1,24407.95,17976660,-79.57,120.85,0.719
2019-01-22 13:00,24407.97,0.42,0,24407.62,24395.93,24432.26,10457413,0.35,36.33,-0.3139
2019-01-22 12:30,24407.55,17.82,0.0007,24392.17,24379.94,24426.27,15242591,15.38,46.33,-0.0005
2019-01-22 12:00,24389.73,-119.82,-0.0049,24509.49,24387.66,24525.78,15249825,-119.76,138.12,0.0764
2019-01-22 11:30,24509.55,-6.68,-0.0003,24516.13,24497.81,24531.53,14167340,-6.58,33.72,-0.1739
2019-01-22 11:00,24516.23,-27.11,-0.0011,24544.13,24516.23,24580.91,17150457,-27.9,64.68,-0.2184
2019-01-22 10:30,24543.34,-11.87,-0.0005,24556.56,24480.7,24556.56,21942643,-13.22,75.86,-0.4191
2019-01-22 10:00,24555.21,-151.14,-0.0061,24607.76,24518.16,24607.76,37772812,-52.55,89.6,40.1215
2019-01-18 17:00,24706.35,0,0,24706.35,24706.35,24706.35,918565,0,0,-0.9824
2019-01-18 16:30,24706.35,-1.88,-0.0001,24704.65,24704.65,24750.22,52127297,1.7,45.57,0.0523
2019-01-18 16:00,24708.23,47.76,0.0019,24661.1,24640.17,24716.8,49534600,47.13,76.63,2.0878
2019-01-18 15:30,24660.47,-3.07,-0.0001,24663.74,24639.22,24681.9,16042291,-3.27,42.68,0.0906
2019-01-18 15:00,24663.54,-1.98,-0.0001,24664.9,24621.37,24673.16,14709399,-1.36,51.79,0.0465
2019-01-18 14:30,24665.52,-35.61,-0.0014,24700.66,24652.97,24705.76,14055195,-35.14,52.79,0.0766
2019-01-18 14:00,24701.13,29.43,0.0012,24671.65,24645.11,24702.69,13055025,29.48,57.58,-0.1479
2019-01-18 13:30,24671.7,-51.48,-0.0021,24722.97,24662.52,24735.04,15321247,-51.27,72.52,-0.0195
2019-01-18 13:00,24723.18,-0.96,0,24723.91,24696.04,24747.3,15626640,-0.73,51.26,-0.0994
2019-01-18 12:30,24724.14,45.29,0.0018,24681.7,24662.54,24736.38,17351827,42.44,73.84,0.0885
2019-01-18 12:00,24678.85,42.1,0.0017,24636.02,24621.78,24678.85,15940693,42.83,57.07,-0.2183
2019-01-18 11:30,24636.75,54.91,0.0022,24581.38,24573.76,24642.24,20391477,55.37,68.48,0.0045
2019-01-18 11:00,24581.84,70.89,0.0029,24511.56,24507.48,24595.94,20300427,70.28,88.46,-0.3175
2019-01-18 10:30,24510.95,6.65,0.0003,24504.56,24459.03,24596.66,29746233,6.39,137.63,-0.6179
2019-01-18 10:00,24504.3,134.2,0.0055,24534.19,24470.75,24560.91,77851615,-29.89,90.16,97.4929
2019-01-17 17:00,24370.1,0,0,24370.1,24370.1,24370.1,790429,0,0,-0.9801
2019-01-17 16:30,24370.1,1.63,0.0001,24370.54,24369.15,24370.64,39813361,-0.44,1.49,0.0683
2019-01-17 16:00,24368.47,32.99,0.0014,24336.15,24301.91,24368.98,37268642,32.32,67.07,0.6984
2019-01-17 15:30,24335.48,-1.51,-0.0001,24337.62,24270.7,24342.79,21943345,-2.14,72.09,-0.4386
2019-01-17 15:00,24336.99,133.3,0.0055,24203.62,24193.6,24474.46,39089175,133.37,280.86,2.5984
2019-01-17 14:30,24203.69,-17.96,-0.0007,24221.71,24193.21,24225.18,10862821,-18.02,31.97,-0.0055
2019-01-17 14:00,24221.65,-3.42,-0.0001,24225.48,24198.7,24232.59,10922873,-3.83,33.89,0.0207
2019-01-17 13:30,24225.07,57.12,0.0024,24167.95,24167.19,24234.49,10701504,57.12,67.3,0.0274
2019-01-17 13:00,24167.95,-24.54,-0.001,24192.57,24156.96,24203.12,10416139,-24.62,46.16,-0.024
2019-01-17 12:30,24192.49,-5.06,-0.0002,24197.11,24179.83,24212.59,10672371,-4.62,32.76,-0.1791
2019-01-17 12:00,24197.55,4.31,0.0002,24192.27,24181.42,24213.63,13000620,5.28,32.21,-0.1052
2019-01-17 11:30,24193.24,22.67,0.0009,24170.34,24170.34,24198.45,14528894,22.9,28.11,-0.1434
2019-01-17 11:00,24170.57,-7.18,-0.0003,24177.77,24142.91,24181.38,16960800,-7.2,38.47,-0.1757
2019-01-17 10:30,24177.75,3.82,0.0002,24173.58,24131.17,24199.15,20576033,4.17,67.98,-0.3371
2019-01-17 10:00,24173.93,-33.23,-0.0014,24147.09,24088.9,24189.68,31040665,26.84,100.78,9.1771
2019-01-16 17:00,24207.16,0,0,24207.16,24207.16,24207.16,3050042,0,0,-0.9263
2019-01-16 16:30,24207.16,4.48,0.0002,24202.55,24202.15,24207.23,41373108,4.61,5.08,-0.0799
2019-01-16 16:00,24202.68,-81.12,-0.0033,24283.77,24196.28,24284.76,44966450,-81.09,88.48,1.8236
2019-01-16 15:30,24283.8,32.92,0.0014,24250.86,24248.36,24288.61,15925331,32.94,40.25,-0.003
2019-01-16 15:00,24250.88,-13.65,-0.0006,24264.35,24242.12,24287.6,15973737,-13.47,45.48,0.0208
2019-01-16 14:30,24264.53,29.08,0.0012,24235.68,24235.53,24267.04,15647856,28.85,31.51,0.4361
2019-01-16 14:00,24235.45,15.18,0.0006,24220.09,24213.62,24239.36,10896125,15.36,25.74,0.0302
2019-01-16 13:30,24220.27,0.99,0,24219.39,24196.46,24224.3,10576385,0.88,27.84,-0.0572
2019-01-16 13:00,24219.28,13.17,0.0005,24206.22,24181.81,24225.53,11217989,13.06,43.72,-0.2076
2019-01-16 12:30,24206.11,20.94,0.0009,24185.06,24167.78,24213.01,14156734,21.05,45.23,-0.1458
2019-01-16 12:00,24185.17,-37.11,-0.0015,24220.99,24169.93,24248.42,16572849,-35.82,78.49,-0.0744
2019-01-16 11:30,24222.28,34.05,0.0014,24188.84,24150.74,24223.61,17905681,33.44,72.87,-0.1323
2019-01-16 11:00,24188.23,-21.45,-0.0009,24209.04,24135.6,24215.49,20635108,-20.81,79.89,-0.1855
2019-01-16 10:30,24209.68,9.79,0.0004,24200.16,24198.27,24228.72,25334651,9.52,30.45,-0.3437
2019-01-16 10:00,24199.89,134.3,0.0056,24139.91,24119.72,24216.24,38601465,59.98,96.52,64.4253
2019-01-15 17:00,24065.59,0,0,24065.59,24065.59,24065.59,590008,0,0,-0.9845
2019-01-15 16:30,24065.59,2.31,0.0001,24062.76,24061.45,24065.59,37987394,2.83,4.14,0.0217
2019-01-15 16:00,24063.28,38.52,0.0016,24024.93,24011.21,24081.51,37179902,38.35,70.3,1.362
2019-01-15 15:30,24024.76,26.7,0.0011,23998.06,23987.64,24045.69,15741008,26.7,58.05,0.0195
2019-01-15 15:00,23998.06,56.89,0.0024,23941.24,23913.87,24001.85,15439341,56.82,87.98,-0.1131
2019-01-15 14:30,23941.17,-96.83,-0.004,24038,23934.69,24066.98,17408654,-96.83,132.29,0.452
2019-01-15 14:00,24038,-1.15,0,24039.11,24024.73,24056.88,11989345,-1.11,32.15,0.1314
2019-01-15 13:30,24039.15,-3.7,-0.0002,24042.82,24019.72,24052.03,10597322,-3.67,32.31,-0.3785
2019-01-15 13:00,24042.85,-30.22,-0.0013,24073.24,24029.61,24078.14,17051368,-30.39,48.53,0.0157
2019-01-15 12:30,24073.07,24.05,0.001,24048.94,24047.08,24099.14,16787648,24.13,52.06,0.0552
2019-01-15 12:00,24049.02,69.46,0.0029,23978.95,23963.22,24059.45,15908817,70.07,96.23,0.1171
2019-01-15 11:30,23979.56,-18.15,-0.0008,23997.56,23959,24019.61,14241359,-18,60.61,-0.2176
2019-01-15 11:00,23997.71,74.61,0.0031,23923.06,23903.36,24003.75,18201008,74.65,100.39,-0.3059
2019-01-15 10:30,23923.1,-28.31,-0.0012,23953.06,23892.32,24039.65,26222190,-29.96,147.33,-0.2762
2019-01-15 10:00,23951.41,41.57,0.0017,23914.11,23887.93,23987.4,36229486,37.3,99.47,9.6359
2019-01-14 17:00,23909.84,0,0,23909.84,23909.84,23909.84,3406346,0,0,-0.9483
2019-01-14 16:30,23909.84,5.3,0.0002,23904.07,23904.07,23909.84,65882308,5.77,5.77,0.7906
2019-01-14 16:00,23904.54,-21.85,-0.0009,23926.66,23886.36,23942.49,36793578,-22.12,56.13,1.3982
2019-01-14 15:30,23926.39,-29.66,-0.0012,23956.11,23922.85,23964.9,15342002,-29.72,42.05,0.4513
2019-01-14 15:00,23956.05,56.39,0.0024,23899.67,23898.19,23962.72,10571112,56.38,64.53,-0.0849
2019-01-14 14:30,23899.66,-20.92,-0.0009,23920.85,23885.85,23930.02,11551927,-21.19,44.17,0.2684
2019-01-14 14:00,23920.58,-5.97,-0.0003,23926.63,23915.69,23949.49,9107750,-6.05,33.8,-0.1811
2019-01-14 13:30,23926.55,-1.92,-0.0001,23927.8,23912.65,23946.67,11121888,-1.25,34.02,0.0747
2019-01-14 13:00,23928.47,-10.05,-0.0004,23938.35,23918.69,23943.2,10348781,-9.88,24.51,-0.0572
2019-01-14 12:30,23938.52,44.44,0.0019,23893.82,23880.06,23949.3,10976079,44.7,69.24,-0.2243
2019-01-14 12:00,23894.08,27.41,0.0011,23866.55,23857.62,23915.41,14150473,27.53,57.79,-0.0271
2019-01-14 11:30,23866.67,-31.32,-0.0013,23898.07,23843.18,23909.31,14544900,-31.4,66.13,-0.0946
2019-01-14 11:00,23897.99,20.97,0.0009,23877.07,23853.42,23924.07,16065125,20.92,70.65,-0.139
2019-01-14 10:30,23877.02,13.08,0.0005,23866.37,23856.75,23917.53,18658215,10.65,60.78,-0.3574
2019-01-14 10:00,23863.94,-132.01,-0.0055,23880.53,23765.24,23890.18,29037641,-16.59,124.94,82.3696
2019-01-11 17:00,23995.95,0,0,23995.95,23995.95,23995.95,348300,0,0,-0.9917
2019-01-11 16:30,23995.95,4.31,0.0002,23992.15,23992.15,23995.95,42004517,3.8,3.8,0.145
2019-01-11 16:00,23991.64,62.35,0.0026,23929.24,23927.94,23996.32,36686727,62.4,68.38,1.8599
2019-01-11 15:30,23929.29,5.24,0.0002,23924.13,23917.35,23957.44,12827965,5.16,40.09,0.0673
2019-01-11 15:00,23924.05,-20.05,-0.0008,23943.96,23919.38,23955.22,12019621,-19.91,35.84,0.0527
2019-01-11 14:30,23944.1,20.23,0.0008,23923.87,23907.57,23948.58,11417697,20.23,41.01,-0.0522
2019-01-11 14:00,23923.87,18.39,0.0008,23906.13,23897.09,23933.92,12045963,17.74,36.83,-0.007
2019-01-11 13:30,23905.48,-54.59,-0.0023,23959.99,23881.94,23959.99,12131221,-54.51,78.05,0.0526
2019-01-11 13:00,23960.07,10.06,0.0004,23949.68,23944.62,23981.86,11525315,10.39,37.24,-0.0379
2019-01-11 12:30,23950.01,11.81,0.0005,23938.08,23928.84,23965.04,11979848,11.93,36.2,-0.2264
2019-01-11 12:00,23938.2,47.95,0.002,23889.04,23884.38,23943.79,15485566,49.16,59.41,-0.211
2019-01-11 11:30,23890.25,-20.54,-0.0009,23910.74,23854.45,23922.85,19625699,-20.49,68.4,0.1786
2019-01-11 11:00,23910.79,105.16,0.0044,23806.27,23798.16,23912.58,16651512,104.52,114.42,-0.1672
2019-01-11 10:30,23805.63,-45.32,-0.0019,23850.95,23805.63,23880.98,19994656,-45.32,75.35,-0.2834
2019-01-11 10:00,23850.95,-150.97,-0.0063,23940.01,23801.8,23948.93,27902890,-89.06,147.13,33.9443
2019-01-10 17:00,24001.92,0,0,24001.92,24001.92,24001.92,798497,0,0,-0.9886
2019-01-10 16:30,24001.92,0.99,0,23995.68,23995.68,24001.92,70191705,6.24,6.24,0.6251
2019-01-10 16:00,24000.93,43.12,0.0018,23957.47,23941.19,24014.78,43191707,43.46,73.59,0.8791
2019-01-10 15:30,23957.81,29.2,0.0012,23928.42,23910.48,23962.87,22984928,29.39,52.39,0.5045
2019-01-10 15:00,23928.61,-14.68,-0.0006,23943.19,23886.38,23959.7,15277269,-14.58,73.32,-0.2277
2019-01-10 14:30,23943.29,86.09,0.0036,23857.32,23856.21,23979.81,19781824,85.97,123.6,0.4914
2019-01-10 14:00,23857.2,-2.27,-0.0001,23859.74,23796.95,23867.35,13264062,-2.54,70.4,-0.1868
2019-01-10 13:30,23859.47,-83.86,-0.0035,23941.93,23805.45,23943.71,16310281,-82.46,138.26,0.1304
2019-01-10 13:00,23943.33,23.2,0.001,23919.1,23887.17,23978.11,14428545,24.23,90.94,0.0313
2019-01-10 12:30,23920.13,-4.75,-0.0002,23924.98,23873.68,23944.75,13991191,-4.85,71.07,-0.131
2019-01-10 12:00,23924.88,49.32,0.0021,23875.27,23875.27,23946.08,16101034,49.61,70.81,-0.1009
2019-01-10 11:30,23875.56,3.13,0.0001,23872.72,23857.89,23926.87,17908411,2.84,68.98,0.0123
2019-01-10 11:00,23872.43,35.96,0.0015,23836.37,23822.57,23878.2,17690333,36.06,55.63,-0.258
2019-01-10 10:30,23836.47,96.23,0.0041,23740.74,23721.25,23840.07,23842987,95.73,118.82,-0.2637
2019-01-10 10:00,23740.24,-138.88,-0.0058,23811.11,23703.25,23811.11,32382670,-70.87,107.86,62.4753
2019-01-09 17:00,23879.12,0,0,23879.12,23879.12,23879.12,510162,0,0,-0.9879
2019-01-09 16:30,23879.12,2.37,0.0001,23878.09,23877,23879.12,42320704,1.03,2.12,0.0091
2019-01-09 16:00,23876.75,-49.07,-0.0021,23925.64,23828.19,23935.66,41938104,-48.89,107.47,1.2493
2019-01-09 15:30,23925.82,8.24,0.0003,23917.53,23908.9,23951.73,18644776,8.29,42.83,0.1409
2019-01-09 15:00,23917.58,42.31,0.0018,23875.56,23852.61,23953.91,16342804,42.02,101.3,-0.1767
2019-01-09 14:30,23875.27,-42,-0.0018,23917.45,23845.11,23985.45,19849601,-42.18,140.34,0.574
2019-01-09 14:00,23917.27,-37.12,-0.0016,23954.37,23894.68,23960.09,12611333,-37.1,65.41,-0.1135
2019-01-09 13:30,23954.39,-9.66,-0.0004,23964.12,23919.53,23969.17,14225670,-9.73,49.64,-0.0688
2019-01-09 13:00,23964.05,40.49,0.0017,23923.89,23916.83,23971.14,15276722,40.16,54.31,0.0312
2019-01-09 12:30,23923.56,-13.49,-0.0006,23936.88,23908.91,23942.03,14815005,-13.32,33.12,-0.2258
2019-01-09 12:00,23937.05,24.01,0.001,23913.12,23874.57,23970.8,19135438,23.93,96.23,-0.1116
2019-01-09 11:30,23913.04,59.07,0.0025,23852.81,23845.24,23927.82,21538581,60.23,82.58,-0.0246
2019-01-09 11:00,23853.97,-69.11,-0.0029,23923.03,23776.56,23923.03,22081875,-69.06,146.47,-0.1205
2019-01-09 10:30,23923.08,-32.62,-0.0014,23957.7,23900.28,23982.73,25108158,-34.62,82.45,-0.375
2019-01-09 10:00,23955.7,168.25,0.0071,23844.27,23844.27,23973.59,40175388,111.43,129.32,40.1192
2019-01-08 17:00,23787.45,0,0,23787.45,23787.45,23787.45,977046,0,0,-0.9782
2019-01-08 16:30,23787.45,1.24,0.0001,23789.21,23787.35,23789.45,44885857,-1.76,2.1,0.0703
2019-01-08 16:00,23786.21,-13.2,-0.0006,23799.56,23765.44,23820.58,41939299,-13.35,55.14,1.3432
2019-01-08 15:30,23799.41,34.62,0.0015,23764.8,23726.16,23799.41,17898631,34.61,73.25,0.1838
2019-01-08 15:00,23764.79,13.19,0.0006,23751.53,23741.1,23797.3,15119352,13.26,56.2,0.1534
2019-01-08 14:30,23751.6,-21.3,-0.0009,23772.47,23733.66,23798.59,13108082,-20.87,64.93,-0.1534
2019-01-08 14:00,23772.9,50.57,0.0021,23722.39,23695.84,23801.57,15482786,50.51,105.73,0.0979
2019-01-08 13:30,23722.33,47.47,0.002,23675.21,23648.29,23729.58,14102192,47.12,81.29,-0.0903
2019-01-08 13:00,23674.86,-77.86,-0.0033,23752.75,23631.24,23760.64,15501885,-77.89,129.4,0.0307
2019-01-08 12:30,23752.72,65.99,0.0028,23687.23,23669.16,23768.34,15040499,65.49,99.18,-0.1334
2019-01-08 12:00,23686.73,31.22,0.0013,23654.79,23602.27,23692.69,17355867,31.94,90.42,-0.1473
2019-01-08 11:30,23655.51,38.22,0.0016,23616.89,23615.89,23706.75,20353470,38.62,90.86,-0.0414
2019-01-08 11:00,23617.29,-58.28,-0.0025,23675.32,23581.45,23694.19,21231855,-58.03,112.74,-0.1057
2019-01-08 10:30,23675.57,-91.89,-0.0039,23767.25,23641.52,23814.14,23740217,-91.68,172.62,-0.4165
2019-01-08 10:00,23767.46,236.11,0.01,23680.32,23680.32,23864.65,40686082,87.14,184.33,24.47
2019-01-07 17:30,23531.35,0,0,23531.35,23531.35,23531.35,1597415,0,0,-0.9735
2019-01-07 16:30,23531.35,4.29,0.0002,23532.43,23531.35,23533.18,60296621,-1.08,1.83,0.4443
2019-01-07 16:00,23527.06,-66.66,-0.0028,23593.55,23514.45,23599.59,41748823,-66.49,85.14,1.1605
2019-01-07 15:30,23593.72,84.63,0.0036,23509.02,23507.27,23611.74,19323694,84.7,104.47,0.2888
2019-01-07 15:00,23509.09,-60.75,-0.0026,23569.63,23494.69,23579.3,14993527,-60.54,84.61,-0.0658
2019-01-07 14:30,23569.84,-5.08,-0.0002,23575.02,23546.48,23602.78,16048976,-5.18,56.3,-0.0062
2019-01-07 14:00,23574.92,-89.08,-0.0038,23665.13,23570,23674.04,16149772,-90.21,104.04,0.1169
2019-01-07 13:30,23664,18.38,0.0008,23645.52,23645.49,23687.74,14459956,18.48,42.25,0.0158
2019-01-07 13:00,23645.62,36.31,0.0015,23609.23,23600.53,23668.11,14234960,36.39,67.58,-0.0709
2019-01-07 12:30,23609.31,-20.21,-0.0009,23629.87,23575.39,23632.28,15320776,-20.56,56.89,-0.2265
2019-01-07 12:00,23629.52,120.65,0.0051,23514.63,23493.93,23630.07,19807754,114.89,136.14,-0.0831
2019-01-07 11:30,23508.87,7.21,0.0003,23501.23,23488.65,23544.48,21603437,7.64,55.83,0.0106
2019-01-07 11:00,23501.66,94.59,0.004,23406.73,23406.69,23542.56,21376243,94.93,135.87,-0.0143
2019-01-07 10:30,23407.07,20.52,0.0009,23388.46,23340.22,23444.97,21686355,18.61,104.75,-0.3901
2019-01-07 10:00,23386.55,-46.61,-0.002,23474.26,23301.59,23474.26,35555627,-87.71,172.67,12.7668
2019-01-04 17:30,23433.16,0,0,23433.16,23433.16,23433.16,2582703,0,0,-0.9601
2019-01-04 16:30,23433.16,6.48,0.0003,23428.02,23427.74,23433.16,64797104,5.14,5.42,0.2908
2019-01-04 16:00,23426.68,45.03,0.0019,23382.29,23370.68,23452.9,50197491,44.39,82.22,1.2179
2019-01-04 15:30,23381.65,3.2,0.0001,23379.23,23357.77,23455.5,22633214,2.42,97.73,0.2929
2019-01-04 15:00,23378.45,-54.79,-0.0023,23432.95,23371.16,23474.17,17506197,-54.5,103.01,0.1036
2019-01-04 14:30,23433.24,10.92,0.0005,23423.39,23365.45,23440.28,15862979,9.85,74.83,-0.0612
2019-01-04 14:00,23422.32,-39.17,-0.0017,23462.06,23393.27,23495.55,16896826,-39.74,102.28,-0.0391
2019-01-04 13:30,23461.49,6.87,0.0003,23454.76,23444.22,23518.64,17584142,6.73,74.42,0.0199
2019-01-04 13:00,23454.62,56.05,0.0024,23398.65,23374.87,23478.19,17240352,55.97,103.32,-0.0072
2019-01-04 12:30,23398.57,69.83,0.003,23324.7,23271.7,23415.77,17364972,73.87,144.07,-0.2273
2019-01-04 12:00,23328.74,63.43,0.0027,23265.04,23236.4,23352.78,22472274,63.7,116.38,-0.1087
2019-01-04 11:30,23265.31,-47.33,-0.002,23312.15,23245.38,23377.69,25212921,-46.84,132.31,-0.0916
2019-01-04 11:00,23312.64,7.95,0.0003,23305.57,23223.35,23339.85,27756302,7.07,116.5,-0.1459
2019-01-04 10:30,23304.69,156.9,0.0068,23149.43,23042.4,23304.69,32497360,155.26,262.29,-0.2844
2019-01-04 10:00,23147.79,461.57,0.0203,22894.92,22894.92,23152.93,45410887,252.87,258.01,10.3929
2019-01-03 17:00,22686.22,0,0,22686.22,22686.22,22686.22,3985887,0,0,-0.9292
2019-01-03 16:30,22686.22,2.64,0.0001,22685.54,22684.39,22687.03,56263147,0.68,2.64,-0.0035
2019-01-03 16:00,22683.58,-46.53,-0.002,22731.19,22638.41,22796.94,56462190,-47.61,158.53,1.2888
2019-01-03 15:30,22730.11,-12.83,-0.0006,22742.74,22685.43,22761.95,24669046,-12.63,76.52,0.2197
2019-01-03 15:00,22742.94,-117.12,-0.0051,22862.15,22716.69,22898.86,20225376,-119.21,182.17,0.0613
2019-01-03 14:30,22860.06,86.72,0.0038,22771.67,22755.36,22870.56,19058001,88.39,115.2,0.0494
2019-01-03 14:00,22773.34,-50.01,-0.0022,22823.05,22749.73,22887.68,18161519,-49.71,137.95,-0.0232
2019-01-03 13:30,22823.35,-125.37,-0.0055,22948.08,22745.99,22948.08,18593082,-124.73,202.09,0.1867
2019-01-03 13:00,22948.72,32.64,0.0014,22916.11,22866.58,22969.98,15668388,32.61,103.4,-0.1556
2019-01-03 12:30,22916.08,-34.33,-0.0015,22950.64,22894.39,22983.31,18555570,-34.56,88.92,-0.2799
2019-01-03 12:00,22950.41,176.98,0.0078,22773.34,22756.07,23021.52,25768202,177.07,265.45,-0.0015
2019-01-03 11:30,22773.43,-6.18,-0.0003,22780.9,22734.74,22856.47,25805947,-7.47,121.73,-0.1539
2019-01-03 11:00,22779.61,-40.3,-0.0018,22818.76,22668.77,22818.76,30498274,-39.15,149.99,-0.1607
2019-01-03 10:30,22819.91,-209.41,-0.0091,23030.55,22765.55,23030.55,36337679,-210.64,265,-0.3294
2019-01-03 10:00,23029.32,-316.92,-0.0136,23176.39,22961.87,23176.39,54186171,-147.07,214.52,14.6294
2019-01-02 17:00,23346.24,0,0,23346.24,23346.24,23346.24,3466943,0,0,-0.94
2019-01-02 16:30,23346.24,5.53,0.0002,23343.31,23343.31,23346.29,57772661,2.93,2.98,0.5802
2019-01-02 16:00,23340.71,104.38,0.0045,23236.35,23188.63,23362.27,36560151,104.36,173.64,0.588
2019-01-02 15:30,23236.33,-31.33,-0.0013,23267.83,23183.91,23299.65,23022315,-31.5,115.74,0.6356
2019-01-02 15:00,23267.66,-27.37,-0.0012,23295.14,23267.49,23358.98,14076158,-27.48,91.49,0.003
2019-01-02 14:30,23295.03,-117.27,-0.005,23411.29,23252.22,23411.52,14034285,-116.26,159.3,0.1263
2019-01-02 14:00,23412.3,27.24,0.0012,23385,23345.7,23413.47,12461052,27.3,67.77,-0.0241
2019-01-02 13:30,23385.06,57.35,0.0025,23327.52,23327.47,23406.34,12769243,57.54,78.87,-0.1216
2019-01-02 13:00,23327.71,109.82,0.0047,23218.13,23207.53,23341.34,14536201,109.58,133.81,0.0272
2019-01-02 12:30,23217.89,8.76,0.0004,23208.56,23193.65,23244.62,14151265,9.33,50.97,-0.1814
2019-01-02 12:00,23209.13,-59.45,-0.0026,23268.66,23205.83,23323.52,17287089,-59.53,117.69,-0.1617
2019-01-02 11:30,23268.58,50.76,0.0022,23217.77,23194.8,23345.19,20621046,50.81,150.39,0.057
2019-01-02 11:00,23217.82,96.37,0.0042,23122.14,23082.14,23246.92,19508893,95.68,164.78,-0.1858
2019-01-02 10:30,23121.45,50.97,0.0022,23075.37,23014.32,23198.69,23959363,46.08,184.37,-0.3583
2019-01-02 10:00,23070.48,-256.98,-0.011,23058.61,22928.59,23091.71,37340186,11.87,163.12,23.5131
2018-12-31 17:30,23327.46,0,0,23327.46,23327.46,23327.46,1523274,0,0,-0.9729
2018-12-31 16:30,23327.46,4.95,0.0002,23333.18,23327.32,23333.18,56275351,-5.72,5.86,0.2364
2018-12-31 16:00,23322.51,85.48,0.0037,23238,23146.52,23322.51,45516054,84.51,175.99,1.9115
2018-12-31 15:30,23237.03,4.66,0.0002,23232.19,23210.13,23281.78,15633325,4.84,71.65,0.232
2018-12-31 15:00,23232.37,50.56,0.0022,23181.84,23157,23289.94,12689053,50.53,132.94,-0.1387
2018-12-31 14:30,23181.81,-50.4,-0.0022,23232.85,23171.27,23267.85,14732107,-51.04,96.58,0.2483
2018-12-31 14:00,23232.21,-95,-0.0041,23327.12,23226.38,23329.49,11802039,-94.91,103.11,-0.0673
2018-12-31 13:30,23327.21,50.84,0.0022,23276.55,23267.67,23327.21,12654216,50.66,59.54,0.0634
2018-12-31 13:00,23276.37,34.12,0.0015,23242.25,23241.01,23282.07,11899481,34.12,41.06,-0.0793
2018-12-31 12:30,23242.25,25.68,0.0011,23214.49,23182.33,23242.25,12924182,27.76,59.92,-0.1318
2018-12-31 12:00,23216.57,16.18,0.0007,23200.91,23118.3,23220.2,14886617,15.66,101.9,-0.0297
2018-12-31 11:30,23200.39,-5.02,-0.0002,23205.58,23143.31,23227.92,15341957,-5.19,84.61,-0.1161
2018-12-31 11:00,23205.41,-45.96,-0.002,23251.33,23179.74,23262.02,17357129,-45.92,82.28,-0.0532
2018-12-31 10:30,23251.37,-12.01,-0.0005,23263.08,23228.46,23314,18332046,-11.71,85.54,-0.3276
2018-12-31 10:00,23263.38,200.98,0.0087,23153.94,23153.94,23321.43,27264058,109.44,167.49,82.1914
2018-12-28 17:30,23062.4,0,0,23062.4,23062.4,23062.4,327727,0,0,-0.9919
2018-12-28 16:30,23062.4,9.86,0.0004,23059.08,23059.08,23062.4,40450916,3.32,3.32,-0.1778
2018-12-28 16:00,23052.54,-19.81,-0.0009,23073.06,22981.33,23100.21,49197652,-20.52,118.88,0.7388
2018-12-28 15:30,23072.35,-290.69,-0.0124,23363.18,23030.9,23379.38,28293679,-290.83,348.48,0.3211
2018-12-28 15:00,23363.04,132.96,0.0057,23231.04,23224.93,23381.88,21416300,132,156.95,0.1947
2018-12-28 14:30,23230.08,80.92,0.0035,23149.75,23149.75,23327.17,17926816,80.33,177.42,0.3968
2018-12-28 14:00,23149.16,73.19,0.0032,23075.83,23036.62,23194.06,12834060,73.33,157.44,0.0017
2018-12-28 13:30,23075.97,-54.54,-0.0024,23130.23,23055.42,23168.18,12812465,-54.26,112.76,-0.0695
2018-12-28 13:00,23130.51,-54.6,-0.0024,23185.54,23118.41,23243.13,13768736,-55.03,124.72,-0.1895
2018-12-28 12:30,23185.11,-15.06,-0.0006,23194.91,23145.62,23251.7,16987539,-9.8,106.08,0.0086
2018-12-28 12:00,23200.17,70.99,0.0031,23129.45,23099.01,23219.71,16842103,70.72,120.7,-0.182
2018-12-28 11:30,23129.18,55.65,0.0024,23073.53,23030.41,23165.79,20589590,55.65,135.38,-0.0378
2018-12-28 11:00,23073.53,-26.61,-0.0012,23100.14,22983.56,23151.81,21397686,-26.61,168.25,-0.1538
2018-12-28 10:30,23100.14,-135.88,-0.0058,23235.08,23084.38,23256.03,25287452,-134.94,171.65,-0.3411
2018-12-28 10:00,23236.02,97.2,0.0042,23213.61,23156.42,23300.01,38377077,22.41,143.59,4.4225
2018-12-27 17:30,23138.82,0,0,23138.82,23138.82,23138.82,7077337,0,0,-0.8997
2018-12-27 16:30,23138.82,4.8,0.0002,23137.53,23132.33,23138.89,70566803,1.29,6.56,0.0277
2018-12-27 16:00,23134.02,329.56,0.0145,22803.19,22737.06,23134.02,68666747,330.83,396.96,1.3937
2018-12-27 15:30,22804.46,263.27,0.0117,22541.87,22467.25,22818.76,28686072,262.59,351.51,0.4488
2018-12-27 15:00,22541.19,219.03,0.0098,22323.78,22287.12,22560.44,19799808,217.41,273.32,-0.0536
2018-12-27 14:30,22322.16,-33.35,-0.0015,22355.54,22267.42,22376.12,20921835,-33.38,108.7,0.3327
2018-12-27 14:00,22355.51,-81.6,-0.0036,22436.76,22326,22468.53,15699172,-81.25,142.53,0.1894
2018-12-27 13:30,22437.11,-81.29,-0.0036,22517.37,22436.53,22545.36,13199391,-80.26,108.83,-0.1686
2018-12-27 13:00,22518.4,69.76,0.0031,22448.47,22419.23,22522.33,15875214,69.93,103.1,-0.1246
2018-12-27 12:30,22448.64,-131.25,-0.0058,22576.01,22416.58,22580.3,18134015,-127.37,163.72,-0.0524
2018-12-27 12:00,22579.89,-27.64,-0.0012,22607.32,22507.62,22680.02,19137461,-27.43,172.4,0.0253
2018-12-27 11:30,22607.53,133.02,0.0059,22472.23,22428.38,22629.04,18665266,135.3,200.66,-0.2614
2018-12-27 11:00,22474.51,85.78,0.0038,22389.43,22350.34,22592.09,25270930,85.08,241.75,-0.0677
2018-12-27 10:30,22388.73,-127.47,-0.0057,22517.05,22361.06,22594.46,27107129,-128.32,233.4,-0.3073
2018-12-27 10:00,22516.2,-362.25,-0.0158,22629.06,22438.19,22641.93,39134285,-112.86,203.74,10.9087
2018-12-26 17:00,22878.45,0,0,22878.45,22878.45,22878.45,3286202,0,0,-0.9489
2018-12-26 16:30,22878.45,1.97,0.0001,22878.52,22876.75,22878.92,64301929,-0.07,2.17,0.0105
2018-12-26 16:00,22876.48,320.11,0.0142,22555.54,22544.58,22877.09,63636480,320.94,332.51,1.8394
2018-12-26 15:30,22556.37,113.87,0.0051,22441.52,22413.68,22568.1,22411876,114.85,154.42,0.0811
2018-12-26 15:00,22442.5,112.18,0.005,22330.21,22330.21,22444.83,20730305,112.29,114.62,-0.0904
2018-12-26 14:30,22330.32,-86.13,-0.0038,22416.75,22307.29,22428.39,22791489,-86.43,121.1,0.2114
2018-12-26 14:00,22416.45,187.73,0.0084,22228.05,22218.99,22418.35,18814607,188.4,199.36,-0.1399
2018-12-26 13:30,22228.72,-99.43,-0.0045,22328.02,22162.25,22348.79,21875519,-99.3,186.54,0.0468
2018-12-26 13:00,22328.15,133.01,0.006,22196.29,22181.95,22354.87,20898162,131.86,172.92,-0.239
2018-12-26 12:30,22195.14,65.53,0.003,22132.79,22126.63,22305.7,27461752,62.35,179.07,0.1415
2018-12-26 12:00,22129.61,163.79,0.0075,21964.88,21928.02,22129.61,24057057,164.73,201.59,-0.0054
2018-12-26 11:30,21965.82,236.09,0.0109,21729.61,21726.32,21977.62,24188848,236.21,251.3,0.0332
2018-12-26 11:00,21729.73,-73.85,-0.0034,21803.6,21712.53,21852.19,23410714,-73.87,139.66,-0.265
2018-12-26 10:30,21803.58,-66.3,-0.003,21866.52,21743.8,21886.6,31851184,-62.94,142.8,-0.2655
2018-12-26 10:00,21869.88,77.68,0.0036,21857.73,21857.73,22074.39,43362437,12.15,216.66,11.9756
2018-12-24 15:00,21792.2,0,0,21792.2,21792.2,21792.2,3341843,0,0,
2018-12-24 14:30,21792.2,0,0,21792.2,21792.2,21792.2,,0,0,
2018-12-24 13:30,21792.2,-17.1,-0.0008,21812.08,21792.2,21812.08,29099568,-19.88,19.88,-0.436
2018-12-24 13:00,21809.3,-176.31,-0.008,21985.52,21801.5,22030.85,51596668,-176.22,229.35,0.5894
2018-12-24 12:30,21985.61,-18.28,-0.0008,22004.37,21912.87,22067.45,32462520,-18.76,154.58,0.1776
2018-12-24 12:00,22003.89,-32.64,-0.0015,22036.05,21970.36,22113.49,27567215,-32.16,143.13,-0.1011
2018-12-24 11:30,22036.53,-171.67,-0.0077,22209.68,22007.62,22259.84,30668992,-173.15,252.22,-0.1451
2018-12-24 11:00,22208.2,87.51,0.004,22127.52,22127.52,22337.96,35874084,80.68,210.44,-0.1463
2018-12-24 10:30,22120.69,1.49,0.0001,22120.92,21993.79,22151.61,42021902,-0.23,157.82,-0.2467
2018-12-24 10:00,22119.2,-326.17,-0.0145,22317.28,22053.2,22339.87,55786218,-198.08,286.67,2.7847
2018-12-21 17:30,22445.37,0,0,22445.37,22445.37,22445.37,14739825,0,0,-0.9491
2018-12-21 16:30,22445.37,5.56,0.0002,22435.36,22434.76,22445.37,289581608,10.01,10.61,2.1511
2018-12-21 16:00,22439.81,-13.04,-0.0006,22451.18,22396.34,22523.09,91898418,-11.37,126.75,1.4485
2018-12-21 15:30,22452.85,-184.48,-0.0081,22636.99,22452.85,22679.2,37532684,-184.14,226.35,0.5847
2018-12-21 15:00,22637.33,-13.66,-0.0006,22653.45,22597.4,22707.92,23684337,-16.12,110.52,-0.0745
2018-12-21 14:30,22650.99,-48.51,-0.0021,22699.63,22611.27,22719.91,25590494,-48.64,108.64,0.0503
2018-12-21 14:00,22699.5,-33.59,-0.0015,22733.77,22670.84,22811.44,24365475,-34.27,140.6,-0.0497
2018-12-21 13:30,22733.09,25.81,0.0011,22709.55,22652.93,22774.38,25639283,23.54,121.45,-0.2801
2018-12-21 13:00,22707.28,-6.45,-0.0003,22716.87,22637.77,22840.63,35616488,-9.59,202.86,0.0938
2018-12-21 12:30,22713.73,-142.54,-0.0062,22857.87,22705.38,22892.49,32562565,-144.14,187.11,0.3434
2018-12-21 12:00,22856.27,-151.49,-0.0066,23008.01,22845.68,23025.25,24238343,-151.74,179.57,-0.2256
2018-12-21 11:30,23007.76,-13.32,-0.0006,23022.25,22830.08,23023.93,31300808,-14.49,193.85,0.1283
2018-12-21 11:00,23021.08,-127.43,-0.0055,23146.03,23009.92,23160.15,27742649,-124.95,150.23,-0.386
2018-12-21 10:30,23148.51,173.49,0.0076,22975.04,22928.28,23254.59,45180039,173.47,326.31,-0.7355
2018-12-21 10:00,22975.02,115.42,0.005,22871.74,22848.17,23015.69,170841470,103.28,167.52,117.8112
2018-12-20 17:30,22859.6,0,0,22859.6,22859.6,22859.6,1437924,0,0,-0.9839
2018-12-20 16:30,22859.6,-0.54,0,22853.67,22850.72,22859.6,89083893,5.93,8.88,0.1194
2018-12-20 16:00,22860.14,-38.31,-0.0017,22899.91,22741.94,22981.24,79582428,-39.77,239.3,1.1415
2018-12-20 15:30,22898.45,-23.73,-0.001,22921.41,22777.69,23013.33,37162247,-22.96,235.64,-0.0453
2018-12-20 15:00,22922.18,53.17,0.0023,22869.74,22832.03,23058.55,38925340,52.44,226.52,-0.0609
2018-12-20 14:30,22869.01,34.33,0.0015,22836.24,22644.31,22874.99,41451150,32.77,230.68,0.6672
2018-12-20 14:00,22834.68,-84.86,-0.0037,22919.88,22831.29,22935.96,24863073,-85.2,104.67,0.151
2018-12-20 13:30,22919.54,-53.74,-0.0023,22973.26,22863.79,22977.2,21602050,-53.72,113.41,-0.1768
2018-12-20 13:00,22973.28,-91.75,-0.004,23063.91,22896.88,23071.42,26240788,-90.63,174.54,-0.2094
2018-12-20 12:30,23065.03,118.6,0.0052,22950.05,22885.03,23066.55,33192600,114.98,181.52,-0.191
2018-12-20 12:00,22946.43,-134.15,-0.0058,23080.16,22882.63,23103.01,41028054,-133.73,220.38,0.3784
2018-12-20 11:30,23080.58,-111.15,-0.0048,23191.66,23044.93,23204.16,29765144,-111.08,159.23,0.0559
2018-12-20 11:00,23191.73,19.78,0.0009,23171.6,23146.95,23279.58,28188195,20.13,132.63,-0.1172
2018-12-20 10:30,23171.95,-22.27,-0.001,23195.21,23135.94,23282.2,31930354,-23.26,146.26,-0.3889
2018-12-20 10:00,23194.22,-129.44,-0.0056,23224.12,23067.01,23260.75,52246403,-29.9,193.74,31.9934
2018-12-19 17:00,23323.66,0,0,23323.66,23323.66,23323.66,1583543,0,0,-0.9792
2018-12-19 16:30,23323.66,0.95,0,23323.25,23322.88,23324.17,76115658,0.41,1.29,0.0287
2018-12-19 16:00,23322.71,47.52,0.002,23264.06,23219.13,23389.86,73992306,58.65,170.73,0.0578
2018-12-19 15:30,23275.19,-153.39,-0.0065,23427.49,23162.64,23427.49,69950138,-152.3,264.85,0.4444
2018-12-19 15:00,23428.58,-369.24,-0.0155,23798.29,23365.4,23873.21,48426866,-369.71,507.81,0.022
2018-12-19 14:30,23797.82,-227.73,-0.0095,24035.66,23608.13,24057.34,47382810,-237.84,449.21,1.4154
2018-12-19 14:00,24025.55,152.48,0.0064,23873.03,23860.11,24025.55,19616929,152.52,165.44,0.1927
2018-12-19 13:30,23873.07,-55.62,-0.0023,23928.46,23838,23931.31,16447348,-55.39,93.31,0.1439
2018-12-19 13:00,23928.69,-45.54,-0.0019,23974.26,23927.76,23986.84,14378085,-45.57,59.08,-0.0715
2018-12-19 12:30,23974.23,66.39,0.0028,23908.49,23904.41,23994.87,15484727,65.74,90.46,-0.0102
2018-12-19 12:00,23907.84,52.65,0.0022,23854.79,23816.92,23913.49,15643966,53.05,96.57,-0.1669
2018-12-19 11:30,23855.19,-46.03,-0.0019,23903.72,23810.99,23911.14,18778408,-48.53,100.15,-0.1029
2018-12-19 11:00,23901.22,30.89,0.0013,23870.64,23850.12,23919.93,20932191,30.58,69.81,-0.227
2018-12-19 10:30,23870.33,61.97,0.0026,23810.94,23810.94,23891.98,27078523,59.39,81.04,-0.2824
2018-12-19 10:00,23808.36,132.72,0.0056,23693.33,23668.86,23857.3,37737106,115.03,188.44,103.1064
2018-12-18 17:00,23675.64,0,0,23675.64,23675.64,23675.64,362486,0,0,-0.9948
2018-12-18 16:30,23675.64,-0.84,0,23676.42,23675.5,23678.11,69410498,-0.78,2.61,0.2435
2018-12-18 16:00,23676.48,85.05,0.0036,23591.52,23591.52,23796.05,55819794,84.96,204.53,0.7428
2018-12-18 15:30,23591.43,24.49,0.001,23565.52,23516.02,23643.28,32027958,25.91,127.26,0.1306
2018-12-18 15:00,23566.94,-200.61,-0.0084,23766.9,23566.94,23768.78,28329354,-199.96,201.84,0.5779
2018-12-18 14:30,23767.55,8.78,0.0004,23758.63,23740.22,23817.23,17953654,8.92,77.01,0.0767
2018-12-18 14:00,23758.77,-72.56,-0.003,23831.27,23735.55,23831.27,16674682,-72.5,95.72,-0.0278
2018-12-18 13:30,23831.33,-65.21,-0.0027,23896.84,23816.01,23912.13,17151212,-65.51,96.12,0.1591
2018-12-18 13:00,23896.54,29.14,0.0012,23868.04,23851.66,23916.38,14797240,28.5,64.72,-0.2448
2018-12-18 12:30,23867.4,54.25,0.0023,23812.38,23809.77,23913.65,19594603,55.02,103.88,0.0105
2018-12-18 12:00,23813.15,41.94,0.0018,23770.54,23768.61,23854.59,19391617,42.61,85.98,-0.1179
2018-12-18 11:30,23771.21,-19.39,-0.0008,23791.61,23731.51,23833.41,21982585,-20.4,101.9,-0.1139
2018-12-18 11:00,23790.6,-99.93,-0.0042,23890.29,23770.08,23927.77,24808000,-99.69,157.69,-0.0572
2018-12-18 10:30,23890.53,-15.51,-0.0006,23901.25,23840.07,23907.99,26313642,-10.72,67.92,-0.3944
2018-12-18 10:00,23906.04,313.06,0.0133,23769.13,23769.13,23919.6,43453221,136.91,150.47,20.7332
2018-12-17 17:00,23592.98,0,0,23592.98,23592.98,23592.98,1999394,0,0,-0.9751
2018-12-17 16:30,23592.98,-1.32,-0.0001,23594.88,23592.78,23598.98,80277528,-1.9,6.2,0.0541
2018-12-17 16:00,23594.3,23.5,0.001,23570.82,23456.88,23620.15,76157670,23.48,163.27,1.2146
2018-12-17 15:30,23570.8,-105.99,-0.0045,23676.65,23549.46,23713.78,34388609,-105.85,164.32,0.4902
2018-12-17 15:00,23676.79,-21.67,-0.0009,23698.48,23646.42,23765.82,23076911,-21.69,119.4,-0.0772
2018-12-17 14:30,23698.46,-30,-0.0013,23724.45,23680.79,23761.99,25007488,-25.99,81.2,0.0283
2018-12-17 14:00,23728.46,-98.53,-0.0041,23826.43,23721.35,23860.81,24319586,-97.97,139.46,0.1588
2018-12-17 13:30,23826.99,-4.01,-0.0002,23830.71,23792.07,23877.29,20986107,-3.72,85.22,0.0347
2018-12-17 13:00,23831,-185.26,-0.0077,24016.01,23827,24016.01,20282355,-185.01,189.01,0.1502
2018-12-17 12:30,24016.26,-51.03,-0.0021,24067.35,24002.56,24088.08,17633327,-51.09,85.52,-0.0171
2018-12-17 12:00,24067.29,45.03,0.0019,24022.43,23981.28,24071.99,17939780,44.86,90.71,-0.2081
2018-12-17 11:30,24022.26,48.54,0.002,23974.42,23969.09,24082.21,22654550,47.84,113.12,-0.0918
2018-12-17 11:00,23973.72,50.32,0.0021,23923.82,23851.21,23998.43,24945225,49.9,147.22,-0.1429
2018-12-17 10:30,23923.4,16.3,0.0007,23905.51,23854.42,23975.03,29103634,17.89,120.61,-0.3933
2018-12-17 10:00,23907.1,-193.41,-0.008,23986.83,23785.17,23986.83,47967828,-79.73,201.66,24.1524
2018-12-14 17:00,24100.51,,,24100.51,24100.51,24100.51,1907088,0,0,
