Date,Close,ROI,Lower Bound,Upper Bound,Middle Bound,sellSignal,buySignal
2018-12-14 17:00:00,0.937400476236,,,,,0,0
2018-12-17 10:00:00,0.929877704888,-0.00802514137668,,,,0,0
2018-12-17 10:30:00,0.930511700922,0.000681805823375,,,,0,0
2018-12-17 11:00:00,0.932468920581,0.00210337995435,,,,0,0
2018-12-17 11:30:00,0.934356906317,0.00202471706519,,,,0,0
2018-12-17 12:00:00,0.936108368981,0.00187451139069,,,,0,0
2018-12-17 12:30:00,0.934123533544,-0.00212030519431,,,,0,0
2018-12-17 13:00:00,0.926917760213,-0.007713940472,,,,0,0
2018-12-17 13:30:00,0.926761789409,-0.000168268222064,,,,0,0
2018-12-17 14:00:00,0.922929419516,-0.00413522648056,,,,0,0
2018-12-17 14:30:00,0.92176255565,-0.00126430455242,,,,0,0
2018-12-17 15:00:00,0.920919690983,-0.000914405408621,,,,0,0
2018-12-17 15:30:00,0.916797160942,-0.00447653588176,,,,0,0
2018-12-17 16:00:00,0.917711204305,0.000996996283537,,,,0,0
2018-12-17 16:30:00,0.917659862295,-5.59457157024e-05,,,,0,0
2018-12-17 17:00:00,0.917659862295,0.0,,,,0,0
2018-12-18 10:00:00,0.929836475698,0.0132692012624,,,,0,0
2018-12-18 10:30:00,0.929233207079,-0.000648790012901,,,,0,0
2018-12-18 11:00:00,0.925346383539,-0.00418282892845,,,,0,0
2018-12-18 11:30:00,0.924592200526,-0.000815027784083,0.91357801344,0.939719504951,0.926648759196,0,0
2018-12-18 12:00:00,0.926223476212,0.00176431910702,0.914038737125,0.938141081264,0.926089909195,0,0
2018-12-18 12:30:00,0.928333555037,0.00227815303729,0.914044204591,0.937981198813,0.926012701702,0,0
2018-12-18 13:00:00,0.929466968807,0.00122091220661,0.914065753501,0.937855176692,0.925960465096,0,0
2018-12-18 13:30:00,0.926930595715,-0.00272884693767,0.914175224294,0.937191873412,0.925683548853,0,0
2018-12-18 14:00:00,0.924108340976,-0.00304473145225,0.914399815795,0.935942425377,0.925171120586,0,0
2018-12-18 14:30:00,0.924449843135,0.000369547750157,0.915126909634,0.934049478954,0.924588194294,0,0
2018-12-18 15:00:00,0.916647024458,-0.00844049975702,0.914745784776,0.932682952903,0.923714368839,0,0
2018-12-18 15:30:00,0.917599574328,0.00103916757967,0.914016293902,0.932480625189,0.923248459545,0,0
2018-12-18 16:00:00,0.92090763339,0.0036051227077,0.913821909353,0.932089594136,0.922955751744,0,0
2018-12-18 16:30:00,0.920874961202,-3.54782467664e-05,0.913671851621,0.932034206036,0.922853028829,0,0
2018-12-18 17:00:00,0.920874961202,0.0,0.913596748343,0.93202054987,0.922808649106,0,0
2018-12-19 10:00:00,0.926037166948,0.0056057618717,0.913789468232,0.932339577577,0.923064522904,0,0
2018-12-19 10:30:00,0.928447518742,0.00260286722815,0.914568009864,0.932726071725,0.923647040794,0,0
2018-12-19 11:00:00,0.92964899957,0.00129407511333,0.915238661702,0.933249199413,0.924243930558,0,0
2018-12-19 11:30:00,0.927858641444,-0.00192584311596,0.916173401559,0.933334337471,0.924753869515,0,0
2018-12-19 12:00:00,0.92990648753,0.00220706688985,0.917178384583,0.93355401697,0.925366200777,0,0
2018-12-19 12:30:00,0.932488757267,0.00277691334725,0.916929133785,0.934068495925,0.925498814855,0,0
2018-12-19 13:00:00,0.930717457917,-0.00189953963068,0.916842973923,0.934303080871,0.925573027397,0,0
2018-12-19 13:30:00,0.928554092308,-0.00232440639249,0.916903599454,0.934563226217,0.925733412836,0,0
2018-12-19 14:00:00,0.934484872388,0.00638711317815,0.916595546052,0.935860546805,0.926228046429,0,0
2018-12-19 14:30:00,0.925627208776,-0.00947865917742,0.916561982859,0.935834483254,0.926198233057,0,0
2018-12-19 15:00:00,0.911265448305,-0.0155157069009,0.91369254349,0.936997111951,0.92534482772,0,1
2018-12-19 15:30:00,0.905299273355,-0.00654713175105,0.909622833839,0.938650052057,0.924136442948,0,1
2018-12-19 16:00:00,0.90714758572,0.00204165895101,0.906848705874,0.939445879022,0.923147292448,0,0
2018-12-19 16:30:00,0.907184536409,4.07328307903e-05,0.904522499773,0.940079704666,0.92230110222,0,0
2018-12-19 17:00:00,0.907184536409,0.0,0.902462158366,0.9404135154,0.921437836883,0,0
2018-12-20 10:00:00,0.902149907779,-0.00554972933065,0.899943941399,0.9414820207,0.920712981049,0,0
2018-12-20 10:30:00,0.901283705835,-0.000960153003636,0.897403118963,0.942391256287,0.919897187625,0,0
2018-12-20 11:00:00,0.902053058078,0.000853618275544,0.895099471289,0.942809446429,0.918954458859,0,0
2018-12-20 11:30:00,0.897729827452,-0.00479265669271,0.892155752011,0.943438652332,0.917797202172,0,0
2018-12-20 12:00:00,0.892512001195,-0.00581224561948,0.888421587405,0.944336520937,0.916379054171,0,0
2018-12-20 12:30:00,0.897125003014,0.00516855998951,0.886102401175,0.943764490775,0.914933445975,0,0
2018-12-20 13:00:00,0.893556344356,-0.00397788340184,0.883588677286,0.942789097225,0.913188887255,0,0
2018-12-20 13:30:00,0.891466102216,-0.00233923932499,0.881227624664,0.941331860112,0.911279742388,0,0
2018-12-20 14:00:00,0.888165433292,-0.00370251758979,0.878616784127,0.939973379833,0.90929508198,0,0
2018-12-20 14:30:00,0.88950071451,0.00150341498107,0.876992417262,0.937557169395,0.907274793329,0,0
2018-12-20 15:00:00,0.891568786236,0.00232498039924,0.876637046222,0.933820543333,0.905228794777,0,0
2018-12-20 15:30:00,0.890645796917,-0.00103524184872,0.876605973005,0.92984445045,0.903225211727,0,0
2018-12-20 16:00:00,0.88915571176,-0.00167303900482,0.876783782298,0.925726803103,0.9012552927,0,0
2018-12-20 16:30:00,0.88913470821,-2.3621902578e-05,0.879605578142,0.918369990841,0.898987784491,0,0
2018-12-20 17:30:00,0.88913470821,0.0,0.881909023249,0.912417295677,0.897163159463,0,0
2018-12-21 10:00:00,0.89362402246,0.00504908222366,0.882490464849,0.910071711492,0.896281088171,0,0
2018-12-21 10:30:00,0.900371996201,0.00755124478673,0.882755891956,0.909313556669,0.896034724313,0,0
2018-12-21 11:00:00,0.89541554745,-0.00550488994756,0.883243198873,0.907653045925,0.895448122399,0,0
2018-12-21 11:30:00,0.894897459893,-0.000578600135181,0.883950928825,0.905716608322,0.894833768574,0,0
2018-12-21 12:00:00,0.889005186321,-0.00658430025348,0.884438207524,0.903411394615,0.893924801069,0,0
2018-12-21 12:30:00,0.883461027136,-0.00623636315112,0.883237053761,0.902743660313,0.892990357037,0,0
2018-12-21 13:00:00,0.883210151404,-0.000283969211574,0.882220276866,0.901953081765,0.892086679315,0,0
2018-12-21 13:30:00,0.884214043284,0.00113663987937,0.881913948411,0.90047550874,0.891194728576,0,0
2018-12-21 14:00:00,0.882907544708,-0.00147758179816,0.881004403076,0.899902825801,0.890453614439,0,0
2018-12-21 14:30:00,0.881020725836,-0.0021370514769,0.87959614673,0.900161954612,0.889879050671,0,0
2018-12-21 15:00:00,0.880489413822,-0.000603064148631,0.87854333358,0.899551208842,0.889047271211,0,0
2018-12-21 15:30:00,0.873313978951,-0.00814937097264,0.875631440176,0.900438865706,0.888035152941,0,1
2018-12-21 16:00:00,0.872806782124,-0.000580772596797,0.873083246495,0.901121127377,0.887102186936,0,1
2018-12-21 16:30:00,0.873023040894,0.000247773933915,0.87099547078,0.901694663853,0.886345067316,0,0
2018-12-21 17:30:00,0.873023040894,0.0,0.869149895334,0.901892471938,0.885521183636,0,0
2018-12-24 10:00:00,0.860336507981,-0.0145317274788,0.864374332191,0.903544807254,0.883959569723,0,1
2018-12-24 10:30:00,0.86039446222,6.73622915837e-05,0.860505147966,0.90438885801,0.882447002988,0,1
2018-12-24 11:00:00,0.863798204119,0.00395602487987,0.85797529614,0.904382959071,0.881179127606,0,0
2018-12-24 11:30:00,0.857121020119,-0.00773002764745,0.854356305947,0.904800580456,0.879578443201,0,0
2018-12-24 12:00:00,0.855851472232,-0.00148117693666,0.8510109447,0.904817618105,0.877914281402,0,0
2018-12-24 12:30:00,0.855140463183,-0.000830762197048,0.848323662195,0.903656544682,0.875990103439,0,0
2018-12-24 13:00:00,0.848282804238,-0.00801933628405,0.845576688823,0.901194598858,0.87338564384,0,0
2018-12-24 13:30:00,0.847617691834,-0.000784069181496,0.842943940541,0.899047561578,0.87099575106,0,0
2018-12-24 14:30:00,0.847617691834,0.0,0.841097028638,0.896166496676,0.868631762657,0,0
2018-12-24 15:00:00,0.847617691834,0.0,0.83925464452,0.893870131345,0.866562387932,0,0
2018-12-26 10:00:00,0.85063909134,0.00356457815182,0.837946607367,0.891895974918,0.864921291143,0,0
2018-12-26 10:30:00,0.848060322194,-0.0030315667027,0.836629635915,0.889697963449,0.863163799682,0,0
2018-12-26 11:00:00,0.845187892309,-0.00338705845554,0.835468152993,0.886956831274,0.861212492133,0,0
2018-12-26 11:30:00,0.854370721985,0.0108648381733,0.836016678567,0.883554623428,0.859785650997,0,0
2018-12-26 12:00:00,0.860741409743,0.00745658482133,0.837187081626,0.880356288759,0.858771685193,0,0
2018-12-26 12:30:00,0.863290229382,0.00296119091118,0.838734059765,0.877089392176,0.857911725971,0,0
2018-12-26 13:00:00,0.868463714812,0.00599275336853,0.839202129651,0.876136295876,0.857669212764,0,0
2018-12-26 13:30:00,0.864596339004,-0.00445312307558,0.83987523806,0.874642143155,0.857258690608,0,0
2018-12-26 14:00:00,0.871898184126,0.00844538057072,0.840027724775,0.874377170763,0.857202447769,0,0
2018-12-26 14:30:00,0.868548117965,-0.00384226762043,0.840572383259,0.873385019987,0.856978701623,0,0
2018-12-26 15:00:00,0.872911410917,0.00502366289422,0.839758875879,0.87545601766,0.85760744677,0,0
2018-12-26 15:30:00,0.877340437201,0.00507385540827,0.838557749203,0.878351741834,0.858454745519,0,0
2018-12-26 16:00:00,0.889791263612,0.0141915565315,0.835474788006,0.88403400898,0.859754398493,1,0
2018-12-26 16:30:00,0.889867887673,8.61146470086e-05,0.833685036478,0.889098447265,0.861391741871,1,0
2018-12-26 17:00:00,0.889867887673,0.0,0.83276545924,0.893419666046,0.863092562643,0,0
2018-12-27 10:00:00,0.875778006483,-0.0158336775437,0.833533344117,0.894715535499,0.864124439808,0,0
2018-12-27 10:30:00,0.870820001914,-0.00566125722813,0.835467521824,0.895035077559,0.865251299692,0,0
2018-12-27 11:00:00,0.874156454663,0.00383139195479,0.837753025453,0.895403450214,0.866578237833,0,0
2018-12-27 11:30:00,0.879330329048,0.0059187052354,0.840255862601,0.896071876787,0.868163869694,0,0
2018-12-27 12:00:00,0.878255258472,-0.00122260149605,0.843209096918,0.896182399134,0.869695748026,0,0
2018-12-27 12:30:00,0.873150229055,-0.00581269439311,0.84587602808,0.895766581743,0.870821304912,0,0
2018-12-27 13:00:00,0.8758635765,0.00310753791766,0.849619067447,0.894803867807,0.872211467627,0,0
2018-12-27 13:30:00,0.872701764376,-0.00360993676283,0.854912130317,0.892262192143,0.87358716123,0,0
2018-12-27 14:00:00,0.869527894659,-0.00363683201624,0.857850594542,0.890839445185,0.874345019864,0,0
2018-12-27 14:30:00,0.868230730994,-0.00149180224473,0.85921508492,0.890223886933,0.874719485926,0,0
2018-12-27 15:00:00,0.876750004084,0.00981222247309,0.86083751557,0.889947433753,0.875392474662,0,0
2018-12-27 15:30:00,0.886990012423,0.0116795076036,0.861270751054,0.891366828031,0.876318789542,0,0
2018-12-27 16:00:00,0.899808400953,0.0144515590371,0.86074091715,0.895417868129,0.87807939264,1,0
2018-12-27 16:30:00,0.899995099172,0.000207486636564,0.859853022644,0.89911545414,0.879484238392,1,0
2018-12-27 17:30:00,0.899995099172,0.0,0.860119448204,0.9019937267,0.881056587452,0,0
2018-12-28 10:00:00,0.9037757381,0.0042007327945,0.859729857455,0.905469750168,0.882599803811,0,0
2018-12-28 10:30:00,0.898490622693,-0.00584781731123,0.859873619909,0.907441006263,0.883657313086,0,0
2018-12-28 11:00:00,0.897455614443,-0.00115194107049,0.859602704262,0.908478356993,0.884040530627,0,0
2018-12-28 11:30:00,0.899620146916,0.00241185462302,0.859226818583,0.909829468596,0.88452814359,0,0
2018-12-28 12:00:00,0.902381335779,0.00306928304419,0.858703703036,0.911603928954,0.885153815995,0,0
2018-12-28 12:30:00,0.901795570118,-0.000649133174455,0.859393995332,0.913515393021,0.886454694177,0,0
2018-12-28 13:00:00,0.899671877881,-0.00235495971337,0.861273335325,0.914521240625,0.887897287975,0,0
2018-12-28 13:30:00,0.897550519371,-0.00235792466314,0.862933826869,0.915200155552,0.88906699121,0,0
2018-12-28 14:00:00,0.900397278251,0.00317169765778,0.863941368324,0.916299309017,0.890120338671,0,0
2018-12-28 14:30:00,0.903544699054,0.00349559120072,0.865175879505,0.917593741894,0.8913848107,0,0
2018-12-28 15:00:00,0.908716239711,0.00572361352178,0.867340050297,0.918986172168,0.893163111232,0,0
2018-12-28 15:30:00,0.897409717798,-0.0124423020292,0.869689750104,0.918791086491,0.894240418297,0,0
2018-12-28 16:00:00,0.896639198691,-0.000858603479923,0.873071040943,0.917803539084,0.895437290013,0,0
2018-12-28 16:30:00,0.897022707949,0.000427718594133,0.878063827914,0.915560233441,0.896812030678,0,0
2018-12-28 17:30:00,0.897022707949,0.0,0.885182529335,0.911320729716,0.898251629525,0,0
2018-12-31 10:00:00,0.904839917946,0.00871461773276,0.891036196795,0.908276053642,0.899656125218,0,0
2018-12-31 10:30:00,0.904372783445,-0.000516262039308,0.894042112267,0.907008415272,0.90052526377,0,0
2018-12-31 11:00:00,0.902585148001,-0.00197665771952,0.8941268851,0.907201317144,0.900664101122,0,0
2018-12-31 11:30:00,0.902389892781,-0.000216328864691,0.89421059023,0.907357091375,0.900783840802,0,0
2018-12-31 12:00:00,0.90301922136,0.000697402069534,0.894299357811,0.907570736013,0.900935046912,0,0
2018-12-31 12:30:00,0.904018056829,0.00110610654373,0.894288788705,0.907605536991,0.900947162848,0,0
2018-12-31 13:00:00,0.90534517,0.00146801622046,0.89446046655,0.908119313878,0.901289890214,0,0
2018-12-31 13:30:00,0.9073226153,0.00218418937317,0.894699246482,0.908867234031,0.901783240256,0,0
2018-12-31 14:00:00,0.903627546389,-0.00407249731108,0.894930598529,0.909036621932,0.90198361023,0,0
2018-12-31 14:30:00,0.901667215093,-0.00216940187782,0.894896139972,0.908999668419,0.901947904196,0,0
2018-12-31 15:00:00,0.903633769663,0.00218102037761,0.894948603357,0.909131024989,0.902039814173,0,0
2018-12-31 15:30:00,0.903815022517,0.000200582204915,0.895205126604,0.909288816206,0.902246971405,0,0
2018-12-31 16:00:00,0.907139806627,0.00367861125109,0.895725286241,0.909727585294,0.902726435768,0,0
2018-12-31 16:30:00,0.907332339165,0.000212241306789,0.895873611813,0.910272765813,0.903073188813,0,0
2018-12-31 17:30:00,0.907332339165,0.0,0.895815751695,0.910709389943,0.903262570819,0,0
2019-01-02 10:00:00,0.897336983284,-0.0110162015067,0.895262414766,0.910124801229,0.902693607998,0,0
2019-01-02 10:30:00,0.899319484993,0.00220931684126,0.895598600351,0.909979592363,0.902789096357,0,0
2019-01-02 11:00:00,0.903067840687,0.00416799119432,0.896528568406,0.909692488509,0.903110528457,0,0
2019-01-02 11:30:00,0.90504217435,0.00218625176696,0.897542555007,0.909480448547,0.903511501777,0,0
2019-01-02 12:00:00,0.902729839121,-0.00255494748713,0.898644188508,0.908949528163,0.903796858336,0,0
2019-01-02 12:30:00,0.90307056337,0.000377437672157,0.898570389144,0.90884639207,0.903708390607,0,0
2019-01-02 13:00:00,0.907342063031,0.00472997330937,0.898472337664,0.909241371508,0.903856854586,0,0
2019-01-02 13:30:00,0.909572717789,0.00245844962922,0.898288740635,0.910123725516,0.904206233076,0,0
2019-01-02 14:00:00,0.91063223018,0.00116484627365,0.898114473447,0.911122226444,0.904618349946,0,0
2019-01-02 14:30:00,0.906070959325,-0.00500890557527,0.898281850432,0.911260023256,0.904770936844,0,0
2019-01-02 15:00:00,0.905006390524,-0.00117492872943,0.898340361299,0.911300345758,0.904820353529,0,0
2019-01-02 15:30:00,0.903787795693,-0.00134650411773,0.898251626557,0.911233343069,0.904742484813,0,0
2019-01-02 16:00:00,0.90784770404,0.00449210352926,0.898229868891,0.911307609609,0.90476873925,0,0
2019-01-02 16:30:00,0.908062795946,0.000236925097823,0.898315176577,0.91166582688,0.904990501728,0,0
2019-01-02 17:00:00,0.908062795946,0.0,0.898692769346,0.911927792195,0.905310280771,0,0
2019-01-03 10:00:00,0.895736046058,-0.0135747769234,0.897051472952,0.912779316229,0.904915394591,0,1
2019-01-03 10:30:00,0.887590947315,-0.00909319076725,0.89305872855,0.915149653111,0.90410419083,0,1
2019-01-03 11:00:00,0.886023460187,-0.0017660017064,0.889476626705,0.916620120312,0.903048373508,0,1
2019-01-03 11:30:00,0.88578308623,-0.000271295250445,0.886537299239,0.917404522484,0.901970910862,0,1
2019-01-03 12:00:00,0.892666805135,0.00777133703619,0.885486274505,0.916988993815,0.90123763416,0,0
2019-01-03 12:30:00,0.891331523916,-0.00149583384349,0.884652961244,0.91722176114,0.900937361192,0,0
2019-01-03 13:00:00,0.892601071803,0.00142432737187,0.883904561962,0.917298319103,0.900601440532,0,0
2019-01-03 13:30:00,0.887724747705,-0.00546304979101,0.882229335055,0.917439236711,0.899834285883,0,0
2019-01-03 14:00:00,0.885779585639,-0.00219117701827,0.880380487248,0.917361825647,0.898871156448,0,0
2019-01-03 14:30:00,0.889152600123,0.00380796141453,0.879305418745,0.91707917025,0.898192294498,0,0
2019-01-03 15:00:00,0.884597163587,-0.00512334613295,0.877595727781,0.916941521236,0.897268624509,0,0
2019-01-03 15:30:00,0.884098134807,-0.000564131110577,0.876194346406,0.916018509789,0.896106428097,0,0
2019-01-03 16:00:00,0.88228832895,-0.00204706444447,0.874976692435,0.914507724876,0.894742208655,0,0
2019-01-03 16:30:00,0.88239101297,0.000116383745423,0.874323832043,0.912336463547,0.893330147795,0,0
2019-01-03 17:00:00,0.88239101297,0.0,0.87353551638,0.910756784574,0.892146150477,0,0
2019-01-04 10:00:00,0.900343991468,0.0203458310816,0.873872599285,0.909953461763,0.891913030524,0,0
2019-01-04 10:30:00,0.906446689491,0.00677818487208,0.873602404285,0.910489546144,0.892045975214,0,0
2019-01-04 11:00:00,0.906755908415,0.000341133050901,0.873739273134,0.910243497732,0.891991385433,0,0
2019-01-04 11:30:00,0.904914986188,-0.0020302290946,0.874119018223,0.909548971667,0.891833994945,0,0
2019-01-04 12:00:00,0.907382125357,0.00272637673859,0.87421411715,0.909385805681,0.891799961416,0,0
2019-01-04 12:30:00,0.910098195484,0.0029933035389,0.873170754895,0.911865382879,0.892518068887,0,0
2019-01-04 13:00:00,0.912278286141,0.00239544553364,0.872657514624,0.914847357033,0.893752435828,0,0
2019-01-04 13:30:00,0.912545497967,0.000292906045803,0.872731981295,0.917425094139,0.895078537717,0,0
2019-01-04 14:00:00,0.911021962712,-0.00166954443217,0.873362514467,0.919318448615,0.896340481541,0,0
2019-01-04 14:30:00,0.911446701159,0.000466221962641,0.87341580274,0.921143149945,0.897279476343,0,0
2019-01-04 15:00:00,0.909315618784,-0.00233813164547,0.873906864798,0.922450497374,0.898178681086,0,0
2019-01-04 15:30:00,0.909440084263,0.000136878193379,0.874397762911,0.923643500507,0.899020631709,0,0
2019-01-04 16:00:00,0.911191546927,0.00192586921795,0.875601047695,0.924786895645,0.90019397167,0,0
2019-01-04 16:30:00,0.911443589522,0.000276607696865,0.877377799114,0.925576544615,0.901477171864,0,0
2019-01-04 17:30:00,0.911443589522,0.0,0.878832871925,0.926350570744,0.902591721334,0,0
2019-01-07 10:00:00,0.909630672028,-0.00198906165451,0.881479408852,0.92620738466,0.903843396756,0,0
2019-01-07 10:30:00,0.910428806913,0.000877427410199,0.884668443919,0.925651416804,0.905159930362,0,0
2019-01-07 11:00:00,0.914107928684,0.00404108673149,0.88897533867,0.924526482027,0.906750910348,0,0
2019-01-07 11:30:00,0.914388364967,0.000306786839738,0.894474659945,0.922226895951,0.908350777948,0,0
2019-01-07 12:00:00,0.919081102484,0.00513210545637,0.902391642305,0.917978922543,0.910185282424,1,0
2019-01-07 12:30:00,0.918295025193,-0.00085528609976,0.903955069798,0.918210598423,0.91108283411,1,0
2019-01-07 13:00:00,0.919707319426,0.00153795261276,0.903994199447,0.919497531766,0.911745865607,1,0
2019-01-07 13:30:00,0.920422218022,0.000777310977678,0.90413891315,0.920719449024,0.912429181087,0,0
2019-01-07 14:00:00,0.916957410247,-0.00376436781609,0.905309135807,0.920753468773,0.91303130229,0,0
2019-01-07 14:30:00,0.916759821299,-0.000215483233877,0.906089769,0.920910605175,0.913500187087,0,0
2019-01-07 15:00:00,0.914396921969,-0.00257744643154,0.906472711176,0.920957535647,0.913715123411,0,0
2019-01-07 15:30:00,0.917688644937,0.00359988412993,0.906567167766,0.921404114936,0.913985641351,0,0
2019-01-07 16:00:00,0.915095873425,-0.00282532809578,0.906711258582,0.921515061667,0.914113160124,0,0
2019-01-07 16:30:00,0.915262734958,0.000182343225205,0.907054341131,0.921596056342,0.914325198736,0,0
2019-01-07 17:30:00,0.915262734958,0.0,0.907363884373,0.921668116479,0.914516000426,0,0
2019-01-08 10:00:00,0.924446342543,0.0100338484617,0.907284434746,0.923260638483,0.915272536614,1,0
2019-01-08 10:30:00,0.920872238519,-0.00386621035651,0.907978149989,0.923710138665,0.915844144327,0,0
2019-01-08 11:00:00,0.918605410981,-0.00246160916084,0.908576560928,0.923853114131,0.91621483753,0,0
2019-01-08 11:30:00,0.920091995547,0.00161830591063,0.909168750659,0.924125765003,0.916647257831,0,0
2019-01-08 12:00:00,0.921306311878,0.00131977708365,0.909807364326,0.924473423571,0.917140393949,0,0
2019-01-08 12:30:00,0.92387302343,0.00278594808148,0.910830539475,0.924874483563,0.917852511519,0,0
2019-01-08 13:00:00,0.920844622741,-0.00327794037904,0.912172617923,0.924573986697,0.91837330231,0,0
2019-01-08 13:30:00,0.922690990333,0.00200508049467,0.912656924146,0.924947986639,0.918802455393,0,0
2019-01-08 14:00:00,0.924657933857,0.00213174675506,0.91300929382,0.925622573854,0.919315933837,0,0
2019-01-08 14:30:00,0.923829460512,-0.000895978193658,0.912934168349,0.926172535128,0.919553351739,0,0
2019-01-08 15:00:00,0.924342491659,0.000555331009279,0.912933017507,0.926778432617,0.919855725062,0,0
2019-01-08 15:30:00,0.925689052561,0.0014567770218,0.912758439089,0.927551184349,0.920154811719,0,0
2019-01-08 16:00:00,0.92517563246,-0.000554635598109,0.912661989902,0.928122974979,0.920392482441,0,0
2019-01-08 16:30:00,0.925223862833,5.21310456774e-05,0.912965447273,0.928646162867,0.92080580507,0,0
2019-01-08 17:00:00,0.925223862833,0.0,0.913394461527,0.929063552767,0.921229007147,0,0
2019-01-09 10:00:00,0.931768024352,0.00707305743154,0.913626419486,0.930568705045,0.922097562266,1,0
2019-01-09 10:30:00,0.930499254374,-0.00136168010119,0.913749145987,0.931727039488,0.922738092738,0,0
2019-01-09 11:00:00,0.92781118898,-0.00288884207217,0.914875507536,0.931872209495,0.923373858515,0,0
2019-01-09 11:30:00,0.930108743933,0.00247631735933,0.91601674363,0.932215574298,0.924116158964,0,0
2019-01-09 12:00:00,0.931042623981,0.0010040546915,0.917383324582,0.932426982248,0.924905153415,0,0
2019-01-09 12:30:00,0.930517924196,-0.000563561508206,0.917285488201,0.933131976796,0.925208732498,0,0
2019-01-09 13:00:00,0.932092801461,0.00169247386259,0.917555719717,0.933983801573,0.925769760645,0,0
2019-01-09 13:30:00,0.931717071296,-0.000403103815924,0.918532221527,0.934318465794,0.926425343661,0,0
2019-01-09 14:00:00,0.930273271738,-0.00154961157433,0.919458919474,0.934409895467,0.92693440747,0,0
2019-01-09 14:30:00,0.928639662325,-0.00175605326193,0.920282492043,0.934319657942,0.927301074993,0,0
2019-01-09 15:00:00,0.930285329332,0.00177212655606,0.920677010241,0.934566370335,0.927621690288,0,0
2019-01-09 15:30:00,0.93060582794,0.000344516460277,0.921830324892,0.934389176203,0.928109750548,0,0
2019-01-09 16:00:00,0.928697227609,-0.00205092239263,0.922670512477,0.934149612346,0.928410062412,0,0
2019-01-09 16:30:00,0.928789409855,9.92597401237e-05,0.923155027812,0.934078244611,0.928616636212,0,0
2019-01-09 17:00:00,0.928789409855,0.0,0.923889510624,0.933839756733,0.928864633679,0,0
2019-01-10 10:00:00,0.923387608061,-0.00581595971711,0.923644620614,0.933989158383,0.928816889499,0,1
2019-01-10 10:30:00,0.927130518391,0.00405345523044,0.923862080778,0.933915844802,0.92888896279,0,0
2019-01-10 11:00:00,0.928529199212,0.00150861264273,0.924336948557,0.933776333698,0.929056641128,0,0
2019-01-10 11:30:00,0.928650942009,0.000131113590028,0.924858344395,0.933597645778,0.929227995087,0,0
2019-01-10 12:00:00,0.930569266206,0.00206571071003,0.925520793022,0.933469737489,0.929495265255,0,0
2019-01-10 12:30:00,0.93038451276,-0.000198538090891,0.925571832637,0.933280346715,0.929426089676,0,0
2019-01-10 13:00:00,0.931286887484,0.000969894394387,0.925549444075,0.933381498588,0.929465471331,0,0
2019-01-10 13:30:00,0.928025114022,-0.00350243679555,0.925578037913,0.933374297253,0.929476167583,0,0
2019-01-10 14:00:00,0.927936821323,-9.5140420135e-05,0.925422907033,0.933312235873,0.929367571453,0,0
2019-01-10 14:30:00,0.931285331665,0.00360855423101,0.925411919426,0.933347494249,0.929379706837,0,0
2019-01-10 15:00:00,0.93071434628,-0.000613115407281,0.925408926424,0.933370129459,0.929389527941,0,0
2019-01-10 15:30:00,0.931850093777,0.00122029654042,0.925430151116,0.933324633999,0.929377392557,0,0
2019-01-10 16:00:00,0.933527266108,0.00179983061891,0.925222981869,0.933712822726,0.929467902298,0,0
2019-01-10 16:30:00,0.933565772616,4.12484016243e-05,0.9250169062,0.934248148483,0.929632527342,0,0
2019-01-10 17:00:00,0.933565772616,0.0,0.924969869791,0.934787795921,0.929878832856,0,0
2019-01-11 10:00:00,0.927693724684,-0.00628991347359,0.924749489474,0.934749015774,0.929749252624,0,0
2019-01-11 10:30:00,0.925930982336,-0.00190013395693,0.924254101536,0.934776919151,0.929515510343,0,0
2019-01-11 11:00:00,0.930021229143,0.00441744242853,0.924330344214,0.934833076626,0.92958171042,0,0
2019-01-11 11:30:00,0.929222316349,-0.00085902640607,0.92436218117,0.93484453032,0.929603355745,0,0
2019-01-11 12:00:00,0.931087353763,0.00200709494459,0.924451519371,0.934984986509,0.92971825294,0,0
2019-01-11 12:30:00,0.931546709172,0.00049335371916,0.925732541912,0.93451987408,0.930126207996,0,0
2019-01-11 13:00:00,0.931937997522,0.000420041578271,0.926140142237,0.934593021668,0.930366581952,0,0
2019-01-11 13:30:00,0.929814694239,-0.00227837397804,0.926283714504,0.934577998903,0.930430856704,0,0
2019-01-11 14:00:00,0.930529981789,0.000769279679806,0.926463192863,0.934586424522,0.930524808693,0,0
2019-01-11 14:30:00,0.93131683699,0.000845598977089,0.926485118517,0.934639255947,0.930562187232,0,0
2019-01-11 15:00:00,0.930536982972,-0.00083736703405,0.92649357076,0.934646050725,0.930569810742,0,0
2019-01-11 15:30:00,0.930740795194,0.000219026460821,0.926479195197,0.934605817059,0.930542506128,0,0
2019-01-11 16:00:00,0.933165927264,0.00260559339621,0.926756397104,0.934842696476,0.93079954679,0,0
2019-01-11 16:30:00,0.933333566706,0.000179645909992,0.927111225294,0.935027542825,0.931069384059,0,0
2019-01-11 17:00:00,0.933333566706,0.0,0.92708617339,0.935257418233,0.931171795811,0,0
2019-01-14 10:00:00,0.928198976738,-0.00550134501864,0.926751587497,0.935340467171,0.931046027334,0,0
2019-01-14 10:30:00,0.928707729384,0.000548107311701,0.926489676982,0.935288141247,0.930888909115,0,0
2019-01-14 11:00:00,0.929523367227,0.000878250300917,0.92643294106,0.934944487281,0.93068871417,0,0
2019-01-14 11:30:00,0.92830516135,-0.00131057047057,0.926269514322,0.934581852893,0.930425683607,0,0
2019-01-14 12:00:00,0.92937128597,0.00114846352675,0.926311247159,0.93412067139,0.930215959275,0,0
2019-01-14 12:30:00,0.931099800311,0.00185987491462,0.926651317712,0.9341212084,0.930386263056,0,0
2019-01-14 13:00:00,0.930708900915,-0.000419825452868,0.927534433537,0.933715884433,0.930625158985,0,0
2019-01-14 13:30:00,0.930634221628,-8.02391460885e-05,0.927578169873,0.933733447346,0.930655808609,0,0
2019-01-14 14:00:00,0.930402015718,-0.000249513615628,0.92770844023,0.933721146926,0.930714793578,0,0
2019-01-14 14:30:00,0.929588322649,-0.000874560733895,0.927598061273,0.933681622772,0.930639842022,0,0
2019-01-14 15:00:00,0.931781637763,0.00235944779131,0.927593292641,0.933709884263,0.930651588452,0,0
2019-01-14 15:30:00,0.930627998354,-0.00123810060507,0.927588283109,0.933583893878,0.930586088493,0,0
2019-01-14 16:00:00,0.929778132504,-0.000913217581089,0.927584430472,0.933584090341,0.930584260407,0,0
2019-01-14 16:30:00,0.929984278454,0.000221715205563,0.927545163551,0.933568786929,0.93055697524,0,0
2019-01-14 17:00:00,0.929984278454,0.0,0.927490378823,0.933490315803,0.930490347313,0,0
2019-01-15 10:00:00,0.931601162819,0.00173861472933,0.9275026349,0.933584477711,0.930543556305,0,0
2019-01-15 10:30:00,0.930500032283,-0.00118197634294,0.927491978477,0.933571057843,0.93053151816,0,0
2019-01-15 11:00:00,0.93340202272,0.00311874297227,0.927459197019,0.933627448847,0.930543322933,0,0
2019-01-15 11:30:00,0.93269607008,-0.00075632216574,0.927537535387,0.933485360816,0.930511448101,0,0
2019-01-15 12:00:00,0.935397748886,0.00289663363298,0.927129099504,0.934100214917,0.93061465721,1,0
2019-01-15 12:30:00,0.936333184753,0.0010000407501,0.926885107856,0.935157627366,0.931021367611,1,0
2019-01-15 13:00:00,0.935157763884,-0.00125534466522,0.926968272712,0.935719465961,0.931343869336,0,0
2019-01-15 13:30:00,0.935013850674,-0.000153891905494,0.927039493794,0.936197293223,0.931618393509,0,0
2019-01-15 14:00:00,0.934969120893,-4.78386299017e-05,0.927418218601,0.93648496437,0.931951591486,0,0
2019-01-15 14:30:00,0.931202873286,-0.00402820534154,0.927657684071,0.936428657632,0.932043170851,0,0
2019-01-15 15:00:00,0.933415636131,0.00237624142847,0.92775609501,0.936561830275,0.932158962642,0,0
2019-01-15 15:30:00,0.934454144973,0.00111258993435,0.927884840912,0.936807608779,0.932346224845,0,0
2019-01-15 16:00:00,0.935952398178,0.0016033458815,0.927950913427,0.937273353919,0.932612133673,0,0
2019-01-15 16:30:00,0.936042246695,9.59968882048e-05,0.928114945309,0.937673345134,0.932894145222,0,0
2019-01-15 17:00:00,0.936042246695,0.0,0.928506427557,0.937927255291,0.933216841424,0,0
2019-01-16 10:00:00,0.941265907272,0.00558058206759,0.927821901327,0.939560208472,0.933691054899,1,0
2019-01-16 10:30:00,0.941646693847,0.000404547293397,0.927569779112,0.940914200237,0.934241989674,1,0
2019-01-16 11:00:00,0.940812386182,-0.000886009232671,0.927856104985,0.941731299731,0.934793702358,0,0
2019-01-16 11:30:00,0.942136776671,0.00140770945208,0.928117245942,0.942685408595,0.935401327269,0,0
2019-01-16 12:00:00,0.940693366068,-0.00153206056573,0.928755640081,0.943117923218,0.935936781649,0,0
2019-01-16 12:30:00,0.941507837047,0.000865819839182,0.929144292345,0.943719938377,0.936432115361,0,0
2019-01-16 13:00:00,0.942020090284,0.000544077507703,0.929875037466,0.944141199056,0.937008118261,0,0
2019-01-16 13:30:00,0.942058596792,4.08765248183e-05,0.930179794492,0.944702099437,0.937440946964,0,0
2019-01-16 14:00:00,0.942649029908,0.000626747761276,0.930682413661,0.945194776251,0.937938594956,0,0
2019-01-16 14:30:00,0.94378010995,0.00119989519485,0.930759209098,0.94595621692,0.938357713009,0,0
2019-01-16 15:00:00,0.94324918689,-0.000562549532177,0.930867184212,0.94653984202,0.938703513116,0,0
2019-01-16 15:30:00,0.944529625507,0.00135747651219,0.931110920451,0.947233291943,0.939172106197,0,0
2019-01-16 16:00:00,0.941374425611,-0.00334049860401,0.931620082775,0.947360187113,0.939490134944,0,0
2019-01-16 16:30:00,0.941548677282,0.00018510346788,0.932198673823,0.947439551704,0.939819112763,0,0
2019-01-16 17:00:00,0.941548677282,0.0,0.933859924007,0.94681288192,0.940336402963,0,0
2019-01-17 10:00:00,0.940256181072,-0.00137273434802,0.935077537937,0.946279322484,0.94067843021,0,0
2019-01-17 10:30:00,0.940404761738,0.000158021471891,0.936195074796,0.945756847301,0.940975961049,0,0
2019-01-17 11:00:00,0.940125492319,-0.000296967252949,0.936999767753,0.945369463759,0.941184615756,0,0
2019-01-17 11:30:00,0.941007252448,0.000937917475674,0.938013372085,0.944852360002,0.941432866043,0,0
2019-01-17 12:00:00,0.94117489189,0.000178148937472,0.939384719227,0.943994277379,0.941689498303,0,0
2019-01-17 12:30:00,0.940978080851,-0.000209112079529,0.93935564359,0.943994570374,0.941675106982,0,0
2019-01-17 13:00:00,0.940023586208,-0.00101436437506,0.939159567893,0.944028335307,0.9415939516,0,0
2019-01-17 13:30:00,0.94224529501,0.00236346069898,0.93924375318,0.944087440903,0.941665597041,0,0
2019-01-17 14:00:00,0.94211227253,-0.000141176062649,0.939243507037,0.944085236632,0.941664371834,0,0
2019-01-17 14:30:00,0.941413710028,-0.000741485406651,0.93931924293,0.944081535135,0.941700389032,0,0
2019-01-17 15:00:00,0.946598475142,0.00550742469433,0.938723813548,0.945186028327,0.941954920937,1,0
2019-01-17 15:30:00,0.946539742994,-6.20454707012e-05,0.938353433767,0.946008373379,0.942180903573,1,0
2019-01-17 16:00:00,0.947822904293,0.00135563383176,0.937886747798,0.947051490097,0.942469118948,1,0
2019-01-17 16:30:00,0.947886303896,6.68897144547e-05,0.937546325763,0.947915639532,0.942730982647,0,0
2019-01-17 17:00:00,0.947886303896,0.0,0.937273546201,0.948599038488,0.942936292345,0,0
2019-01-18 10:00:00,0.953106074927,0.00550674802319,0.936162986551,0.950695286942,0.943429136746,1,0
2019-01-18 10:30:00,0.95336472975,0.000271380941304,0.93535604501,0.952385738907,0.943870891959,1,0
2019-01-18 11:00:00,0.956122029067,0.00289217676181,0.934583346732,0.95463319753,0.944608272131,1,0
2019-01-18 11:30:00,0.958257778898,0.00223376281027,0.933832851417,0.957054603007,0.945443727212,1,0
2019-01-18 12:00:00,0.959895277858,0.00170882928958,0.933244534203,0.959477580279,0.946361057241,1,0
2019-01-18 12:30:00,0.961656853342,0.0018351746536,0.932987024394,0.961875157315,0.947431090854,0,0
2019-01-18 13:00:00,0.961619513698,-3.88284486336e-05,0.93313340013,0.963850256774,0.948491828452,0,0
2019-01-18 13:30:00,0.959617175303,-0.00208225640876,0.933871421844,0.965061403359,0.949466412602,0,0
2019-01-18 14:00:00,0.960761868756,0.00119286469923,0.934614583047,0.966293703787,0.950454143417,0,0
2019-01-18 14:30:00,0.959376801346,-0.00144163445154,0.935678648549,0.967049829231,0.95136423889,0,0
2019-01-18 15:00:00,0.959299788331,-8.02740019266e-05,0.937014292459,0.967546356068,0.952280324264,0,0
2019-01-18 15:30:00,0.959180379262,-0.000124475237537,0.938830346603,0.96764598123,0.953238163916,0,0
2019-01-18 16:00:00,0.961038026538,0.00193670274735,0.940349027659,0.968006573327,0.954177800493,0,0
2019-01-18 16:30:00,0.960964903069,-7.60880079229e-05,0.942215249353,0.968025614686,0.95512043202,0,0
2019-01-18 17:00:00,0.960964903069,0.0,0.944689279212,0.967506704132,0.956097991672,0,0
2019-01-22 10:00:00,0.955086242908,-0.00611745563388,0.946004879545,0.967039880575,0.95652238006,0,0
2019-01-22 10:30:00,0.954624553772,-0.000483400467762,0.947455166259,0.966398074939,0.956926620599,0,0
2019-01-22 11:00:00,0.953570097791,-0.00110457663871,0.948595124471,0.965832836076,0.957213980274,0,0
2019-01-22 11:30:00,0.953310276103,-0.000272472562054,0.949812745745,0.965157612023,0.957485178884,0,0
2019-01-22 12:00:00,0.94864982182,-0.004888706647,0.950046927555,0.964999782005,0.95752335478,0,1
2019-01-22 12:30:00,0.949342938957,0.000730635394488,0.949227899628,0.965442496336,0.957335197982,0,0
2019-01-22 13:00:00,0.949359275051,1.72077902125e-05,0.948438187726,0.965831662767,0.957134925247,0,0
2019-01-22 13:30:00,0.946263585213,-0.00326082013375,0.946678294842,0.966605711266,0.956642003054,0,1
2019-01-22 14:00:00,0.946980039627,0.00075714042612,0.945259594235,0.966896637946,0.956078116091,0,0
2019-01-22 14:30:00,0.945153119766,-0.00192920630227,0.943644312914,0.967037703458,0.955341008186,0,0
2019-01-22 15:00:00,0.945145340674,-8.23051025467e-06,0.942373374591,0.966657490514,0.954515432553,0,0
2019-01-22 15:30:00,0.946267085804,0.00118684934709,0.941555726859,0.965939895457,0.953747811158,0,0
2019-01-22 16:00:00,0.949483351575,0.00339889849218,0.941235206264,0.965247033679,0.953241119971,0,0
2019-01-22 16:30:00,0.949223529888,-0.000273645332709,0.94107839471,0.964250011347,0.952664203028,0,0
2019-01-22 17:00:00,0.949223529888,0.0,0.940924800191,0.96338827872,0.952156539455,0,0
2019-01-23 10:00:00,0.959621453803,0.0109541362897,0.94089697957,0.963448265888,0.952172622729,0,0
2019-01-23 10:30:00,0.955430467749,-0.00436733259538,0.94108155534,0.962888698966,0.951985127153,0,0
2019-01-23 11:00:00,0.953206814174,-0.00232738399108,0.941528634612,0.961658498457,0.951593566535,0,0
2019-01-23 11:30:00,0.951408676955,-0.00188640827131,0.942068106832,0.960163403627,0.951115755229,0,0
2019-01-23 12:00:00,0.94771244118,-0.00388501373225,0.942577384307,0.958328879963,0.950453132135,0,0
2019-01-23 12:30:00,0.948658378822,0.000998127280107,0.942532296839,0.957731181022,0.950131738931,0,0
2019-01-23 13:00:00,0.951443682871,0.00293604537935,0.942640723077,0.957304667694,0.949972695386,0,0
2019-01-23 13:30:00,0.951148466313,-0.000310282745663,0.942691820321,0.957011407302,0.949851613812,0,0
2019-01-23 14:00:00,0.952751348311,0.00168520694186,0.942716546475,0.956930788369,0.949823667422,0,0
2019-01-23 14:30:00,0.95423559915,0.00155785750503,0.942755128376,0.957450784201,0.950102956289,0,0
2019-01-23 15:00:00,0.952897595249,-0.00140217353202,0.94283890334,0.957722474866,0.950280689103,0,0
2019-01-23 15:30:00,0.955827590418,0.00307482691088,0.942778600172,0.958429609571,0.950604104872,0,0
2019-01-23 16:00:00,0.955869986472,4.43553358858e-05,0.943201622348,0.958967227521,0.951084424934,0,0
2019-01-23 16:30:00,0.955880099292,1.05797025964e-05,0.943617409084,0.959441446751,0.951529427918,0,0
2019-01-23 17:00:00,0.955880099292,0.0,0.944528252089,0.959603301699,0.952065776894,0,0
2019-01-24 10:00:00,0.95277312977,-0.00325037577892,0.945648302927,0.959246029771,0.952447166349,0,0
2019-01-24 10:30:00,0.957510208114,0.00497188490733,0.946509327491,0.959509317437,0.953009322464,0,0
2019-01-24 11:00:00,0.955055126539,-0.00256402652906,0.946948596965,0.95962722546,0.953287911213,0,0
2019-01-24 11:30:00,0.954032953791,-0.00107027617442,0.94748003049,0.959576734325,0.953528382408,0,0
2019-01-24 12:00:00,0.956595775797,0.00268630344017,0.948058342897,0.95973564651,0.953896994703,0,0
2019-01-24 12:30:00,0.953929491862,-0.00278726292001,0.948430677457,0.958794115756,0.953612396606,0,0
2019-01-24 13:00:00,0.952802690321,-0.00118122099189,0.948360491843,0.958601523627,0.953481007735,0,0
2019-01-24 13:30:00,0.950694945224,-0.00221215275652,0.948085539982,0.958625288593,0.953355414287,0,0
2019-01-24 14:00:00,0.952372895464,0.00176497229599,0.948191411756,0.95861583867,0.953403625213,0,0
2019-01-24 14:30:00,0.952826805508,0.000476609578341,0.949171245427,0.958147441432,0.953659343429,0,0
2019-01-24 15:00:00,0.954114245307,0.00135117924066,0.950110086401,0.957754187105,0.953932136753,0,0
2019-01-24 15:30:00,0.954604717086,0.000514059800524,0.950444031671,0.957736345257,0.954090188464,0,0
2019-01-24 16:00:00,0.955055904448,0.000472643130397,0.950893180164,0.957677940577,0.954285560371,0,0
2019-01-24 16:30:00,0.955009618848,-4.84637598998e-05,0.951071404025,0.95772554377,0.954398473898,0,0
2019-01-24 17:00:00,0.955009618848,0.0,0.951100090247,0.957774259518,0.954437174883,0,0
2019-01-25 10:00:00,0.963327024489,0.00870923755887,0.949846903276,0.960070389414,0.954958646345,1,0
2019-01-25 10:30:00,0.965377204303,0.00212822827721,0.94851782733,0.962354426747,0.955436127039,1,0
2019-01-25 11:00:00,0.966120107632,0.000769547204066,0.947537430108,0.964359836086,0.955948633097,1,0
2019-01-25 11:30:00,0.963270237115,-0.00294980975398,0.947292736351,0.965343543625,0.956318139988,0,0
2019-01-25 12:00:00,0.964232899805,0.000999369286939,0.947047065408,0.966424494619,0.956735780013,0,0
2019-01-25 12:30:00,0.965113493069,0.000913257849722,0.947167593154,0.967538003203,0.957352798178,0,0
2019-01-25 13:00:00,0.96162729279,-0.00361221794534,0.947195190142,0.967922114683,0.957558652412,0,0
2019-01-25 13:30:00,0.962712865141,0.00112889095261,0.947403162032,0.968479916653,0.957941539342,0,0
2019-01-25 14:00:00,0.962983966513,0.000281601484205,0.947789530584,0.968988649373,0.958389089978,0,0
2019-01-25 14:30:00,0.961062919633,-0.00199488978628,0.947983774406,0.969241119935,0.95861244717,0,0
2019-01-25 15:00:00,0.96233752393,0.00132624438107,0.948519572668,0.96954612488,0.959032848774,0,0
2019-01-25 15:30:00,0.961052028904,-0.00133580474051,0.949321115789,0.969569515617,0.959445315703,0,0
2019-01-25 16:00:00,0.961980074633,0.000965656073455,0.950714858616,0.96930428573,0.960009572173,0,0
2019-01-25 16:30:00,0.962164828078,0.000192055376641,0.951892038649,0.969106298959,0.960499168804,0,0
2019-01-25 17:00:00,0.962164828078,0.0,0.953133048009,0.968799091856,0.960966069932,0,0
2019-01-28 10:00:00,0.948773898344,-0.0139175007681,0.951617924829,0.96978018034,0.960699052584,0,1
2019-01-28 10:30:00,0.950710114454,0.00204075608824,0.950732211228,0.970276433678,0.960504322453,0,1
2019-01-28 11:00:00,0.949398559468,-0.00137955299537,0.949503544128,0.970939366279,0.960221455204,0,1
2019-01-28 11:30:00,0.949975379172,0.000607563282038,0.948524667588,0.971414818852,0.95996974322,0,0
2019-01-28 12:00:00,0.946849739828,-0.00329023194989,0.946859459248,0.97226403929,0.959561749269,0,1
2019-01-28 12:30:00,0.948708942922,0.00196356720186,0.945380542837,0.972281147544,0.958830845191,0,0
2019-01-28 13:00:00,0.947986654189,-0.000761338594783,0.944052247507,0.971870387863,0.957961317685,0,0
2019-01-28 13:30:00,0.950515637143,0.00266774109372,0.943449509837,0.970912678484,0.95718109416,0,0
2019-01-28 14:00:00,0.95161015545,0.00115149952737,0.942965290935,0.97023088922,0.956598090077,0,0
2019-01-28 14:30:00,0.950694945224,-0.000961749116319,0.942542531035,0.969299853662,0.955921192348,0,0
2019-01-28 15:00:00,0.952790243773,0.0022039651735,0.942590288577,0.96801977119,0.955305029883,0,0
2019-01-28 15:30:00,0.952899928977,0.000115119990137,0.942472463388,0.967264859998,0.954868661693,0,0
2019-01-28 16:00:00,0.954152751815,0.00131474754072,0.942606455356,0.966274856697,0.954440656026,0,0
2019-01-28 16:30:00,0.954036454383,-0.000121885549062,0.942863408075,0.965123152765,0.95399328042,0,0
2019-01-28 18:00:00,0.954036454383,0.0,0.943019683814,0.9642642305,0.953641957157,0,0
2019-01-29 10:00:00,0.958193212431,0.00435702223806,0.943380179284,0.963489303881,0.953434741582,0,0
2019-01-29 10:30:00,0.959174933897,0.00102455481186,0.943554235056,0.963127538608,0.953340886832,0,0
2019-01-29 11:00:00,0.953905376675,-0.00549384375635,0.94402387181,0.961850432059,0.952937151934,0,0
2019-01-29 11:30:00,0.955473641712,0.00164404675258,0.944703007725,0.960502177507,0.952602592616,0,0
2019-01-29 12:00:00,0.957509819159,0.00213106605816,0.945441982064,0.959297702275,0.95236984217,0,0
2019-01-29 12:30:00,0.958300174952,0.000825428394087,0.945654377735,0.960037934265,0.952846156,0,0
2019-01-29 13:00:00,0.957207212463,-0.00114052205875,0.945800750886,0.960541270916,0.953171010901,0,0
2019-01-29 13:30:00,0.957515264524,0.00032182379822,0.946187371634,0.960966320673,0.953576846154,0,0
2019-01-29 14:00:00,0.957962173385,0.000466738105896,0.946543092418,0.961409279311,0.953976185864,0,0
2019-01-29 14:30:00,0.956022845639,-0.00202443040056,0.947759876759,0.96110980555,0.954434841155,0,0
2019-01-29 15:00:00,0.954275272521,-0.00182796167017,0.948603160455,0.960823154814,0.954713157635,0,0
2019-01-29 15:30:00,0.956391574621,0.00221770610686,0.949874498189,0.960392309124,0.955133403656,0,0
2019-01-29 16:00:00,0.956004175817,-0.000405062961669,0.950611018367,0.960204642813,0.95540783059,0,0
2019-01-29 16:30:00,0.956048905598,4.67882700586e-05,0.951174181393,0.960085354802,0.955629768097,0,0
2019-01-29 17:00:00,0.956048905598,0.0,0.952094748084,0.959700184148,0.955897466116,0,0
2019-01-30 10:00:00,0.964996806683,0.0093592503812,0.951188884298,0.961826704225,0.956507794262,1,0
2019-01-30 10:30:00,0.96663080505,0.00169326816071,0.950475736663,0.963912939468,0.957194338065,1,0
2019-01-30 11:00:00,0.966800389266,0.000175438455305,0.95002064998,0.965632789896,0.957826719938,1,0
2019-01-30 11:30:00,0.968686041274,0.00195040468483,0.949588273307,0.967530125257,0.958559199282,1,0
2019-01-30 12:00:00,0.969597750909,0.000941181761311,0.949373594428,0.969300933789,0.959337264109,1,0
2019-01-30 12:30:00,0.970048938271,0.000465334579574,0.948899393728,0.970960707073,0.959930050401,0,0
2019-01-30 13:00:00,0.968757997879,-0.00133079924138,0.948704694469,0.972113712731,0.9604092036,0,0
2019-01-30 13:30:00,0.967146169925,-0.00166380866843,0.949417919302,0.972724567223,0.961071243262,0,0
2019-01-30 14:00:00,0.966232904472,-0.000944288962074,0.950050920939,0.973167491862,0.9616092064,0,0
2019-01-30 14:30:00,0.97269538552,0.00668832640482,0.94997884861,0.974758120827,0.962368484718,0,0
2019-01-30 15:00:00,0.976537868233,0.00395034537031,0.949540460122,0.977020278643,0.963280369382,0,0
2019-01-30 15:30:00,0.972502852982,-0.00413195983706,0.950028601839,0.978061700977,0.964045151408,0,0
2019-01-30 16:00:00,0.972954429299,0.000464344464402,0.950615406169,0.979018813125,0.964817109647,0,0
2019-01-30 16:30:00,0.972964542119,1.0393929945e-05,0.951305340969,0.979829115199,0.965567228084,0,0
2019-01-30 17:00:00,0.972964542119,0.0,0.952531868644,0.980296757172,0.966414312908,0,0
2019-01-31 10:00:00,0.967791445643,-0.0053168396705,0.95443405104,0.979746192088,0.967090121564,0,0
2019-01-31 10:30:00,0.970787174144,0.00309542775339,0.956114790532,0.979505012548,0.96780990154,0,0
2019-01-31 11:00:00,0.970097557598,-0.000710368413967,0.9581973776,0.978831763658,0.968514570629,0,0
2019-01-31 11:30:00,0.970398608476,0.000310330518039,0.960728529108,0.977735582438,0.969232055773,0,0
2019-01-31 12:00:00,0.973647157481,0.00334764392324,0.964065045036,0.976158891698,0.970111968367,0,0
2019-01-31 12:30:00,0.971675157546,-0.00202537430475,0.964868983332,0.976022788489,0.97044588591,0,0
2019-01-31 13:00:00,0.970931865263,-0.000764959644476,0.965379588829,0.975942289013,0.970660938921,0,0
2019-01-31 13:30:00,0.970341821101,-0.000607709132863,0.965873695012,0.975802326013,0.970838010513,0,0
2019-01-31 14:00:00,0.971460843549,0.00115322500153,0.966111557217,0.975841944036,0.970976750626,0,0
2019-01-31 14:30:00,0.970551078688,-0.000936491539946,0.966197581449,0.975851252582,0.971024417015,0,0
2019-01-31 15:00:00,0.971314985566,0.000787085702973,0.966281586236,0.975893852524,0.97108771938,0,0
2019-01-31 15:30:00,0.970998765458,-0.00032555876576,0.966519471924,0.975880043594,0.971199757759,0,0
2019-01-31 16:00:00,0.972751006031,0.00180457549014,0.96716470983,0.975795289299,0.971479999564,0,0
2019-01-31 16:30:00,0.972373720048,-0.000387854632084,0.968237853789,0.975336226897,0.971787040343,0,0
2019-01-31 17:30:00,0.972373720048,0.0,0.968236216005,0.975305698134,0.97177095707,0,0
2019-02-01 10:00:00,0.974356999666,0.00203962692308,0.968650540873,0.974673286409,0.971661913641,0,0
2019-02-01 10:30:00,0.979166812525,0.00493639688535,0.967488493124,0.976501730112,0.971995111618,1,0
2019-02-01 11:00:00,0.976075401187,-0.00315718557641,0.967301589467,0.977000730958,0.972151160213,0,0
2019-02-01 11:30:00,0.977936938009,0.00190716497894,0.966907402581,0.977892157433,0.972399780007,1,0
2019-02-01 12:00:00,0.979163700888,0.00125443965843,0.966438673443,0.978980802448,0.972709737946,1,0
2019-02-01 12:30:00,0.975952491527,-0.00327954289782,0.967138960825,0.979096619655,0.97311779024,0,0
2019-02-01 13:00:00,0.976586876515,0.00065001626037,0.967342926397,0.97947262432,0.973407775358,0,0
2019-02-01 13:30:00,0.975758792125,-0.000847937250254,0.967749303953,0.979632370217,0.973690837085,0,0
2019-02-01 14:00:00,0.975224368474,-0.000547700574408,0.96816411572,0.979700134449,0.973932125085,0,0
2019-02-01 14:30:00,0.97310767742,-0.00217046571286,0.968126494661,0.979683807502,0.973905151082,0,0
2019-02-01 15:00:00,0.972516077439,-0.000607949144914,0.968224896661,0.979669497492,0.973947197076,0,0
2019-02-01 15:30:00,0.973519969319,0.00103226250263,0.968526963823,0.979626240735,0.974076602279,0,0
2019-02-01 16:00:00,0.974776681704,0.0012908953324,0.96902975048,0.979566940139,0.974298345309,0,0
2019-02-01 16:30:00,0.974871586631,9.73606874304e-05,0.969368903816,0.979568861111,0.974468882463,0,0
2019-02-01 17:30:00,0.974871586631,0.0,0.969929277176,0.979440538545,0.974684907861,0,0
2019-02-04 10:00:00,0.97400305096,-0.000890923156781,0.970319641481,0.97931898078,0.97481931113,0,0
2019-02-04 10:30:00,0.971996823019,-0.00205977582866,0.970528623653,0.979209804363,0.974869214008,0,0
2019-02-04 11:00:00,0.972976599712,0.00100800400801,0.970561963698,0.979199023686,0.974880493692,0,0
2019-02-04 11:30:00,0.974204529454,0.00126203419765,0.970802179903,0.979141888422,0.974972034163,0,0
2019-02-04 12:00:00,0.975389285234,0.00121612633021,0.971134416566,0.979111208278,0.975122812422,0,0
2019-02-04 12:30:00,0.975609044595,0.000225304260444,0.971208342117,0.97916248722,0.975185414668,0,0
2019-02-04 13:00:00,0.975798854451,0.000194555243922,0.971490011884,0.978544021645,0.975017016765,0,0
2019-02-04 13:30:00,0.976347280468,0.000562027732282,0.971484386516,0.978576834941,0.975030610729,0,0
2019-02-04 14:00:00,0.978285830305,0.00198551261004,0.971438762244,0.978657348443,0.975048055344,0,0
2019-02-04 14:30:00,0.978609440551,0.000330793144153,0.971537820544,0.97850286411,0.975020342327,1,0
2019-02-04 15:00:00,0.979229045264,0.000633148105385,0.971239412309,0.979128927719,0.975184170014,1,0
2019-02-04 15:30:00,0.978794582951,-0.000443677927162,0.971070835696,0.979518274975,0.975294555335,0,0
2019-02-04 16:00:00,0.981640174967,0.00290724127997,0.970498677201,0.980678571755,0.975588624478,1,0
2019-02-04 16:30:00,0.981696962342,5.78494811971e-05,0.970142180541,0.981682327801,0.975912254171,1,0
2019-02-04 17:30:00,0.981696962342,0.0,0.970184929812,0.982498507022,0.976341718417,0,0
2019-02-05 10:00:00,0.987059479719,0.00546249767724,0.969533525318,0.984604251744,0.977068888531,1,0
2019-02-05 10:30:00,0.98659001149,-0.000475623038597,0.969271557933,0.986173223346,0.97772239064,1,0
2019-02-05 11:00:00,0.988369089932,0.00180326013979,0.968835996092,0.98796802601,0.978402011051,1,0
2019-02-05 11:30:00,0.98649160597,-0.00189957777978,0.968921177328,0.989044846708,0.978983012018,0,0
2019-02-05 12:00:00,0.987936961346,0.00146514716134,0.96901726458,0.990255296927,0.979636280754,0,0
2019-02-05 12:30:00,0.986402924316,-0.00155276813203,0.96957433698,0.990938211862,0.980256274421,0,0
2019-02-05 13:00:00,0.984548388678,-0.00188009949386,0.970786228097,0.990981477312,0.980883852704,0,0
2019-02-05 13:30:00,0.985760371281,0.00123100359188,0.971926943933,0.991119138633,0.981523041283,0,0
2019-02-05 14:00:00,0.98557522888,-0.000187816842278,0.972986353701,0.991196798808,0.982091576254,0,0
2019-02-05 14:30:00,0.987640577924,0.00209557726642,0.973852556133,0.991555725645,0.982704140889,0,0
2019-02-05 15:00:00,0.987962243397,0.000325690822923,0.974838476011,0.991805125647,0.983321800829,0,0
2019-02-05 15:30:00,0.988418876123,0.000462196535888,0.975962485315,0.99194311851,0.983952801912,0,0
2019-02-05 16:00:00,0.988139995659,-0.000282148055716,0.977201137984,0.99188373736,0.984542437672,0,0
2019-02-05 16:30:00,0.988392816164,0.000255854945204,0.97814130708,0.99195426685,0.985047786965,0,0
2019-02-05 18:00:00,0.988392816164,0.0,0.979187092095,0.991886819396,0.985536955746,0,0
2019-02-06 10:00:00,0.986049753519,-0.00237057838335,0.980264646651,0.991491335666,0.985877991158,0,0
2019-02-06 10:30:00,0.985775540511,-0.000278092467126,0.981706445001,0.990747633072,0.986227039036,0,0
2019-02-06 11:00:00,0.988609463888,0.0028748160824,0.982490151308,0.990660855656,0.986575503482,0,0
2019-02-06 11:30:00,0.987699310072,-0.00092064040376,0.983474712166,0.990276529571,0.986875620869,0,0
2019-02-06 12:00:00,0.987282350717,-0.000422152117317,0.984782840235,0.98952694034,0.987154890288,0,0
2019-02-06 12:30:00,0.98778410218,0.000508214759738,0.984803125006,0.989579117815,0.987191121411,0,0
2019-02-06 13:00:00,0.988057537279,0.000276816663497,0.984864117723,0.989664877677,0.9872644977,0,0
2019-02-06 13:30:00,0.988573291108,0.00052198764708,0.984852903497,0.98969651202,0.987274707759,0,0
2019-02-06 14:00:00,0.988213508083,-0.000363941681198,0.984933794929,0.989787810801,0.987360802865,0,0
2019-02-06 14:30:00,0.987435987793,-0.000786793828923,0.984923487676,0.989748020698,0.987335754187,0,0
2019-02-06 15:00:00,0.987665082066,0.000232009239404,0.985023593697,0.989774130452,0.987398862074,0,0
2019-02-06 15:30:00,0.988070761737,0.00041074619154,0.985601209593,0.989548751861,0.987574980727,0,0
2019-02-06 16:00:00,0.987510667081,-0.000566856826137,0.985881716778,0.989443274256,0.987662495517,0,0
2019-02-06 16:30:00,0.987567454455,5.75055811922e-05,0.986274121651,0.989250091941,0.987762106796,0,0
2019-02-06 17:30:00,0.987567454455,0.0,0.986268849692,0.989248051553,0.987758450623,0,0
2019-02-07 10:00:00,0.981187042832,-0.0064607350051,0.984130584856,0.990708796332,0.987419690594,0,1
2019-02-07 10:30:00,0.983823766216,0.00268727904969,0.983569435648,0.99081043455,0.987189935099,0,0
2019-02-07 11:00:00,0.978589603865,-0.00532022353083,0.981465548567,0.991959282452,0.986712415509,0,1
2019-02-07 11:30:00,0.976250041813,-0.0023907489344,0.979146286711,0.993064266872,0.986105276792,0,1
2019-02-07 12:00:00,0.9733752782,-0.00294470011749,0.976462362836,0.994246436951,0.985354399894,0,1
2019-02-07 12:30:00,0.974493911693,0.00114923146145,0.97465769016,0.994895525444,0.984776607802,0,1
2019-02-07 13:00:00,0.973224363806,-0.0013027766225,0.972807980414,0.99549011752,0.984149048967,0,0
2019-02-07 13:30:00,0.975933043796,0.00278320199316,0.971812622953,0.995217832972,0.983515227962,0,0
2019-02-07 14:00:00,0.976642885981,0.000727347219222,0.971049323331,0.994875490185,0.982962406758,0,0
2019-02-07 14:30:00,0.977290495427,0.000663097489668,0.97047471289,0.994450915096,0.982462813993,0,0
2019-02-07 15:00:00,0.976387731749,-0.000923741387435,0.969886498532,0.993899492411,0.981892995472,0,0
2019-02-07 15:30:00,0.976891427985,0.000515877268217,0.969497897648,0.993171482366,0.981334690007,0,0
2019-02-07 16:00:00,0.979126750199,0.0022881992306,0.969497258021,0.992227467902,0.980862362962,0,0
2019-02-07 16:30:00,0.978980503261,-0.000149364663896,0.969554648274,0.991246777167,0.98040071272,0,0
2019-02-07 17:00:00,0.978980503261,0.0,0.969639217917,0.99031665907,0.979977938494,0,0
2019-02-08 10:00:00,0.971946258918,-0.00718527521173,0.968924162424,0.989459832249,0.979191997336,0,0
2019-02-08 10:30:00,0.970835793471,-0.00114251733185,0.968309990079,0.988350507767,0.978330248923,0,0
2019-02-08 11:00:00,0.969731162344,-0.0011378145867,0.967699500232,0.987183047141,0.977441273686,0,0
2019-02-08 11:30:00,0.969049713846,-0.000702718985004,0.967321354078,0.985709419233,0.976515386656,0,0
2019-02-08 12:00:00,0.970548356005,0.0015465069934,0.967710705259,0.983618158208,0.975664431733,0,0
2019-02-08 12:30:00,0.970860686567,0.000321808346498,0.967365022456,0.982931205385,0.97514811392,0,0
2019-02-08 13:00:00,0.971587253801,0.000748374349029,0.967766936223,0.981305640375,0.974536288299,0,0
2019-02-08 13:30:00,0.971934979234,0.000357894189023,0.967621478591,0.980785635544,0.974203557068,0,0
2019-02-08 14:00:00,0.972671659288,0.000757951992906,0.967482367034,0.98056690885,0.974024637942,0,0
2019-02-08 14:30:00,0.973453458079,0.000803764336297,0.967487816431,0.98056927744,0.974028546936,0,0
2019-02-08 15:00:00,0.972600091638,-0.000876638152619,0.967366711536,0.980501000329,0.973933855933,0,0
2019-02-08 15:30:00,0.973430120802,0.000853412590595,0.967381035815,0.98050725175,0.973944143783,0,0
2019-02-08 16:00:00,0.97642740512,0.00307909551469,0.967370584906,0.980567138791,0.973968861849,0,0
2019-02-08 16:30:00,0.976522310048,9.71960919205e-05,0.967374630772,0.980551035332,0.973962833052,0,0
2019-02-08 17:30:00,0.976522310048,0.0,0.967409355835,0.980439491732,0.973924423783,0,0
2019-02-11 10:00:00,0.976772018916,0.000255712404003,0.967395797158,0.980491479125,0.973943638142,0,0
2019-02-11 10:30:00,0.975235259203,-0.00157330439717,0.967429095425,0.98029256398,0.973860829702,0,0
2019-02-11 11:00:00,0.975539810672,0.000312285129485,0.967682535814,0.979680429639,0.973681482726,0,0
2019-02-11 11:30:00,0.975645217375,0.000108049616703,0.967967591953,0.979061844911,0.973514718432,0,0
2019-02-11 12:00:00,0.975181583465,-0.000475207484677,0.968333359743,0.978316185142,0.973324772442,0,0
2019-02-11 12:30:00,0.976086291917,0.000927733323335,0.96843872103,0.978624827154,0.973531774092,0,0
2019-02-11 13:00:00,0.975919819338,-0.000170551087223,0.968752336276,0.978819614495,0.973785975385,0,0
2019-02-11 13:30:00,0.974820244621,-0.00112670600107,0.969368306148,0.97871255285,0.974040429499,0,0
2019-02-11 14:00:00,0.974448404002,-0.000381445318657,0.97027138533,0.978349342684,0.974310364007,0,0
2019-02-11 14:30:00,0.973826854516,-0.000637847508144,0.970831500638,0.978117077228,0.974474288933,0,0
2019-02-11 15:00:00,0.973625764977,-0.000206494140878,0.971358019067,0.977867066639,0.974612542853,0,0
2019-02-11 15:30:00,0.974665440682,0.00106783914579,0.971839686182,0.977693218212,0.974766452197,0,0
2019-02-11 16:00:00,0.974514137334,-0.000155236188469,0.972283609855,0.977507210349,0.974895410102,0,0
2019-02-11 16:30:00,0.974452293549,-6.34611470104e-05,0.972578533334,0.977390350297,0.974984441815,0,0
2019-02-11 17:00:00,0.974452293549,0.0,0.972722662145,0.977346105033,0.975034383589,0,0
2019-02-12 10:00:00,0.983879775682,0.00967464717953,0.971213276145,0.979983459437,0.975598367791,1,0
2019-02-12 10:30:00,0.983151263675,-0.000740448198474,0.970675702995,0.981493146874,0.976084424934,1,0
2019-02-12 11:00:00,0.985030303455,0.0019112417889,0.969784145435,0.983244994268,0.976514569851,1,0
2019-02-12 11:30:00,0.98677515389,0.00177136726572,0.968881281248,0.985173142839,0.977027212043,1,0
2019-02-12 12:00:00,0.987681029205,0.000918015934612,0.968157138903,0.9870131571,0.977585148001,1,0
2019-02-12 12:30:00,0.987035753487,-0.000653323997508,0.967781251383,0.988415418076,0.97809833473,0,0
2019-02-12 13:00:00,0.98706881463,3.34953853209e-05,0.967727193538,0.989652831464,0.978690012501,0,0
2019-02-12 13:30:00,0.988363255612,0.00131139892535,0.967666600726,0.99099576877,0.979331184748,0,0
2019-02-12 14:00:00,0.990085935634,0.00174296243009,0.967588968064,0.992517473258,0.980053220661,0,0
2019-02-12 14:30:00,0.989048982611,-0.00104733638315,0.967886827078,0.993606354159,0.980746590618,0,0
2019-02-12 15:00:00,0.988619965663,-0.000433767139799,0.968250845024,0.994495703587,0.981373274306,0,0
2019-02-12 15:30:00,0.989308804299,0.000696767878332,0.968727038833,0.995358408274,0.982042723554,0,0
2019-02-12 16:00:00,0.988642136077,-0.000673872727694,0.969562507657,0.995905128596,0.982733818126,0,0
2019-02-12 16:30:00,0.988946687546,0.000308050262157,0.97061564782,0.996301816787,0.983458732304,0,0
2019-02-12 17:00:00,0.988946687546,0.0,0.971993930579,0.996435517331,0.984214723955,0,0
2019-02-13 10:00:00,0.994693103134,0.00581064243507,0.973260367497,0.997275814229,0.985268090863,0,0
2019-02-13 10:30:00,0.995162571363,0.000471972940739,0.974600766633,0.997985128161,0.986292947397,0,0
2019-02-13 11:00:00,0.995647597777,0.000487384099709,0.976339609262,0.998359631577,0.987349620419,0,0
2019-02-13 11:30:00,0.992899244417,-0.00276036759064,0.978832527432,0.997711408494,0.988271967963,0,0
2019-02-13 12:00:00,0.993201851113,0.00030477079904,0.982116343486,0.996302548196,0.989209445841,0,0
2019-02-13 12:30:00,0.991910910722,-0.00129977646508,0.982888690149,0.996333315037,0.989611002593,0,0
2019-02-13 13:00:00,0.992229464557,0.000321151660048,0.983983751365,0.996146073908,0.990064912637,0,0
2019-02-13 13:30:00,0.992521180524,0.000294000508033,0.984754059096,0.996124853885,0.99043945649,0,0
2019-02-13 14:00:00,0.992351985263,-0.000170470176341,0.985246583575,0.996190012544,0.990718298059,0,0
2019-02-13 14:30:00,0.993098778138,0.00075254837573,0.985615027745,0.996363343267,0.990989185506,0,0
2019-02-13 15:00:00,0.994609477891,0.00152119787675,0.986100368723,0.996635374729,0.991367871726,0,0
2019-02-13 15:30:00,0.995361327175,0.000755924110381,0.986635729359,0.996929265348,0.991782497353,0,0
2019-02-13 16:00:00,0.993294422313,-0.00207653723934,0.987104302283,0.996953809094,0.992029055688,0,0
2019-02-13 16:30:00,0.993517293311,0.000224375566323,0.987322032179,0.997079214965,0.992200623572,0,0
2019-02-13 17:00:00,0.993517293311,0.0,0.987748107569,0.997099970646,0.992424039107,0,0
2019-02-14 10:00:00,0.987451934933,-0.00610493488109,0.987465836819,0.997265438323,0.992365637571,0,1
2019-02-14 10:30:00,0.989469442558,0.00204314514366,0.987494483812,0.997252855155,0.992373669483,0,0
2019-02-14 11:00:00,0.988482664681,-0.000997279788673,0.987460382873,0.997271008954,0.992365695914,0,0
2019-02-14 11:30:00,0.987261736122,-0.00123515424476,0.987079954825,0.99748294186,0.992281448343,0,0
2019-02-14 12:00:00,0.98930219207,0.00206678317766,0.987143484619,0.997454962519,0.992299223569,0,0
2019-02-14 12:30:00,0.992393992362,0.00312523343909,0.987152226783,0.997216309278,0.99218426803,0,0
2019-02-14 13:00:00,0.992161786453,-0.00023398560577,0.987201079763,0.996867377807,0.992034228785,0,0
2019-02-14 13:30:00,0.992509511885,0.000350472510646,0.987343616948,0.996411032032,0.99187732449,0,0
2019-02-14 14:00:00,0.992371821949,-0.000138729084827,0.987336177787,0.996365728946,0.991850953367,0,0
2019-02-14 14:30:00,0.992891854279,0.000524029721931,0.987338110728,0.996332796322,0.991835453525,0,0
2019-02-14 15:00:00,0.991597802251,-0.00130331618952,0.987321381523,0.99631821468,0.991819798101,0,0
2019-02-14 15:30:00,0.991428218036,-0.000171021168969,0.987282409572,0.996277061979,0.991779735775,0,0
2019-02-14 16:00:00,0.989459718692,-0.0019855187771,0.987028325669,0.996224999699,0.991626662684,0,0
2019-02-14 16:30:00,0.989476832696,1.72963113649e-05,0.986801032023,0.996164778088,0.991482905055,0,0
2019-02-14 17:00:00,0.989476832696,0.0,0.986602937869,0.996000677698,0.991301807783,0,0
2019-02-15 10:00:00,1.00068028163,0.0113225985372,0.985448633107,0.997762062834,0.99160534797,1,0
2019-02-15 10:30:00,1.00239323779,0.00171179165583,0.984281305983,0.999632581019,0.991956943501,1,0
2019-02-15 11:00:00,1.00158771277,-0.000803601812392,0.983577206246,1.0011660098,0.992371608024,1,0
2019-02-15 11:30:00,1.00281330878,0.0012236532048,0.98288105729,1.0027917603,0.992836408798,1,0
2019-02-15 12:00:00,1.00347842119,0.00066324648683,0.98229772766,1.00437120272,0.993334465191,0,0
2019-02-15 12:30:00,1.00314508708,-0.000332178653975,0.98262151782,1.00561672778,0.994119122798,0,0
2019-02-15 13:00:00,1.00282925592,-0.000314840951037,0.982881798129,1.0066924288,0.994787113467,0,0
2019-02-15 13:30:00,1.00157682204,-0.00124890042463,0.98355613996,1.00732750271,0.995441821334,0,0
2019-02-15 14:00:00,1.00260444015,0.00102600029203,0.984568291523,1.00784962155,0.996208956536,0,0
2019-02-15 14:30:00,1.00322132218,0.00061527957202,0.985338792766,1.00847103332,0.996904913041,0,0
2019-02-15 15:00:00,1.00448736948,0.00126198204457,0.985675068069,1.00934409572,0.997509581897,0,0
2019-02-15 15:30:00,1.00352003933,-0.000963008769304,0.986233412338,1.00992157674,0.998077494541,0,0
2019-02-15 16:00:00,1.00670402187,0.00317281410705,0.98665044528,1.0109239948,0.99878722004,0,0
2019-02-15 16:30:00,1.00674097256,3.67046205323e-05,0.987267149929,1.01174420521,0.999505677571,0,0
2019-02-15 17:00:00,1.00674097256,0.0,0.987968064107,1.01242820286,1.00019813348,0,0
2019-02-19 10:00:00,1.00644925659,-0.000289762684362,0.98911244483,1.01276896757,1.0009407062,0,0
2019-02-19 10:30:00,1.00638002267,-6.87902766102e-05,0.990519893607,1.01285669926,1.00168829643,0,0
2019-02-19 11:00:00,1.00492922193,-0.00144160327928,0.992821035534,1.01210250766,1.00246177159,0,0
2019-02-19 11:30:00,1.00546597931,0.00053412456017,0.99573419699,1.01078826086,1.00326122893,0,0
2019-02-19 12:00:00,1.00885027347,0.00336589624869,0.999839041427,1.0086207605,1.00422990096,1,0
2019-02-19 12:30:00,1.00805602814,-0.000787277715491,1.0002241761,1.00897320048,1.00459868829,0,0
2019-02-19 13:00:00,1.00799340644,-6.21212436905e-05,1.00038332599,1.00937406745,1.00487869672,0,0
2019-02-19 13:30:00,1.0076071745,-0.000383169113405,1.0008077012,1.00955163841,1.00517966981,0,0
2019-02-19 14:00:00,1.00763945774,3.20395035498e-05,1.00106622603,1.00977572848,1.00542097726,0,0
2019-02-19 14:30:00,1.00841192161,0.000766607414785,1.00121832165,1.0101169829,1.00566765228,0,0
2019-02-19 15:00:00,1.00956594998,0.00114440174634,1.0013819362,1.01059545464,1.00598869542,0,0
2019-02-19 15:30:00,1.00876937091,-0.000789031233,1.00177159591,1.01079980643,1.00628570117,0,0
2019-02-19 16:00:00,1.00707897412,-0.00167570193635,1.00262090495,1.0105007126,1.00656080878,0,0
2019-02-19 16:30:00,1.00705485894,-2.39456757586e-05,1.00330908094,1.0102575785,1.00678332972,0,0
2019-02-19 17:30:00,1.00705485894,0.0,1.00393196611,1.010018047,1.00697500655,0,0
2019-02-20 10:00:00,1.00791094806,0.000850091845452,1.00431452033,1.00997785063,1.00714618548,0,0
2019-02-20 10:30:00,1.00818166048,0.000268587634241,1.0050886085,1.00966992458,1.00737926654,0,0
2019-02-20 11:00:00,1.0073586325,-0.000816348891158,1.00514336255,1.0096806316,1.00741199707,0,0
2019-02-20 11:30:00,1.00781059777,0.000448663719592,1.00521307652,1.00971788014,1.00746547833,0,0
2019-02-20 12:00:00,1.00821977803,0.000406009088892,1.00529006982,1.00978876739,1.00753941861,0,0
2019-02-20 12:30:00,1.00591638876,-0.00228461028337,1.00519740177,1.00982814866,1.00751277521,0,0
2019-02-20 13:00:00,1.00657916743,0.000658880483179,1.00522623422,1.00981923069,1.00752273245,0,0
2019-02-20 13:30:00,1.0087643145,0.00217086458604,1.00570761063,1.00972136353,1.00771448708,0,0
2019-02-20 14:00:00,1.00916143717,0.000393672400557,1.00609365851,1.00970486144,1.00789925997,0,0
2019-02-20 14:30:00,1.00727772994,-0.00186660643781,1.0060528413,1.0095884243,1.0078206328,0,0
2019-02-20 15:00:00,1.00977481861,0.00247904684124,1.00593520457,1.00987794008,1.00790657232,0,0
2019-02-20 15:30:00,1.0093282987,-0.000442197505898,1.00590172714,1.01004490673,1.00797331694,0,0
2019-02-20 16:00:00,1.00964451881,0.000313297574506,1.00588257133,1.01026779697,1.00807518415,0,0
2019-02-20 16:30:00,1.00950994051,-0.000133292754807,1.00589623687,1.01044117971,1.00816870829,0,0
2019-02-20 17:30:00,1.00950994051,0.0,1.005874631,1.01057258747,1.00822360923,0,0
2019-02-21 10:00:00,1.00645470196,-0.00302645713026,1.00568158369,1.01045450998,1.00806804683,0,0
2019-02-21 10:30:00,1.00519837853,-0.00124826624321,1.00520787274,1.01057112168,1.00788949721,0,1
2019-02-21 11:00:00,1.00519059943,-7.73886290573e-06,1.00487125347,1.01071890348,1.00779507848,0,0
2019-02-21 11:30:00,1.00493622311,-0.000253062775433,1.0045100282,1.01086826518,1.00768914669,0,0
2019-02-21 12:00:00,1.00716376623,0.00221660148199,1.00451967775,1.01086950636,1.00769459205,0,0
2019-02-21 12:30:00,1.00662039662,-0.000539504721535,1.00442138567,1.01083874329,1.00763006448,0,0
2019-02-21 13:00:00,1.00768924393,0.00106181764789,1.00440704557,1.01080384174,1.00760544365,0,0
2019-02-21 13:30:00,1.00654960688,-0.00113094096218,1.00433316175,1.01079682299,1.00756499237,0,0
2019-02-21 14:00:00,1.00659161398,4.17337594811e-05,1.00424584507,1.01076224129,1.00750404318,0,0
2019-02-21 14:30:00,1.00431350676,-0.00226318915308,1.00377454738,1.01084291186,1.00730872962,0,0
2019-02-21 15:00:00,1.00285531588,-0.00145192797756,1.00313584666,1.0111755053,1.00715567598,0,1
2019-02-21 15:30:00,1.00349436833,0.000637232942965,1.00266426755,1.01133860449,1.00700143602,0,0
2019-02-21 16:00:00,1.00543680771,0.00193567542049,1.00252743952,1.01114268184,1.00683506068,0,0
2019-02-21 16:30:00,1.00547220258,3.52034760918e-05,1.00244774447,1.01085345343,1.00665059895,0,0
2019-02-21 17:00:00,1.00547220258,0.0,1.00233667336,1.01078397181,1.00656032258,0,0
2019-02-22 10:00:00,1.00968730382,0.00419216088737,1.00234616113,1.01076573255,1.00655594684,0,0
2019-02-22 10:30:00,1.01003697403,0.000346315343426,1.00227281825,1.01090994297,1.00659138061,0,0
2019-02-22 11:00:00,1.0113100225,0.00126039789757,1.00205450218,1.01129480941,1.00667465579,1,0
2019-02-22 11:30:00,1.01282344494,0.00149649702008,1.00159653879,1.01208412324,1.00684033102,1,0
2019-02-22 12:00:00,1.01270286901,-0.000119049310608,1.00124451793,1.01275543695,1.00699997744,0,0
2019-02-22 12:30:00,1.01217816922,-0.000518118197778,1.00109237322,1.01347992838,1.0072861508,0,0
2019-02-22 13:00:00,1.01186583866,-0.000308572710951,1.00118580213,1.0140532455,1.00761952381,0,0
2019-02-22 13:30:00,1.01134697319,-0.000512780890724,1.00139459361,1.01446009139,1.0079273425,0,0
2019-02-22 14:00:00,1.01148505208,0.000136529692131,1.00169684809,1.0148127198,1.00825478395,0,0
2019-02-22 14:30:00,1.01087828287,-0.000599879562642,1.00180276241,1.01507825714,1.00844050978,0,0
2019-02-22 15:00:00,1.00867057644,-0.00218394882265,1.00196053028,1.01512550726,1.00854301877,0,0
2019-02-22 15:30:00,1.01120967221,0.00251726959541,1.00204503842,1.01539304195,1.00871904018,0,0
2019-02-22 16:00:00,1.01244654791,0.00122316442638,1.00222341248,1.015804362,1.00901388724,0,0
2019-02-22 16:30:00,1.01251928243,7.18403499971e-05,1.00244788461,1.0161726567,1.00931027066,0,0
2019-02-22 17:00:00,1.01251928243,0.0,1.00314065391,1.01630046497,1.00972055944,0,0
2019-02-25 10:00:00,1.01883434967,0.00623698467375,1.00357893445,1.01746008781,1.01051951113,1,0
2019-02-25 10:30:00,1.01777250355,-0.00104221664592,1.0043989059,1.01806792989,1.01123341789,0,0
2019-02-25 11:00:00,1.02054458315,0.00272367310267,1.00453989297,1.01943772036,1.01198880666,1,0
2019-02-25 11:30:00,1.01910584,-0.00140977980909,1.00523724559,1.02010373148,1.01267048853,0,0
2019-02-25 12:00:00,1.01958931059,0.000474406657723,1.00614276188,1.02060992599,1.01337634394,0,0
2019-02-25 12:30:00,1.01864259504,-0.000928526359238,1.00644480756,1.02120340944,1.0138241085,0,0
2019-02-25 13:00:00,1.01776628028,-0.000860276968709,1.00685683343,1.02156431419,1.01421057381,0,0
2019-02-25 13:30:00,1.0170358235,-0.000717705817812,1.00717281966,1.02182090806,1.01449686386,0,0
2019-02-25 14:00:00,1.01738588266,0.000344195506107,1.00733647378,1.02211349771,1.01472498574,0,0
2019-02-25 14:30:00,1.0172929225,-9.13715791568e-05,1.0075453201,1.02236365674,1.01495448842,0,0
2019-02-25 15:00:00,1.01677755763,-0.000506604207147,1.00785301372,1.02251590196,1.01518445784,0,0
2019-02-25 15:30:00,1.01530380857,-0.00144943114896,1.00819325093,1.02251946174,1.01535635634,0,0
2019-02-25 16:00:00,1.01460524606,-0.000688032976547,1.00859591405,1.0224426259,1.01551926998,0,0
2019-02-25 16:30:00,1.01485845552,0.000249564508017,1.00901870456,1.02235717575,1.01568794015,0,0
2019-02-25 17:00:00,1.01485845552,0.0,1.00959514971,1.02217874786,1.01588694878,0,0
2019-02-26 10:00:00,1.01161185129,-0.00319907097783,1.01034367227,1.02172435278,1.01603401253,0,0
2019-02-26 10:30:00,1.01308560036,0.00145683254077,1.0107173359,1.02153828197,1.01612780893,0,0
2019-02-26 11:00:00,1.01045432234,-0.00259729090848,1.01027016241,1.0217862329,1.01602819765,0,0
2019-02-26 11:30:00,1.01484756479,0.00434778926752,1.01059490396,1.02169431959,1.01614461177,0,0
2019-02-26 12:00:00,1.01433842319,-0.000501692685826,1.01087979848,1.02159133915,1.01623556881,0,0
2019-02-26 12:30:00,1.01470326263,0.000359682160608,1.01077762233,1.02128040659,1.01602901446,0,0
2019-02-26 13:00:00,1.01400858967,-0.000684606998784,1.01058273574,1.02109890179,1.01584081877,0,0
2019-02-26 13:30:00,1.01465853285,0.000640964169681,1.01075913266,1.02033389984,1.01554651625,0,0
2019-02-26 14:00:00,1.01452939991,-0.000127267381485,1.01081777617,1.01981761232,1.01531769425,0,0
2019-02-26 14:30:00,1.0145998007,6.9392554447e-05,1.01103655716,1.01909988034,1.01506821875,0,0
2019-02-26 15:00:00,1.01642360892,0.00179756414532,1.01122906616,1.01868547273,1.01495726945,0,0
2019-02-26 15:30:00,1.01601559552,-0.000401420623377,1.01134243145,1.01839703897,1.01486973521,0,0
2019-02-26 16:00:00,1.01347455498,-0.00250098577045,1.0112667062,1.01811663736,1.01469167178,0,0
2019-02-26 16:30:00,1.01353717667,6.17891133723e-05,1.01128568594,1.01771278702,1.01449923648,0,0
2019-02-26 17:00:00,1.01353717667,0.0,1.01135675962,1.01726613877,1.01431144919,0,0
2019-02-27 10:00:00,1.01129679805,-0.00221045530007,1.01102960036,1.01704522207,1.01403741121,0,0
2019-02-27 10:30:00,1.00752277135,-0.00373186853423,1.00952442555,1.01777229315,1.01364835935,0,1
2019-02-27 11:00:00,1.00783121236,0.000306138009176,1.00846661311,1.01815270222,1.01330965767,0,1
2019-02-27 11:30:00,1.00903541587,0.00119484641438,1.007876591,1.01816042036,1.01301850568,0,0
2019-02-27 12:00:00,1.00979543321,0.000753211750412,1.00750762477,1.01802308436,1.01276535457,0,0
2019-02-27 12:30:00,1.0102368967,0.000437181117782,1.00734033778,1.0180528759,1.01269660684,0,0
2019-02-27 13:00:00,1.01055428367,0.000314170837323,1.00713344878,1.01800663322,1.012570041,0,0
2019-02-27 13:30:00,1.0120754852,0.00150531401636,1.00729965168,1.01800254662,1.01265109915,0,0
2019-02-27 14:00:00,1.01145432467,-0.000613749212157,1.00720861594,1.01775425835,1.01248143714,0,0
2019-02-27 14:30:00,1.01128279568,-0.000169586489687,1.00710554805,1.01755176348,1.01232865577,0,0
2019-02-27 15:00:00,1.01142787576,0.000143461428107,1.00705101887,1.01727875398,1.01216488642,0,0
2019-02-27 15:30:00,1.01060484777,-0.000813728789117,1.00691272908,1.01707666957,1.01199469933,0,0
2019-02-27 16:00:00,1.01079154599,0.000184739088751,1.00685363617,1.0167490638,1.01180134998,0,0
2019-02-27 16:30:00,1.01070480911,-8.58108490308e-05,1.00681301248,1.0164072284,1.01161012044,0,0
2019-02-27 17:00:00,1.01070480911,0.0,1.00681717865,1.01601356308,1.01141537086,0,0
2019-02-28 10:00:00,1.01181721933,0.00110062820471,1.0072260747,1.01514402807,1.01118505138,0,0
2019-02-28 10:30:00,1.00975926043,-0.00203392358506,1.00758940066,1.0141550686,1.01087223463,0,0
2019-02-28 11:00:00,1.00901830187,-0.000733797236994,1.00750842547,1.01379041848,1.01064942197,0,0
2019-02-28 11:30:00,1.00933996734,0.000318790523403,1.00756105508,1.01331806793,1.01043956151,0,0
2019-02-28 12:00:00,1.00966474445,0.000321771771714,1.0077490837,1.01274279609,1.0102459399,0,0
2019-02-28 12:30:00,1.01046443516,0.000792035878917,1.00775390063,1.01265474288,1.01020432175,0,0
2019-02-28 13:00:00,1.01073048012,0.000263289782739,1.00825740971,1.01247200468,1.01036470719,0,0
2019-02-28 13:30:00,1.00941075708,-0.0013057121153,1.00863959466,1.01224777419,1.01044368443,0,0
2019-02-28 14:00:00,1.00988683754,0.000471641949777,1.00878482412,1.0121876869,1.01048625551,0,0
2019-02-28 14:30:00,1.01007042412,0.000181789260799,1.00881774305,1.01218226706,1.01050000506,0,0
2019-02-28 15:00:00,1.00857567151,-0.00147984989709,1.00852856515,1.01230532244,1.0104169438,0,0
2019-02-28 15:30:00,1.00915326912,0.000572686443181,1.00837774976,1.01231603637,1.01034689307,0,0
2019-02-28 16:00:00,1.00791172597,-0.00123028205141,1.00806159127,1.01221581894,1.01013870511,0,1
2019-02-28 16:30:00,1.00801479895,0.000102263891006,1.00778151465,1.01215194299,1.00996672882,0,0
2019-02-28 17:00:00,1.00801479895,0.0,1.00754496336,1.01206169461,1.00980332898,0,0
2019-03-01 10:00:00,1.01612255805,0.00804329371817,1.00647162527,1.01360450093,1.0100380631,1,0
2019-03-01 10:30:00,1.01176082091,-0.00429253056045,1.00645407618,1.01373764733,1.01009586176,0,0
2019-03-01 11:00:00,1.01156712151,-0.00019144781836,1.0064454554,1.01382382567,1.01013464053,0,0
2019-03-01 11:30:00,1.01029135035,-0.00126118290497,1.00643361202,1.01379432317,1.01011396759,0,0
2019-03-01 12:00:00,1.00888916894,-0.00138789806784,1.00631473032,1.01373164085,1.01002318559,0,0
2019-03-01 12:30:00,1.01048855034,0.00158528950039,1.00633707546,1.01357642881,1.00995675214,0,0
2019-03-01 13:00:00,1.01079699136,0.000305239495604,1.00637117467,1.01364610269,1.01000863868,0,0
2019-03-01 13:30:00,1.01073242489,-6.38767901374e-05,1.00647439646,1.01371429321,1.01009434483,0,0
2019-03-01 14:00:00,1.01078648958,5.34906085499e-05,1.00655238694,1.01378095495,1.01016667095,0,0
2019-03-01 14:30:00,1.0130303688,0.00221993392147,1.00651170069,1.01415820363,1.01033495216,0,0
2019-03-01 15:00:00,1.0122563491,-0.000764063666853,1.0065057296,1.01434336612,1.01042454786,0,0
2019-03-01 15:30:00,1.01226685088,1.03746198374e-05,1.00649797671,1.01450475608,1.0105013664,0,0
2019-03-01 16:00:00,1.01234503075,7.72324797542e-05,1.00659817991,1.01469798025,1.01064808008,0,0
2019-03-01 16:30:00,1.01230574634,-3.88053634391e-05,1.00667066011,1.01486739093,1.01076902552,0,0
2019-03-01 17:00:00,1.01230574634,0.0,1.00674093455,1.01502064871,1.01088079163,0,0
2019-03-04 10:00:00,1.01491874349,0.00258123315167,1.00683573364,1.01556015682,1.01119794523,0,0
2019-03-04 10:30:00,1.01445083108,-0.000461034357215,1.00698164432,1.01594400234,1.01146282333,0,0
2019-03-04 11:00:00,1.01123223158,-0.00317275061567,1.00746696195,1.01579073526,1.01162884861,0,0
2019-03-04 11:30:00,1.00763595714,-0.00355632892696,1.0073759379,1.01584387514,1.01160990652,0,0
2019-03-04 12:00:00,1.0007491266,-0.00683464151136,1.0049630927,1.0175301531,1.0112466229,0,1
2019-03-04 12:30:00,0.999634382655,-0.00111390948805,1.00267598307,1.0181684452,1.01042221413,0,1
2019-03-04 13:00:00,0.997904312495,-0.00173070293465,1.00021125857,1.01924751885,1.00972938871,0,1
2019-03-04 13:30:00,0.999550757411,0.00164990259611,0.998632125699,1.01962501531,1.00912857051,0,0
2019-03-04 14:00:00,1.00135745163,0.00180750622899,0.997647189265,1.01971656188,1.00868187557,0,0
2019-03-04 14:30:00,1.00371996201,0.00235930772924,0.997169204181,1.01967762627,1.00842341522,0,0
2019-03-04 15:00:00,1.00250681254,-0.00120865332227,0.996515265435,1.01953339123,1.00802432833,0,0
2019-03-04 15:30:00,1.00260599597,9.89354161243e-05,0.995939396845,1.01929016028,1.00761477856,0,0
2019-03-04 16:00:00,1.00450292766,0.00189200114521,0.995645754782,1.01896085262,1.0073033037,0,0
2019-03-04 16:30:00,1.00426722116,-0.000234649889587,0.995365388246,1.01858929232,1.00697734028,0,0
2019-03-04 17:30:00,1.00426722116,0.0,0.995231581857,1.01784678394,1.0065391829,0,0
2019-03-05 10:00:00,1.00177052144,-0.00248609101982,0.994851980558,1.01717780248,1.00601489152,0,0
2019-03-05 10:30:00,1.00176507608,-5.43574061562e-06,0.994580030896,1.01639957466,1.00548980278,0,0
2019-03-05 11:00:00,1.00214391788,0.000378174295641,0.99447303257,1.0154864617,1.00497974713,0,0
2019-03-05 11:30:00,1.00446169847,0.00231282209318,0.99466278413,1.01451230535,1.00458754474,0,0
2019-03-05 12:00:00,1.00432789808,-0.000133206064748,0.994952640145,1.01342466451,1.00418865233,0,0
2019-03-05 12:30:00,1.00410463813,-0.000222297870626,0.995912606654,1.01138328746,1.00364794706,0,0
2019-03-05 13:00:00,1.00486815605,0.000760396769844,0.997285495108,1.00905213151,1.00316881331,0,0
2019-03-05 13:30:00,1.00350370324,-0.00135784262496,0.998274598627,1.00729017515,1.00278238689,0,0
2019-03-05 14:00:00,1.00412408586,0.000618216575026,0.998655855095,1.00655773156,1.00260679333,0,0
2019-03-05 14:30:00,1.0052551659,0.0011264345287,0.998813852196,1.00685033839,1.00283209529,0,0
2019-03-05 15:00:00,1.00574369291,0.000485973136055,0.999215137561,1.00705998405,1.0031375608,0,0
2019-03-05 15:30:00,1.00484870832,-0.000889873426044,1.00036571948,1.00660384171,1.00348478059,0,0
2019-03-05 16:00:00,1.00383042512,-0.00101336966704,1.0011882501,1.00620927786,1.00369876398,0,0
2019-03-05 16:30:00,1.00376080224,-6.93572097787e-05,1.00156313056,1.00607473246,1.00381893151,0,0
2019-03-05 17:30:00,1.00376080224,0.0,1.00156547587,1.00607647117,1.00382097352,0,0
2019-03-06 10:00:00,1.00308246538,-0.000675795328565,1.00165088865,1.00604862368,1.00384975616,0,0
2019-03-06 10:30:00,1.00143213092,-0.00164526299585,1.00139829259,1.00618383324,1.00379106291,0,0
2019-03-06 11:00:00,1.00088992818,-0.000541427348528,1.00091724205,1.00630358382,1.00361041294,0,1
2019-03-06 11:30:00,1.0003411132,-0.000548327000305,1.00037268259,1.00645553249,1.00341410754,0,1
2019-03-06 12:00:00,0.998448460012,-0.00189200780288,0.999390646257,1.00685569271,1.00312316948,0,1
2019-03-06 12:30:00,0.998276153114,-0.00017257465412,0.998663124912,1.00723377722,1.00294845107,0,1
2019-03-06 13:00:00,0.997646435581,-0.000630804944513,0.997863090083,1.007621948,1.00274251904,0,1
2019-03-06 13:30:00,0.997604039527,-4.24960710628e-05,0.997123385589,1.00790766466,1.00251552512,0,0
2019-03-06 14:00:00,0.9999074288,0.00230892135709,0.996857205223,1.00771841806,1.00228781164,0,0
2019-03-06 14:30:00,0.999699338077,-0.000208109987879,0.996597414717,1.00751535256,1.00205638364,0,0
2019-03-06 15:00:00,0.999323218957,-0.000376232238395,0.996317391776,1.00731723359,1.00181731268,0,0
2019-03-06 15:30:00,0.998564368489,-0.000759364391376,0.996015863316,1.00698838329,1.0015021233,0,0
2019-03-06 16:00:00,0.998672497874,0.000108284842109,0.995720205614,1.00680092046,1.00126056304,0,0
2019-03-06 16:30:00,0.998581093538,-9.15258369649e-05,0.995491841555,1.00647498528,1.00098341342,0,0
2019-03-06 18:00:00,0.998581093538,0.0,0.995447613528,1.00585180607,1.0006497098,0,0
2019-03-07 10:00:00,0.990233349436,-0.00835960560049,0.993400489735,1.00634789552,0.999874192627,0,1
2019-03-07 10:30:00,0.988443769219,-0.00180723080863,0.991219882265,1.00688800908,0.999053945672,0,1
2019-03-07 11:00:00,0.989377649267,0.000944798355791,0.98972419318,1.00693842058,0.99833130688,0,1
2019-03-07 11:30:00,0.98931813921,-6.01489807696e-05,0.988510652443,1.00670769501,0.997609173728,0,0
2019-03-07 12:00:00,0.99043560584,0.00112953213466,0.987789724353,1.00609610346,0.996942913908,0,0
2019-03-07 12:30:00,0.990953304442,0.000522697890829,0.98728938972,1.005383522,0.996336455861,0,0
2019-03-07 13:00:00,0.993565912639,0.00263645944339,0.987148399945,1.00473788995,0.995943144947,0,0
2019-03-07 13:30:00,0.993069995496,-0.00049912858022,0.986991189569,1.00411310706,0.995552148313,0,0
2019-03-07 14:00:00,0.992469838514,-0.000604345096325,0.986803363455,1.0035138057,0.995158584579,0,0
2019-03-07 14:30:00,0.990926077618,-0.00155547386498,0.986373726983,1.00319120394,0.994782465459,0,0
2019-03-07 15:00:00,0.988640191303,-0.00230681820412,0.985634498622,1.00296683611,0.994300667368,0,0
2019-03-07 15:30:00,0.98855150965,-8.97006359305e-05,0.984967092923,1.00272474922,0.993845921072,0,0
2019-03-07 16:00:00,0.990592354552,0.0020644800831,0.984687880609,1.00230279304,0.993495336823,0,0
2019-03-07 16:30:00,0.990793055137,0.000202606636467,0.984698251143,1.00138098514,0.99303961814,0,0
2019-03-07 17:30:00,0.990793055137,0.0,0.98481813936,1.00037046863,0.992594303993,0,0
2019-03-08 10:00:00,0.984096812361,-0.00675846761483,0.983851908779,0.999814058547,0.991832983663,0,0
2019-03-08 10:30:00,0.985064531461,0.000983357620844,0.983291319727,0.999024663896,0.991157991812,0,0
2019-03-08 11:00:00,0.985774762602,0.000720999607122,0.983141105496,0.9978851046,0.990513105048,0,0
2019-03-08 11:30:00,0.987031863941,0.00127524195862,0.98347112244,0.996400164697,0.989935643568,0,0
2019-03-08 12:00:00,0.985657298306,-0.00139262539047,0.983983808995,0.994595098618,0.989289453807,0,0
2019-03-08 12:30:00,0.98561140166,-4.65645062446e-05,0.983527945256,0.994588767579,0.989058356418,0,0
2019-03-08 13:00:00,0.983462038418,-0.00218074104943,0.982739828703,0.994878711052,0.988809269878,0,0
2019-03-08 13:30:00,0.984330963044,0.000883536519048,0.98217538689,0.994938484243,0.988556935567,0,0
2019-03-08 14:00:00,0.985269121593,0.000953092591839,0.981819552813,0.994889416558,0.988354484686,0,0
2019-03-08 14:30:00,0.985747535778,0.000485567013972,0.981563179531,0.994676982835,0.988120081183,0,0
2019-03-08 15:00:00,0.986868891954,0.00113756934221,0.981477149413,0.994354571703,0.987915860558,0,0
2019-03-08 15:30:00,0.985940068316,-0.000941182405722,0.981623049753,0.993446086931,0.987534568342,0,0
2019-03-08 16:00:00,0.989893403096,0.00400971104359,0.981938782186,0.992812695258,0.987375738722,0,0
2019-03-08 16:30:00,0.989898848461,5.50096070362e-06,0.982210521809,0.992283856629,0.987247189219,0,0
2019-03-08 17:00:00,0.989898848461,0.0,0.982298085957,0.992093569567,0.987195827762,0,0
2019-03-11 10:00:00,0.987654191336,-0.00226756211336,0.98229032811,0.992002727416,0.987146527763,0,0
2019-03-11 10:30:00,0.989322028756,0.00168868560951,0.982270053005,0.992100054432,0.987185053719,0,0
2019-03-11 11:00:00,0.992911690965,0.00362840622581,0.981956814406,0.992645226672,0.987301020539,1,0
2019-03-11 11:30:00,0.99366859666,0.000762309177873,0.981576042807,0.993313552423,0.987444797615,1,0
2019-03-11 12:00:00,0.993880576929,0.000213330953421,0.981219392623,0.993978954787,0.987599173705,0,0
2019-03-11 12:30:00,0.992939695697,-0.000946674331898,0.981461005249,0.994621630494,0.988041317872,0,0
2019-03-11 13:00:00,0.992970034158,3.05541823584e-05,0.981662282698,0.995210903315,0.988436593006,0,0
2019-03-11 13:30:00,0.995744836433,0.00279444714288,0.98154607863,0.996324114766,0.988935096698,0,0
2019-03-11 14:00:00,0.996156739378,0.000413663149293,0.981395220312,0.997387460628,0.98939134047,0,0
2019-03-11 14:30:00,0.996634764609,0.000479869494239,0.981527140155,0.998353287415,0.989940213785,0,0
2019-03-11 15:00:00,0.996390501106,-0.000245088282517,0.981855306752,0.999103030762,0.990479168757,0,0
2019-03-11 15:30:00,0.996448844299,5.85545459018e-05,0.98277794926,0.999479068843,0.991128509051,0,0
2019-03-11 16:00:00,0.997846747211,0.00140288477452,0.983583393544,1.00002520298,0.99180429826,0,0
2019-03-11 16:30:00,0.997702834001,-0.000144223760436,0.984407913726,1.00044405403,0.99242598388,0,0
2019-03-11 17:00:00,0.997702834001,0.0,0.985325876179,1.0007216214,0.993023748791,0,0
2019-03-12 10:00:00,0.996068446679,-0.00163815042603,0.986248895059,1.000718558,0.993483726528,0,0
2019-03-12 10:30:00,0.997331771292,0.00126831104547,0.987563800143,1.00054282321,0.994053311676,0,0
2019-03-12 11:00:00,0.996295985133,-0.00103855726729,0.988120602236,1.00062627932,0.994373440778,0,0
2019-03-12 11:30:00,0.993975092902,-0.0023295208105,0.988683074464,1.00047143154,0.994577253,0,0
2019-03-12 12:00:00,0.995966929522,0.00200390999192,0.989389534661,1.00037177945,0.994880657053,0,0
2019-03-12 12:30:00,0.994930365454,-0.00104076153283,0.990931509806,0.999557421712,0.995244465759,0,0
2019-03-12 13:00:00,0.994129118932,-0.000805329246743,0.992132809695,0.998836830841,0.995484820268,0,0
2019-03-12 13:30:00,0.994109282246,-1.99538323095e-05,0.992346994079,0.998742405585,0.995544699832,0,0
2019-03-12 14:00:00,0.994816790704,0.000711700886868,0.992506630624,0.998697588444,0.995602109534,0,0
2019-03-12 14:30:00,0.995085169394,0.000269776999986,0.99266249876,0.998662179555,0.995662339158,0,0
2019-03-12 15:00:00,0.995368717313,0.00028494839268,0.993064507418,0.998503073058,0.995783790238,0,0
2019-03-12 15:30:00,0.994223245951,-0.0011508010474,0.993351680773,0.998341220883,0.995846450828,0,0
2019-03-12 16:00:00,0.994138842798,-8.48935622512e-05,0.993156853695,0.998375448597,0.995766151146,0,0
2019-03-12 16:30:00,0.993960312626,-0.000179582734235,0.992933817938,0.998378841679,0.995656329809,0,0
2019-03-12 19:00:00,0.993960312626,0.0,0.992740376311,0.998304838108,0.99552260721,0,0
2019-03-13 10:00:00,0.999054840268,0.00512548396261,0.992472402074,0.998839246261,0.995655824168,1,0
2019-03-13 10:30:00,0.998331384671,-0.000724140025322,0.992362982902,0.99913691947,0.995749951186,0,0
2019-03-13 11:00:00,0.99918630693,0.000856351180347,0.992209563945,0.9994242944,0.995816929172,0,0
2019-03-13 11:30:00,1.00163749896,0.00245318817144,0.991628028825,1.00039929602,0.99601366242,1,0
2019-03-13 12:00:00,1.00060871398,-0.00102710309552,0.991364234409,1.00095367843,0.996158956419,0,0
2019-03-13 12:30:00,0.999943990534,-0.000664319069067,0.991268873595,1.00143659363,0.996352733612,0,0
2019-03-13 13:00:00,1.00071373173,0.000769784312581,0.991087929049,1.00195573422,0.996521831634,0,0
2019-03-13 13:30:00,1.00101361575,0.000299670129651,0.990967213174,1.00254821315,0.996757713165,0,0
2019-03-13 14:00:00,1.00100078024,-1.28225054399e-05,0.991178530137,1.00303946493,0.997108997532,0,0
2019-03-13 14:30:00,1.00021937041,-0.000780628598362,0.991260083482,1.00338315567,0.997321619576,0,0
2019-03-13 15:00:00,0.997749508556,-0.00246932015533,0.991504951658,1.0034202018,0.997462576731,0,0
2019-03-13 15:30:00,0.998271485659,0.00052315445765,0.991915472982,1.00342391715,0.997669695067,0,0
2019-03-13 16:00:00,0.999752235906,0.00148331417662,0.992382265961,1.00352141954,0.99795184275,0,0
2019-03-13 16:30:00,0.999725786991,-2.64554690264e-05,0.992778819362,1.00361576577,0.998197292565,0,0
2019-03-13 17:00:00,0.999725786991,0.0,0.99317708554,1.00368156135,0.998429323445,0,0
2019-03-14 10:00:00,0.999537532954,-0.00018830567302,0.993569277864,1.00370625059,0.998637764227,0,0
2019-03-14 10:30:00,0.998040446613,-0.00149777901436,0.994190892346,1.00346635617,0.99882862426,0,0
2019-03-14 11:00:00,0.999367948739,0.00133010854434,0.995009437438,1.00317072168,0.999090079557,0,0
2019-03-14 11:30:00,0.999646051294,0.000278278441127,0.996082478371,1.00266625461,0.99937436649,0,0
2019-03-14 12:00:00,1.00083586348,0.00119023347097,0.997569272146,1.00186701592,0.999718144033,0,0
2019-03-14 12:30:00,1.00046091123,-0.00037463910867,0.997638944883,1.00193795028,0.999788447581,0,0
2019-03-14 13:00:00,1.00018980986,-0.000270976475587,0.997839074418,1.00192366326,0.99988136884,0,0
2019-03-14 13:30:00,1.00014157948,-4.82212202924e-05,0.997910740082,1.00194752485,0.999929132468,0,0
2019-03-14 14:00:00,0.999353168463,-0.000788299412217,0.997950943257,1.00167888863,0.999814915943,0,0
2019-03-14 14:30:00,0.999693892712,0.000340944782903,0.997942699486,1.00159565027,0.999769174879,0,0
2019-03-14 15:00:00,0.999567093505,-0.00012683803289,0.997923671732,1.00157698832,0.999750330028,0,0
2019-03-14 15:30:00,1.00014391321,0.000577069521896,0.997941255948,1.00150242226,0.999721839102,0,0
2019-03-14 16:00:00,1.00011551952,-2.83896017834e-05,0.997990722012,1.00136314657,0.999676934291,0,0
2019-03-14 16:30:00,1.0,-0.000115506179581,0.998050259515,1.00120353104,0.999626895279,0,0
