Date,Close,Lower Bound,Upper Bound,Middle Bound,sellSignal,buySignal
2018-12-14 17:00:00,0.937400476236,,,,0,0
2018-12-17 10:00:00,0.929877704888,,,,0,0
2018-12-17 10:30:00,0.930511700922,,,,0,0
2018-12-17 11:00:00,0.932468920581,,,,0,0
2018-12-17 11:30:00,0.934356906317,,,,0,0
2018-12-17 12:00:00,0.936108368981,,,,0,0
2018-12-17 12:30:00,0.934123533544,,,,0,0
2018-12-17 13:00:00,0.926917760213,,,,0,0
2018-12-17 13:30:00,0.926761789409,,,,0,0
2018-12-17 14:00:00,0.922929419516,,,,0,0
2018-12-17 14:30:00,0.92176255565,,,,0,0
2018-12-17 15:00:00,0.920919690983,,,,0,0
2018-12-17 15:30:00,0.916797160942,,,,0,0
2018-12-17 16:00:00,0.917711204305,,,,0,0
2018-12-17 16:30:00,0.917659862295,,,,0,0
2018-12-17 17:00:00,0.917659862295,,,,0,0
2018-12-18 10:00:00,0.929836475698,,,,0,0
2018-12-18 10:30:00,0.929233207079,,,,0,0
2018-12-18 11:00:00,0.925346383539,,,,0,0
2018-12-18 11:30:00,0.924592200526,,,,0,0
2018-12-18 12:00:00,0.926223476212,0.916797160942,0.937400476236,0.927098818589,0,0
2018-12-18 12:30:00,0.928333555037,0.916797160942,0.936108368981,0.926452764962,0,0
2018-12-18 13:00:00,0.929466968807,0.916797160942,0.936108368981,0.926452764962,0,0
2018-12-18 13:30:00,0.926930595715,0.916797160942,0.936108368981,0.926452764962,0,0
2018-12-18 14:00:00,0.924108340976,0.916797160942,0.936108368981,0.926452764962,0,0
2018-12-18 14:30:00,0.924449843135,0.916797160942,0.936108368981,0.926452764962,0,0
2018-12-18 15:00:00,0.916647024458,0.916797160942,0.934123533544,0.925460347243,1,0
2018-12-18 15:30:00,0.917599574328,0.916647024458,0.929836475698,0.923241750078,0,0
2018-12-18 16:00:00,0.92090763339,0.916647024458,0.929836475698,0.923241750078,0,0
2018-12-18 16:30:00,0.920874961202,0.916647024458,0.929836475698,0.923241750078,0,0
2018-12-18 17:00:00,0.920874961202,0.916647024458,0.929836475698,0.923241750078,0,0
2018-12-19 10:00:00,0.926037166948,0.916647024458,0.929836475698,0.923241750078,0,0
2018-12-19 10:30:00,0.928447518742,0.916647024458,0.929836475698,0.923241750078,0,0
2018-12-19 11:00:00,0.92964899957,0.916647024458,0.929836475698,0.923241750078,0,0
2018-12-19 11:30:00,0.927858641444,0.916647024458,0.929836475698,0.923241750078,0,0
2018-12-19 12:00:00,0.92990648753,0.916647024458,0.929836475698,0.923241750078,0,1
2018-12-19 12:30:00,0.932488757267,0.916647024458,0.92990648753,0.923276755994,0,1
2018-12-19 13:00:00,0.930717457917,0.916647024458,0.932488757267,0.924567890862,0,0
2018-12-19 13:30:00,0.928554092308,0.916647024458,0.932488757267,0.924567890862,0,0
2018-12-19 14:00:00,0.934484872388,0.916647024458,0.932488757267,0.924567890862,0,1
2018-12-19 14:30:00,0.925627208776,0.916647024458,0.934484872388,0.925565948423,0,0
2018-12-19 15:00:00,0.911265448305,0.916647024458,0.934484872388,0.925565948423,1,0
2018-12-19 15:30:00,0.905299273355,0.911265448305,0.934484872388,0.922875160347,1,0
2018-12-19 16:00:00,0.90714758572,0.905299273355,0.934484872388,0.919892072871,0,0
2018-12-19 16:30:00,0.907184536409,0.905299273355,0.934484872388,0.919892072871,0,0
2018-12-19 17:00:00,0.907184536409,0.905299273355,0.934484872388,0.919892072871,0,0
2018-12-20 10:00:00,0.902149907779,0.905299273355,0.934484872388,0.919892072871,1,0
2018-12-20 10:30:00,0.901283705835,0.902149907779,0.934484872388,0.918317390083,1,0
2018-12-20 11:00:00,0.902053058078,0.901283705835,0.934484872388,0.917884289112,0,0
2018-12-20 11:30:00,0.897729827452,0.901283705835,0.934484872388,0.917884289112,1,0
2018-12-20 12:00:00,0.892512001195,0.897729827452,0.934484872388,0.91610734992,1,0
2018-12-20 12:30:00,0.897125003014,0.892512001195,0.934484872388,0.913498436791,0,0
2018-12-20 13:00:00,0.893556344356,0.892512001195,0.934484872388,0.913498436791,0,0
2018-12-20 13:30:00,0.891466102216,0.892512001195,0.934484872388,0.913498436791,1,0
2018-12-20 14:00:00,0.888165433292,0.891466102216,0.934484872388,0.912975487302,1,0
2018-12-20 14:30:00,0.88950071451,0.888165433292,0.934484872388,0.91132515284,0,0
2018-12-20 15:00:00,0.891568786236,0.888165433292,0.934484872388,0.91132515284,0,0
2018-12-20 15:30:00,0.890645796917,0.888165433292,0.934484872388,0.91132515284,0,0
2018-12-20 16:00:00,0.88915571176,0.888165433292,0.934484872388,0.91132515284,0,0
2018-12-20 16:30:00,0.88913470821,0.888165433292,0.934484872388,0.91132515284,0,0
2018-12-20 17:30:00,0.88913470821,0.888165433292,0.925627208776,0.906896321034,0,0
2018-12-21 10:00:00,0.89362402246,0.888165433292,0.911265448305,0.899715440798,0,0
2018-12-21 10:30:00,0.900371996201,0.888165433292,0.907184536409,0.89767498485,0,0
2018-12-21 11:00:00,0.89541554745,0.888165433292,0.907184536409,0.89767498485,0,0
2018-12-21 11:30:00,0.894897459893,0.888165433292,0.907184536409,0.89767498485,0,0
2018-12-21 12:00:00,0.889005186321,0.888165433292,0.907184536409,0.89767498485,0,0
2018-12-21 12:30:00,0.883461027136,0.888165433292,0.902149907779,0.895157670535,1,0
2018-12-21 13:00:00,0.883210151404,0.883461027136,0.902053058078,0.892757042607,1,0
2018-12-21 13:30:00,0.884214043284,0.883210151404,0.902053058078,0.892631604741,0,0
2018-12-21 14:00:00,0.882907544708,0.883210151404,0.900371996201,0.891791073803,1,0
2018-12-21 14:30:00,0.881020725836,0.882907544708,0.900371996201,0.891639770455,1,0
2018-12-21 15:00:00,0.880489413822,0.881020725836,0.900371996201,0.890696361018,1,0
2018-12-21 15:30:00,0.873313978951,0.880489413822,0.900371996201,0.890430705011,1,0
2018-12-21 16:00:00,0.872806782124,0.873313978951,0.900371996201,0.886842987576,1,0
2018-12-21 16:30:00,0.873023040894,0.872806782124,0.900371996201,0.886589389162,0,0
2018-12-21 17:30:00,0.873023040894,0.872806782124,0.900371996201,0.886589389162,0,0
2018-12-24 10:00:00,0.860336507981,0.872806782124,0.900371996201,0.886589389162,1,0
2018-12-24 10:30:00,0.86039446222,0.860336507981,0.900371996201,0.880354252091,0,0
2018-12-24 11:00:00,0.863798204119,0.860336507981,0.900371996201,0.880354252091,0,0
2018-12-24 11:30:00,0.857121020119,0.860336507981,0.900371996201,0.880354252091,1,0
2018-12-24 12:00:00,0.855851472232,0.857121020119,0.900371996201,0.87874650816,1,0
2018-12-24 12:30:00,0.855140463183,0.855851472232,0.900371996201,0.878111734216,1,0
2018-12-24 13:00:00,0.848282804238,0.855140463183,0.900371996201,0.877756229692,1,0
2018-12-24 13:30:00,0.847617691834,0.848282804238,0.89541554745,0.871849175844,1,0
2018-12-24 14:30:00,0.847617691834,0.847617691834,0.894897459893,0.871257575864,0,0
2018-12-24 15:00:00,0.847617691834,0.847617691834,0.889005186321,0.868311439078,0,0
2018-12-26 10:00:00,0.85063909134,0.847617691834,0.884214043284,0.865915867559,0,0
2018-12-26 10:30:00,0.848060322194,0.847617691834,0.884214043284,0.865915867559,0,0
2018-12-26 11:00:00,0.845187892309,0.847617691834,0.884214043284,0.865915867559,1,0
2018-12-26 11:30:00,0.854370721985,0.845187892309,0.882907544708,0.864047718509,0,0
2018-12-26 12:00:00,0.860741409743,0.845187892309,0.881020725836,0.863104309073,0,0
2018-12-26 12:30:00,0.863290229382,0.845187892309,0.880489413822,0.862838653066,0,0
2018-12-26 13:00:00,0.868463714812,0.845187892309,0.873313978951,0.85925093563,0,0
2018-12-26 13:30:00,0.864596339004,0.845187892309,0.873023040894,0.859105466602,0,0
2018-12-26 14:00:00,0.871898184126,0.845187892309,0.873023040894,0.859105466602,0,0
2018-12-26 14:30:00,0.868548117965,0.845187892309,0.873023040894,0.859105466602,0,0
2018-12-26 15:00:00,0.872911410917,0.845187892309,0.871898184126,0.858543038218,0,1
2018-12-26 15:30:00,0.877340437201,0.845187892309,0.872911410917,0.859049651613,0,1
2018-12-26 16:00:00,0.889791263612,0.845187892309,0.877340437201,0.861264164755,0,1
2018-12-26 16:30:00,0.889867887673,0.845187892309,0.889791263612,0.867489577961,0,1
2018-12-26 17:00:00,0.889867887673,0.845187892309,0.889867887673,0.867527889991,0,0
2018-12-27 10:00:00,0.875778006483,0.845187892309,0.889867887673,0.867527889991,0,0
2018-12-27 10:30:00,0.870820001914,0.845187892309,0.889867887673,0.867527889991,0,0
2018-12-27 11:00:00,0.874156454663,0.845187892309,0.889867887673,0.867527889991,0,0
2018-12-27 11:30:00,0.879330329048,0.845187892309,0.889867887673,0.867527889991,0,0
2018-12-27 12:00:00,0.878255258472,0.845187892309,0.889867887673,0.867527889991,0,0
2018-12-27 12:30:00,0.873150229055,0.845187892309,0.889867887673,0.867527889991,0,0
2018-12-27 13:00:00,0.8758635765,0.845187892309,0.889867887673,0.867527889991,0,0
2018-12-27 13:30:00,0.872701764376,0.845187892309,0.889867887673,0.867527889991,0,0
2018-12-27 14:00:00,0.869527894659,0.854370721985,0.889867887673,0.872119304829,0,0
2018-12-27 14:30:00,0.868230730994,0.860741409743,0.889867887673,0.875304648708,0,0
2018-12-27 15:00:00,0.876750004084,0.863290229382,0.889867887673,0.876579058528,0,0
2018-12-27 15:30:00,0.886990012423,0.864596339004,0.889867887673,0.877232113338,0,0
2018-12-27 16:00:00,0.899808400953,0.864596339004,0.889867887673,0.877232113338,0,1
2018-12-27 16:30:00,0.899995099172,0.868230730994,0.899808400953,0.884019565973,0,1
2018-12-27 17:30:00,0.899995099172,0.868230730994,0.899995099172,0.884112915083,0,0
2018-12-28 10:00:00,0.9037757381,0.868230730994,0.899995099172,0.884112915083,0,1
2018-12-28 10:30:00,0.898490622693,0.868230730994,0.9037757381,0.886003234547,0,0
2018-12-28 11:00:00,0.897455614443,0.868230730994,0.9037757381,0.886003234547,0,0
2018-12-28 11:30:00,0.899620146916,0.868230730994,0.9037757381,0.886003234547,0,0
2018-12-28 12:00:00,0.902381335779,0.868230730994,0.9037757381,0.886003234547,0,0
2018-12-28 12:30:00,0.901795570118,0.868230730994,0.9037757381,0.886003234547,0,0
2018-12-28 13:00:00,0.899671877881,0.868230730994,0.9037757381,0.886003234547,0,0
2018-12-28 13:30:00,0.897550519371,0.868230730994,0.9037757381,0.886003234547,0,0
2018-12-28 14:00:00,0.900397278251,0.868230730994,0.9037757381,0.886003234547,0,0
2018-12-28 14:30:00,0.903544699054,0.868230730994,0.9037757381,0.886003234547,0,0
2018-12-28 15:00:00,0.908716239711,0.868230730994,0.9037757381,0.886003234547,0,1
2018-12-28 15:30:00,0.897409717798,0.868230730994,0.908716239711,0.888473485352,0,0
2018-12-28 16:00:00,0.896639198691,0.868230730994,0.908716239711,0.888473485352,0,0
2018-12-28 16:30:00,0.897022707949,0.868230730994,0.908716239711,0.888473485352,0,0
2018-12-28 17:30:00,0.897022707949,0.868230730994,0.908716239711,0.888473485352,0,0
2018-12-31 10:00:00,0.904839917946,0.876750004084,0.908716239711,0.892733121898,0,0
2018-12-31 10:30:00,0.904372783445,0.886990012423,0.908716239711,0.897853126067,0,0
2018-12-31 11:00:00,0.902585148001,0.896639198691,0.908716239711,0.902677719201,0,0
2018-12-31 11:30:00,0.902389892781,0.896639198691,0.908716239711,0.902677719201,0,0
2018-12-31 12:00:00,0.90301922136,0.896639198691,0.908716239711,0.902677719201,0,0
2018-12-31 12:30:00,0.904018056829,0.896639198691,0.908716239711,0.902677719201,0,0
2018-12-31 13:00:00,0.90534517,0.896639198691,0.908716239711,0.902677719201,0,0
2018-12-31 13:30:00,0.9073226153,0.896639198691,0.908716239711,0.902677719201,0,0
2018-12-31 14:00:00,0.903627546389,0.896639198691,0.908716239711,0.902677719201,0,0
2018-12-31 14:30:00,0.901667215093,0.896639198691,0.908716239711,0.902677719201,0,0
2018-12-31 15:00:00,0.903633769663,0.896639198691,0.908716239711,0.902677719201,0,0
2018-12-31 15:30:00,0.903815022517,0.896639198691,0.908716239711,0.902677719201,0,0
2018-12-31 16:00:00,0.907139806627,0.896639198691,0.908716239711,0.902677719201,0,0
2018-12-31 16:30:00,0.907332339165,0.896639198691,0.908716239711,0.902677719201,0,0
2018-12-31 17:30:00,0.907332339165,0.896639198691,0.908716239711,0.902677719201,0,0
2019-01-02 10:00:00,0.897336983284,0.896639198691,0.908716239711,0.902677719201,0,0
2019-01-02 10:30:00,0.899319484993,0.896639198691,0.907332339165,0.901985768928,0,0
2019-01-02 11:00:00,0.903067840687,0.896639198691,0.907332339165,0.901985768928,0,0
2019-01-02 11:30:00,0.90504217435,0.897022707949,0.907332339165,0.902177523557,0,0
2019-01-02 12:00:00,0.902729839121,0.897022707949,0.907332339165,0.902177523557,0,0
2019-01-02 12:30:00,0.90307056337,0.897336983284,0.907332339165,0.902334661224,0,0
2019-01-02 13:00:00,0.907342063031,0.897336983284,0.907332339165,0.902334661224,0,1
2019-01-02 13:30:00,0.909572717789,0.897336983284,0.907342063031,0.902339523157,0,1
2019-01-02 14:00:00,0.91063223018,0.897336983284,0.909572717789,0.903454850536,0,1
2019-01-02 14:30:00,0.906070959325,0.897336983284,0.91063223018,0.903984606732,0,0
2019-01-02 15:00:00,0.905006390524,0.897336983284,0.91063223018,0.903984606732,0,0
2019-01-02 15:30:00,0.903787795693,0.897336983284,0.91063223018,0.903984606732,0,0
2019-01-02 16:00:00,0.90784770404,0.897336983284,0.91063223018,0.903984606732,0,0
2019-01-02 16:30:00,0.908062795946,0.897336983284,0.91063223018,0.903984606732,0,0
2019-01-02 17:00:00,0.908062795946,0.897336983284,0.91063223018,0.903984606732,0,0
2019-01-03 10:00:00,0.895736046058,0.897336983284,0.91063223018,0.903984606732,1,0
2019-01-03 10:30:00,0.887590947315,0.895736046058,0.91063223018,0.903184138119,1,0
2019-01-03 11:00:00,0.886023460187,0.887590947315,0.91063223018,0.899111588747,1,0
2019-01-03 11:30:00,0.88578308623,0.886023460187,0.91063223018,0.898327845184,1,0
2019-01-03 12:00:00,0.892666805135,0.88578308623,0.91063223018,0.898207658205,0,0
2019-01-03 12:30:00,0.891331523916,0.88578308623,0.91063223018,0.898207658205,0,0
2019-01-03 13:00:00,0.892601071803,0.88578308623,0.91063223018,0.898207658205,0,0
2019-01-03 13:30:00,0.887724747705,0.88578308623,0.91063223018,0.898207658205,0,0
2019-01-03 14:00:00,0.885779585639,0.88578308623,0.91063223018,0.898207658205,1,0
2019-01-03 14:30:00,0.889152600123,0.885779585639,0.91063223018,0.89820590791,0,0
2019-01-03 15:00:00,0.884597163587,0.885779585639,0.91063223018,0.89820590791,1,0
2019-01-03 15:30:00,0.884098134807,0.884597163587,0.91063223018,0.897614696884,1,0
2019-01-03 16:00:00,0.88228832895,0.884098134807,0.91063223018,0.897365182494,1,0
2019-01-03 16:30:00,0.88239101297,0.88228832895,0.91063223018,0.896460279565,0,0
2019-01-03 17:00:00,0.88239101297,0.88228832895,0.908062795946,0.895175562448,0,0
2019-01-04 10:00:00,0.900343991468,0.88228832895,0.908062795946,0.895175562448,0,0
2019-01-04 10:30:00,0.906446689491,0.88228832895,0.908062795946,0.895175562448,0,0
2019-01-04 11:00:00,0.906755908415,0.88228832895,0.908062795946,0.895175562448,0,0
2019-01-04 11:30:00,0.904914986188,0.88228832895,0.908062795946,0.895175562448,0,0
2019-01-04 12:00:00,0.907382125357,0.88228832895,0.908062795946,0.895175562448,0,0
2019-01-04 12:30:00,0.910098195484,0.88228832895,0.907382125357,0.894835227153,0,1
2019-01-04 13:00:00,0.912278286141,0.88228832895,0.910098195484,0.896193262217,0,1
2019-01-04 13:30:00,0.912545497967,0.88228832895,0.912278286141,0.897283307546,0,1
2019-01-04 14:00:00,0.911021962712,0.88228832895,0.912545497967,0.897416913458,0,0
2019-01-04 14:30:00,0.911446701159,0.88228832895,0.912545497967,0.897416913458,0,0
2019-01-04 15:00:00,0.909315618784,0.88228832895,0.912545497967,0.897416913458,0,0
2019-01-04 15:30:00,0.909440084263,0.88228832895,0.912545497967,0.897416913458,0,0
2019-01-04 16:00:00,0.911191546927,0.88228832895,0.912545497967,0.897416913458,0,0
2019-01-04 16:30:00,0.911443589522,0.88228832895,0.912545497967,0.897416913458,0,0
2019-01-04 17:30:00,0.911443589522,0.88228832895,0.912545497967,0.897416913458,0,0
2019-01-07 10:00:00,0.909630672028,0.88228832895,0.912545497967,0.897416913458,0,0
2019-01-07 10:30:00,0.910428806913,0.88228832895,0.912545497967,0.897416913458,0,0
2019-01-07 11:00:00,0.914107928684,0.88228832895,0.912545497967,0.897416913458,0,1
2019-01-07 11:30:00,0.914388364967,0.88239101297,0.914107928684,0.898249470827,0,1
2019-01-07 12:00:00,0.919081102484,0.88239101297,0.914388364967,0.898389688969,0,1
2019-01-07 12:30:00,0.918295025193,0.900343991468,0.919081102484,0.909712546976,0,0
2019-01-07 13:00:00,0.919707319426,0.904914986188,0.919081102484,0.911998044336,0,1
2019-01-07 13:30:00,0.920422218022,0.904914986188,0.919707319426,0.912311152807,0,1
2019-01-07 14:00:00,0.916957410247,0.904914986188,0.920422218022,0.912668602105,0,0
2019-01-07 14:30:00,0.916759821299,0.907382125357,0.920422218022,0.913902171689,0,0
2019-01-07 15:00:00,0.914396921969,0.909315618784,0.920422218022,0.914868918403,0,0
2019-01-07 15:30:00,0.917688644937,0.909315618784,0.920422218022,0.914868918403,0,0
2019-01-07 16:00:00,0.915095873425,0.909315618784,0.920422218022,0.914868918403,0,0
2019-01-07 16:30:00,0.915262734958,0.909315618784,0.920422218022,0.914868918403,0,0
2019-01-07 17:30:00,0.915262734958,0.909315618784,0.920422218022,0.914868918403,0,0
2019-01-08 10:00:00,0.924446342543,0.909315618784,0.920422218022,0.914868918403,0,1
2019-01-08 10:30:00,0.920872238519,0.909440084263,0.924446342543,0.916943213403,0,0
2019-01-08 11:00:00,0.918605410981,0.909630672028,0.924446342543,0.917038507286,0,0
2019-01-08 11:30:00,0.920091995547,0.909630672028,0.924446342543,0.917038507286,0,0
2019-01-08 12:00:00,0.921306311878,0.909630672028,0.924446342543,0.917038507286,0,0
2019-01-08 12:30:00,0.92387302343,0.909630672028,0.924446342543,0.917038507286,0,0
2019-01-08 13:00:00,0.920844622741,0.910428806913,0.924446342543,0.917437574728,0,0
2019-01-08 13:30:00,0.922690990333,0.914107928684,0.924446342543,0.919277135614,0,0
2019-01-08 14:00:00,0.924657933857,0.914388364967,0.924446342543,0.919417353755,0,1
2019-01-08 14:30:00,0.923829460512,0.914396921969,0.924657933857,0.919527427913,0,0
2019-01-08 15:00:00,0.924342491659,0.914396921969,0.924657933857,0.919527427913,0,0
2019-01-08 15:30:00,0.925689052561,0.914396921969,0.924657933857,0.919527427913,0,1
2019-01-08 16:00:00,0.92517563246,0.914396921969,0.925689052561,0.920042987265,0,0
2019-01-08 16:30:00,0.925223862833,0.914396921969,0.925689052561,0.920042987265,0,0
2019-01-08 17:00:00,0.925223862833,0.914396921969,0.925689052561,0.920042987265,0,0
2019-01-09 10:00:00,0.931768024352,0.914396921969,0.925689052561,0.920042987265,0,1
2019-01-09 10:30:00,0.930499254374,0.915095873425,0.931768024352,0.923431948888,0,0
2019-01-09 11:00:00,0.92781118898,0.915095873425,0.931768024352,0.923431948888,0,0
2019-01-09 11:30:00,0.930108743933,0.915262734958,0.931768024352,0.923515379655,0,0
2019-01-09 12:00:00,0.931042623981,0.915262734958,0.931768024352,0.923515379655,0,0
2019-01-09 12:30:00,0.930517924196,0.918605410981,0.931768024352,0.925186717666,0,0
2019-01-09 13:00:00,0.932092801461,0.918605410981,0.931768024352,0.925186717666,0,1
2019-01-09 13:30:00,0.931717071296,0.918605410981,0.932092801461,0.925349106221,0,0
2019-01-09 14:00:00,0.930273271738,0.920091995547,0.932092801461,0.926092398504,0,0
2019-01-09 14:30:00,0.928639662325,0.920844622741,0.932092801461,0.926468712101,0,0
2019-01-09 15:00:00,0.930285329332,0.920844622741,0.932092801461,0.926468712101,0,0
2019-01-09 15:30:00,0.93060582794,0.920844622741,0.932092801461,0.926468712101,0,0
2019-01-09 16:00:00,0.928697227609,0.922690990333,0.932092801461,0.927391895897,0,0
2019-01-09 16:30:00,0.928789409855,0.923829460512,0.932092801461,0.927961130987,0,0
2019-01-09 17:00:00,0.928789409855,0.923829460512,0.932092801461,0.927961130987,0,0
2019-01-10 10:00:00,0.923387608061,0.924342491659,0.932092801461,0.92821764656,1,0
2019-01-10 10:30:00,0.927130518391,0.923387608061,0.932092801461,0.927740204761,0,0
2019-01-10 11:00:00,0.928529199212,0.923387608061,0.932092801461,0.927740204761,0,0
2019-01-10 11:30:00,0.928650942009,0.923387608061,0.932092801461,0.927740204761,0,0
2019-01-10 12:00:00,0.930569266206,0.923387608061,0.932092801461,0.927740204761,0,0
2019-01-10 12:30:00,0.93038451276,0.923387608061,0.932092801461,0.927740204761,0,0
2019-01-10 13:00:00,0.931286887484,0.923387608061,0.932092801461,0.927740204761,0,0
2019-01-10 13:30:00,0.928025114022,0.923387608061,0.932092801461,0.927740204761,0,0
2019-01-10 14:00:00,0.927936821323,0.923387608061,0.932092801461,0.927740204761,0,0
2019-01-10 14:30:00,0.931285331665,0.923387608061,0.932092801461,0.927740204761,0,0
2019-01-10 15:00:00,0.93071434628,0.923387608061,0.932092801461,0.927740204761,0,0
2019-01-10 15:30:00,0.931850093777,0.923387608061,0.932092801461,0.927740204761,0,0
2019-01-10 16:00:00,0.933527266108,0.923387608061,0.931850093777,0.927618850919,0,1
2019-01-10 16:30:00,0.933565772616,0.923387608061,0.933527266108,0.928457437085,0,1
2019-01-10 17:00:00,0.933565772616,0.923387608061,0.933565772616,0.928476690338,0,0
2019-01-11 10:00:00,0.927693724684,0.923387608061,0.933565772616,0.928476690338,0,0
2019-01-11 10:30:00,0.925930982336,0.923387608061,0.933565772616,0.928476690338,0,0
2019-01-11 11:00:00,0.930021229143,0.923387608061,0.933565772616,0.928476690338,0,0
2019-01-11 11:30:00,0.929222316349,0.923387608061,0.933565772616,0.928476690338,0,0
2019-01-11 12:00:00,0.931087353763,0.923387608061,0.933565772616,0.928476690338,0,0
2019-01-11 12:30:00,0.931546709172,0.923387608061,0.933565772616,0.928476690338,0,0
2019-01-11 13:00:00,0.931937997522,0.925930982336,0.933565772616,0.929748377476,0,0
2019-01-11 13:30:00,0.929814694239,0.925930982336,0.933565772616,0.929748377476,0,0
2019-01-11 14:00:00,0.930529981789,0.925930982336,0.933565772616,0.929748377476,0,0
2019-01-11 14:30:00,0.93131683699,0.925930982336,0.933565772616,0.929748377476,0,0
2019-01-11 15:00:00,0.930536982972,0.925930982336,0.933565772616,0.929748377476,0,0
2019-01-11 15:30:00,0.930740795194,0.925930982336,0.933565772616,0.929748377476,0,0
2019-01-11 16:00:00,0.933165927264,0.925930982336,0.933565772616,0.929748377476,0,0
2019-01-11 16:30:00,0.933333566706,0.925930982336,0.933565772616,0.929748377476,0,0
2019-01-11 17:00:00,0.933333566706,0.925930982336,0.933565772616,0.929748377476,0,0
2019-01-14 10:00:00,0.928198976738,0.925930982336,0.933565772616,0.929748377476,0,0
2019-01-14 10:30:00,0.928707729384,0.925930982336,0.933565772616,0.929748377476,0,0
2019-01-14 11:00:00,0.929523367227,0.925930982336,0.933565772616,0.929748377476,0,0
2019-01-14 11:30:00,0.92830516135,0.925930982336,0.933565772616,0.929748377476,0,0
2019-01-14 12:00:00,0.92937128597,0.925930982336,0.933565772616,0.929748377476,0,0
2019-01-14 12:30:00,0.931099800311,0.925930982336,0.933333566706,0.929632274521,0,0
2019-01-14 13:00:00,0.930708900915,0.925930982336,0.933333566706,0.929632274521,0,0
2019-01-14 13:30:00,0.930634221628,0.928198976738,0.933333566706,0.930766271722,0,0
2019-01-14 14:00:00,0.930402015718,0.928198976738,0.933333566706,0.930766271722,0,0
2019-01-14 14:30:00,0.929588322649,0.928198976738,0.933333566706,0.930766271722,0,0
2019-01-14 15:00:00,0.931781637763,0.928198976738,0.933333566706,0.930766271722,0,0
2019-01-14 15:30:00,0.930627998354,0.928198976738,0.933333566706,0.930766271722,0,0
2019-01-14 16:00:00,0.929778132504,0.928198976738,0.933333566706,0.930766271722,0,0
2019-01-14 16:30:00,0.929984278454,0.928198976738,0.933333566706,0.930766271722,0,0
2019-01-14 17:00:00,0.929984278454,0.928198976738,0.933333566706,0.930766271722,0,0
2019-01-15 10:00:00,0.931601162819,0.928198976738,0.933333566706,0.930766271722,0,0
2019-01-15 10:30:00,0.930500032283,0.928198976738,0.933333566706,0.930766271722,0,0
2019-01-15 11:00:00,0.93340202272,0.928198976738,0.933333566706,0.930766271722,0,1
2019-01-15 11:30:00,0.93269607008,0.928198976738,0.93340202272,0.930800499729,0,0
2019-01-15 12:00:00,0.935397748886,0.928198976738,0.93340202272,0.930800499729,0,1
2019-01-15 12:30:00,0.936333184753,0.928198976738,0.935397748886,0.931798362812,0,1
2019-01-15 13:00:00,0.935157763884,0.92830516135,0.936333184753,0.932319173051,0,0
2019-01-15 13:30:00,0.935013850674,0.92830516135,0.936333184753,0.932319173051,0,0
2019-01-15 14:00:00,0.934969120893,0.92830516135,0.936333184753,0.932319173051,0,0
2019-01-15 14:30:00,0.931202873286,0.92937128597,0.936333184753,0.932852235361,0,0
2019-01-15 15:00:00,0.933415636131,0.929588322649,0.936333184753,0.932960753701,0,0
2019-01-15 15:30:00,0.934454144973,0.929588322649,0.936333184753,0.932960753701,0,0
2019-01-15 16:00:00,0.935952398178,0.929588322649,0.936333184753,0.932960753701,0,0
2019-01-15 16:30:00,0.936042246695,0.929588322649,0.936333184753,0.932960753701,0,0
2019-01-15 17:00:00,0.936042246695,0.929588322649,0.936333184753,0.932960753701,0,0
2019-01-16 10:00:00,0.941265907272,0.929778132504,0.936333184753,0.933055658629,0,1
2019-01-16 10:30:00,0.941646693847,0.929778132504,0.941265907272,0.935522019888,0,1
2019-01-16 11:00:00,0.940812386182,0.929778132504,0.941646693847,0.935712413176,0,0
2019-01-16 11:30:00,0.942136776671,0.929984278454,0.941646693847,0.93581548615,0,1
2019-01-16 12:00:00,0.940693366068,0.929984278454,0.942136776671,0.936060527562,0,0
2019-01-16 12:30:00,0.941507837047,0.930500032283,0.942136776671,0.936318404477,0,0
2019-01-16 13:00:00,0.942020090284,0.930500032283,0.942136776671,0.936318404477,0,0
2019-01-16 13:30:00,0.942058596792,0.931202873286,0.942136776671,0.936669824978,0,0
2019-01-16 14:00:00,0.942649029908,0.931202873286,0.942136776671,0.936669824978,0,1
2019-01-16 14:30:00,0.94378010995,0.931202873286,0.942649029908,0.936925951597,0,1
2019-01-16 15:00:00,0.94324918689,0.931202873286,0.94378010995,0.937491491618,0,0
2019-01-16 15:30:00,0.944529625507,0.931202873286,0.94378010995,0.937491491618,0,1
2019-01-16 16:00:00,0.941374425611,0.931202873286,0.944529625507,0.937866249396,0,0
2019-01-16 16:30:00,0.941548677282,0.931202873286,0.944529625507,0.937866249396,0,0
2019-01-16 17:00:00,0.941548677282,0.931202873286,0.944529625507,0.937866249396,0,0
2019-01-17 10:00:00,0.940256181072,0.933415636131,0.944529625507,0.938972630819,0,0
2019-01-17 10:30:00,0.940404761738,0.934454144973,0.944529625507,0.93949188524,0,0
2019-01-17 11:00:00,0.940125492319,0.935952398178,0.944529625507,0.940241011842,0,0
2019-01-17 11:30:00,0.941007252448,0.936042246695,0.944529625507,0.940285936101,0,0
2019-01-17 12:00:00,0.94117489189,0.936042246695,0.944529625507,0.940285936101,0,0
2019-01-17 12:30:00,0.940978080851,0.940125492319,0.944529625507,0.942327558913,0,0
2019-01-17 13:00:00,0.940023586208,0.940125492319,0.944529625507,0.942327558913,1,0
2019-01-17 13:30:00,0.94224529501,0.940023586208,0.944529625507,0.942276605858,0,0
2019-01-17 14:00:00,0.94211227253,0.940023586208,0.944529625507,0.942276605858,0,0
2019-01-17 14:30:00,0.941413710028,0.940023586208,0.944529625507,0.942276605858,0,0
2019-01-17 15:00:00,0.946598475142,0.940023586208,0.944529625507,0.942276605858,0,1
2019-01-17 15:30:00,0.946539742994,0.940023586208,0.946598475142,0.943311030675,0,0
2019-01-17 16:00:00,0.947822904293,0.940023586208,0.946598475142,0.943311030675,0,1
2019-01-17 16:30:00,0.947886303896,0.940023586208,0.947822904293,0.943923245251,0,1
2019-01-17 17:00:00,0.947886303896,0.940023586208,0.947886303896,0.943954945052,0,0
2019-01-18 10:00:00,0.953106074927,0.940023586208,0.947886303896,0.943954945052,0,1
2019-01-18 10:30:00,0.95336472975,0.940023586208,0.953106074927,0.946564830567,0,1
2019-01-18 11:00:00,0.956122029067,0.940023586208,0.95336472975,0.946694157979,0,1
2019-01-18 11:30:00,0.958257778898,0.940023586208,0.956122029067,0.948072807638,0,1
2019-01-18 12:00:00,0.959895277858,0.940023586208,0.958257778898,0.949140682553,0,1
2019-01-18 12:30:00,0.961656853342,0.940023586208,0.959895277858,0.949959432033,0,1
2019-01-18 13:00:00,0.961619513698,0.940023586208,0.961656853342,0.950840219775,0,0
2019-01-18 13:30:00,0.959617175303,0.940023586208,0.961656853342,0.950840219775,0,0
2019-01-18 14:00:00,0.960761868756,0.940023586208,0.961656853342,0.950840219775,0,0
2019-01-18 14:30:00,0.959376801346,0.940023586208,0.961656853342,0.950840219775,0,0
2019-01-18 15:00:00,0.959299788331,0.940023586208,0.961656853342,0.950840219775,0,0
2019-01-18 15:30:00,0.959180379262,0.940023586208,0.961656853342,0.950840219775,0,0
2019-01-18 16:00:00,0.961038026538,0.941413710028,0.961656853342,0.951535281685,0,0
2019-01-18 16:30:00,0.960964903069,0.941413710028,0.961656853342,0.951535281685,0,0
2019-01-18 17:00:00,0.960964903069,0.941413710028,0.961656853342,0.951535281685,0,0
2019-01-22 10:00:00,0.955086242908,0.946539742994,0.961656853342,0.954098298168,0,0
2019-01-22 10:30:00,0.954624553772,0.946539742994,0.961656853342,0.954098298168,0,0
2019-01-22 11:00:00,0.953570097791,0.947822904293,0.961656853342,0.954739878817,0,0
2019-01-22 11:30:00,0.953310276103,0.947886303896,0.961656853342,0.954771578619,0,0
2019-01-22 12:00:00,0.94864982182,0.947886303896,0.961656853342,0.954771578619,0,0
2019-01-22 12:30:00,0.949342938957,0.94864982182,0.961656853342,0.955153337581,0,0
2019-01-22 13:00:00,0.949359275051,0.94864982182,0.961656853342,0.955153337581,0,0
2019-01-22 13:30:00,0.946263585213,0.94864982182,0.961656853342,0.955153337581,1,0
2019-01-22 14:00:00,0.946980039627,0.946263585213,0.961656853342,0.953960219277,0,0
2019-01-22 14:30:00,0.945153119766,0.946263585213,0.961656853342,0.953960219277,1,0
2019-01-22 15:00:00,0.945145340674,0.945153119766,0.961656853342,0.953404986554,1,0
2019-01-22 15:30:00,0.946267085804,0.945145340674,0.961619513698,0.953382427186,0,0
2019-01-22 16:00:00,0.949483351575,0.945145340674,0.961038026538,0.953091683606,0,0
2019-01-22 16:30:00,0.949223529888,0.945145340674,0.961038026538,0.953091683606,0,0
2019-01-22 17:00:00,0.949223529888,0.945145340674,0.961038026538,0.953091683606,0,0
2019-01-23 10:00:00,0.959621453803,0.945145340674,0.961038026538,0.953091683606,0,0
2019-01-23 10:30:00,0.955430467749,0.945145340674,0.961038026538,0.953091683606,0,0
2019-01-23 11:00:00,0.953206814174,0.945145340674,0.961038026538,0.953091683606,0,0
2019-01-23 11:30:00,0.951408676955,0.945145340674,0.960964903069,0.953055121871,0,0
2019-01-23 12:00:00,0.94771244118,0.945145340674,0.960964903069,0.953055121871,0,0
2019-01-23 12:30:00,0.948658378822,0.945145340674,0.959621453803,0.952383397239,0,0
2019-01-23 13:00:00,0.951443682871,0.945145340674,0.959621453803,0.952383397239,0,0
2019-01-23 13:30:00,0.951148466313,0.945145340674,0.959621453803,0.952383397239,0,0
2019-01-23 14:00:00,0.952751348311,0.945145340674,0.959621453803,0.952383397239,0,0
2019-01-23 14:30:00,0.95423559915,0.945145340674,0.959621453803,0.952383397239,0,0
2019-01-23 15:00:00,0.952897595249,0.945145340674,0.959621453803,0.952383397239,0,0
2019-01-23 15:30:00,0.955827590418,0.945145340674,0.959621453803,0.952383397239,0,0
2019-01-23 16:00:00,0.955869986472,0.945145340674,0.959621453803,0.952383397239,0,0
2019-01-23 16:30:00,0.955880099292,0.945145340674,0.959621453803,0.952383397239,0,0
2019-01-23 17:00:00,0.955880099292,0.945145340674,0.959621453803,0.952383397239,0,0
2019-01-24 10:00:00,0.95277312977,0.945145340674,0.959621453803,0.952383397239,0,0
2019-01-24 10:30:00,0.957510208114,0.946267085804,0.959621453803,0.952944269804,0,0
2019-01-24 11:00:00,0.955055126539,0.94771244118,0.959621453803,0.953666947492,0,0
2019-01-24 11:30:00,0.954032953791,0.94771244118,0.959621453803,0.953666947492,0,0
2019-01-24 12:00:00,0.956595775797,0.94771244118,0.959621453803,0.953666947492,0,0
2019-01-24 12:30:00,0.953929491862,0.94771244118,0.959621453803,0.953666947492,0,0
2019-01-24 13:00:00,0.952802690321,0.94771244118,0.957510208114,0.952611324647,0,0
2019-01-24 13:30:00,0.950694945224,0.94771244118,0.957510208114,0.952611324647,0,0
2019-01-24 14:00:00,0.952372895464,0.94771244118,0.957510208114,0.952611324647,0,0
2019-01-24 14:30:00,0.952826805508,0.94771244118,0.957510208114,0.952611324647,0,0
2019-01-24 15:00:00,0.954114245307,0.948658378822,0.957510208114,0.953084293468,0,0
2019-01-24 15:30:00,0.954604717086,0.950694945224,0.957510208114,0.954102576669,0,0
2019-01-24 16:00:00,0.955055904448,0.950694945224,0.957510208114,0.954102576669,0,0
2019-01-24 16:30:00,0.955009618848,0.950694945224,0.957510208114,0.954102576669,0,0
2019-01-24 17:00:00,0.955009618848,0.950694945224,0.957510208114,0.954102576669,0,0
2019-01-25 10:00:00,0.963327024489,0.950694945224,0.957510208114,0.954102576669,0,1
2019-01-25 10:30:00,0.965377204303,0.950694945224,0.963327024489,0.957010984856,0,1
2019-01-25 11:00:00,0.966120107632,0.950694945224,0.965377204303,0.958036074763,0,1
2019-01-25 11:30:00,0.963270237115,0.950694945224,0.966120107632,0.958407526428,0,0
2019-01-25 12:00:00,0.964232899805,0.950694945224,0.966120107632,0.958407526428,0,0
2019-01-25 12:30:00,0.965113493069,0.950694945224,0.966120107632,0.958407526428,0,0
2019-01-25 13:00:00,0.96162729279,0.950694945224,0.966120107632,0.958407526428,0,0
2019-01-25 13:30:00,0.962712865141,0.950694945224,0.966120107632,0.958407526428,0,0
2019-01-25 14:00:00,0.962983966513,0.950694945224,0.966120107632,0.958407526428,0,0
2019-01-25 14:30:00,0.961062919633,0.950694945224,0.966120107632,0.958407526428,0,0
2019-01-25 15:00:00,0.96233752393,0.950694945224,0.966120107632,0.958407526428,0,0
2019-01-25 15:30:00,0.961052028904,0.950694945224,0.966120107632,0.958407526428,0,0
2019-01-25 16:00:00,0.961980074633,0.950694945224,0.966120107632,0.958407526428,0,0
2019-01-25 16:30:00,0.962164828078,0.952372895464,0.966120107632,0.959246501548,0,0
2019-01-25 17:00:00,0.962164828078,0.952826805508,0.966120107632,0.95947345657,0,0
2019-01-28 10:00:00,0.948773898344,0.954114245307,0.966120107632,0.960117176469,1,0
2019-01-28 10:30:00,0.950710114454,0.948773898344,0.966120107632,0.957447002988,0,0
2019-01-28 11:00:00,0.949398559468,0.948773898344,0.966120107632,0.957447002988,0,0
2019-01-28 11:30:00,0.949975379172,0.948773898344,0.966120107632,0.957447002988,0,0
2019-01-28 12:00:00,0.946849739828,0.948773898344,0.966120107632,0.957447002988,1,0
2019-01-28 12:30:00,0.948708942922,0.946849739828,0.966120107632,0.95648492373,0,0
2019-01-28 13:00:00,0.947986654189,0.946849739828,0.966120107632,0.95648492373,0,0
2019-01-28 13:30:00,0.950515637143,0.946849739828,0.966120107632,0.95648492373,0,0
2019-01-28 14:00:00,0.95161015545,0.946849739828,0.965113493069,0.955981616449,0,0
2019-01-28 14:30:00,0.950694945224,0.946849739828,0.965113493069,0.955981616449,0,0
2019-01-28 15:00:00,0.952790243773,0.946849739828,0.965113493069,0.955981616449,0,0
2019-01-28 15:30:00,0.952899928977,0.946849739828,0.962983966513,0.95491685317,0,0
2019-01-28 16:00:00,0.954152751815,0.946849739828,0.962983966513,0.95491685317,0,0
2019-01-28 16:30:00,0.954036454383,0.946849739828,0.962983966513,0.95491685317,0,0
2019-01-28 18:00:00,0.954036454383,0.946849739828,0.96233752393,0.954593631879,0,0
2019-01-29 10:00:00,0.958193212431,0.946849739828,0.96233752393,0.954593631879,0,0
2019-01-29 10:30:00,0.959174933897,0.946849739828,0.962164828078,0.954507283953,0,0
2019-01-29 11:00:00,0.953905376675,0.946849739828,0.962164828078,0.954507283953,0,0
2019-01-29 11:30:00,0.955473641712,0.946849739828,0.962164828078,0.954507283953,0,0
2019-01-29 12:00:00,0.957509819159,0.946849739828,0.962164828078,0.954507283953,0,0
2019-01-29 12:30:00,0.958300174952,0.946849739828,0.959174933897,0.953012336863,0,0
2019-01-29 13:00:00,0.957207212463,0.946849739828,0.959174933897,0.953012336863,0,0
2019-01-29 13:30:00,0.957515264524,0.946849739828,0.959174933897,0.953012336863,0,0
2019-01-29 14:00:00,0.957962173385,0.946849739828,0.959174933897,0.953012336863,0,0
2019-01-29 14:30:00,0.956022845639,0.946849739828,0.959174933897,0.953012336863,0,0
2019-01-29 15:00:00,0.954275272521,0.947986654189,0.959174933897,0.953580794043,0,0
2019-01-29 15:30:00,0.956391574621,0.947986654189,0.959174933897,0.953580794043,0,0
2019-01-29 16:00:00,0.956004175817,0.950515637143,0.959174933897,0.95484528552,0,0
2019-01-29 16:30:00,0.956048905598,0.950694945224,0.959174933897,0.95493493956,0,0
2019-01-29 17:00:00,0.956048905598,0.950694945224,0.959174933897,0.95493493956,0,0
2019-01-30 10:00:00,0.964996806683,0.952790243773,0.959174933897,0.955982588835,0,1
2019-01-30 10:30:00,0.96663080505,0.952899928977,0.964996806683,0.95894836783,0,1
2019-01-30 11:00:00,0.966800389266,0.953905376675,0.96663080505,0.960268090863,0,1
2019-01-30 11:30:00,0.968686041274,0.953905376675,0.966800389266,0.960352882971,0,1
2019-01-30 12:00:00,0.969597750909,0.953905376675,0.968686041274,0.961295708975,0,1
2019-01-30 12:30:00,0.970048938271,0.953905376675,0.969597750909,0.961751563792,0,1
2019-01-30 13:00:00,0.968757997879,0.953905376675,0.970048938271,0.961977157473,0,0
2019-01-30 13:30:00,0.967146169925,0.953905376675,0.970048938271,0.961977157473,0,0
2019-01-30 14:00:00,0.966232904472,0.954275272521,0.970048938271,0.962162105396,0,0
2019-01-30 14:30:00,0.97269538552,0.954275272521,0.970048938271,0.962162105396,0,1
2019-01-30 15:00:00,0.976537868233,0.954275272521,0.97269538552,0.963485329021,0,1
2019-01-30 15:30:00,0.972502852982,0.954275272521,0.976537868233,0.965406570377,0,0
2019-01-30 16:00:00,0.972954429299,0.954275272521,0.976537868233,0.965406570377,0,0
2019-01-30 16:30:00,0.972964542119,0.954275272521,0.976537868233,0.965406570377,0,0
2019-01-30 17:00:00,0.972964542119,0.954275272521,0.976537868233,0.965406570377,0,0
2019-01-31 10:00:00,0.967791445643,0.954275272521,0.976537868233,0.965406570377,0,0
2019-01-31 10:30:00,0.970787174144,0.956004175817,0.976537868233,0.966271022025,0,0
2019-01-31 11:00:00,0.970097557598,0.956004175817,0.976537868233,0.966271022025,0,0
2019-01-31 11:30:00,0.970398608476,0.956048905598,0.976537868233,0.966293386916,0,0
2019-01-31 12:00:00,0.973647157481,0.956048905598,0.976537868233,0.966293386916,0,0
2019-01-31 12:30:00,0.971675157546,0.964996806683,0.976537868233,0.970767337458,0,0
2019-01-31 13:00:00,0.970931865263,0.966232904472,0.976537868233,0.971385386353,0,0
2019-01-31 13:30:00,0.970341821101,0.966232904472,0.976537868233,0.971385386353,0,0
2019-01-31 14:00:00,0.971460843549,0.966232904472,0.976537868233,0.971385386353,0,0
2019-01-31 14:30:00,0.970551078688,0.966232904472,0.976537868233,0.971385386353,0,0
2019-01-31 15:00:00,0.971314985566,0.966232904472,0.976537868233,0.971385386353,0,0
2019-01-31 15:30:00,0.970998765458,0.966232904472,0.976537868233,0.971385386353,0,0
2019-01-31 16:00:00,0.972751006031,0.966232904472,0.976537868233,0.971385386353,0,0
2019-01-31 16:30:00,0.972373720048,0.966232904472,0.976537868233,0.971385386353,0,0
2019-01-31 17:30:00,0.972373720048,0.967791445643,0.976537868233,0.972164656938,0,0
2019-02-01 10:00:00,0.974356999666,0.967791445643,0.976537868233,0.972164656938,0,0
2019-02-01 10:30:00,0.979166812525,0.967791445643,0.974356999666,0.971074222655,0,1
2019-02-01 11:00:00,0.976075401187,0.967791445643,0.979166812525,0.973479129084,0,0
2019-02-01 11:30:00,0.977936938009,0.967791445643,0.979166812525,0.973479129084,0,0
2019-02-01 12:00:00,0.979163700888,0.967791445643,0.979166812525,0.973479129084,0,0
2019-02-01 12:30:00,0.975952491527,0.967791445643,0.979166812525,0.973479129084,0,0
2019-02-01 13:00:00,0.976586876515,0.970097557598,0.979166812525,0.974632185061,0,0
2019-02-01 13:30:00,0.975758792125,0.970097557598,0.979166812525,0.974632185061,0,0
2019-02-01 14:00:00,0.975224368474,0.970341821101,0.979166812525,0.974754316813,0,0
2019-02-01 14:30:00,0.97310767742,0.970341821101,0.979166812525,0.974754316813,0,0
2019-02-01 15:00:00,0.972516077439,0.970341821101,0.979166812525,0.974754316813,0,0
2019-02-01 15:30:00,0.973519969319,0.970341821101,0.979166812525,0.974754316813,0,0
2019-02-01 16:00:00,0.974776681704,0.970341821101,0.979166812525,0.974754316813,0,0
2019-02-01 16:30:00,0.974871586631,0.970551078688,0.979166812525,0.974858945606,0,0
2019-02-01 17:30:00,0.974871586631,0.970551078688,0.979166812525,0.974858945606,0,0
2019-02-04 10:00:00,0.97400305096,0.970998765458,0.979166812525,0.975082788991,0,0
2019-02-04 10:30:00,0.971996823019,0.970998765458,0.979166812525,0.975082788991,0,0
2019-02-04 11:00:00,0.972976599712,0.971996823019,0.979166812525,0.975581817772,0,0
2019-02-04 11:30:00,0.974204529454,0.971996823019,0.979166812525,0.975581817772,0,0
2019-02-04 12:00:00,0.975389285234,0.971996823019,0.979166812525,0.975581817772,0,0
2019-02-04 12:30:00,0.975609044595,0.971996823019,0.979166812525,0.975581817772,0,0
2019-02-04 13:00:00,0.975798854451,0.971996823019,0.979166812525,0.975581817772,0,0
2019-02-04 13:30:00,0.976347280468,0.971996823019,0.979163700888,0.975580261953,0,0
2019-02-04 14:00:00,0.978285830305,0.971996823019,0.979163700888,0.975580261953,0,0
2019-02-04 14:30:00,0.978609440551,0.971996823019,0.979163700888,0.975580261953,0,0
2019-02-04 15:00:00,0.979229045264,0.971996823019,0.978609440551,0.975303131785,0,1
2019-02-04 15:30:00,0.978794582951,0.971996823019,0.979229045264,0.975612934141,0,0
2019-02-04 16:00:00,0.981640174967,0.971996823019,0.979229045264,0.975612934141,0,1
2019-02-04 16:30:00,0.981696962342,0.971996823019,0.981640174967,0.976818498993,0,1
2019-02-04 17:30:00,0.981696962342,0.971996823019,0.981696962342,0.97684689268,0,0
2019-02-05 10:00:00,0.987059479719,0.971996823019,0.981696962342,0.97684689268,0,1
2019-02-05 10:30:00,0.98659001149,0.971996823019,0.987059479719,0.979528151369,0,0
2019-02-05 11:00:00,0.988369089932,0.971996823019,0.987059479719,0.979528151369,0,1
2019-02-05 11:30:00,0.98649160597,0.971996823019,0.988369089932,0.980182956475,0,0
2019-02-05 12:00:00,0.987936961346,0.971996823019,0.988369089932,0.980182956475,0,0
2019-02-05 12:30:00,0.986402924316,0.971996823019,0.988369089932,0.980182956475,0,0
2019-02-05 13:00:00,0.984548388678,0.971996823019,0.988369089932,0.980182956475,0,0
2019-02-05 13:30:00,0.985760371281,0.972976599712,0.988369089932,0.980672844822,0,0
2019-02-05 14:00:00,0.98557522888,0.974204529454,0.988369089932,0.981286809693,0,0
2019-02-05 14:30:00,0.987640577924,0.975389285234,0.988369089932,0.981879187583,0,0
2019-02-05 15:00:00,0.987962243397,0.975609044595,0.988369089932,0.981989067263,0,0
2019-02-05 15:30:00,0.988418876123,0.975798854451,0.988369089932,0.982083972191,0,1
2019-02-05 16:00:00,0.988139995659,0.976347280468,0.988418876123,0.982383078296,0,0
2019-02-05 16:30:00,0.988392816164,0.978285830305,0.988418876123,0.983352353214,0,0
2019-02-05 18:00:00,0.988392816164,0.978609440551,0.988418876123,0.983514158337,0,0
2019-02-06 10:00:00,0.986049753519,0.978794582951,0.988418876123,0.983606729537,0,0
2019-02-06 10:30:00,0.985775540511,0.978794582951,0.988418876123,0.983606729537,0,0
2019-02-06 11:00:00,0.988609463888,0.981640174967,0.988418876123,0.985029525545,0,1
2019-02-06 11:30:00,0.987699310072,0.981696962342,0.988609463888,0.985153213115,0,0
2019-02-06 12:00:00,0.987282350717,0.981696962342,0.988609463888,0.985153213115,0,0
2019-02-06 12:30:00,0.98778410218,0.984548388678,0.988609463888,0.986578926283,0,0
2019-02-06 13:00:00,0.988057537279,0.984548388678,0.988609463888,0.986578926283,0,0
2019-02-06 13:30:00,0.988573291108,0.984548388678,0.988609463888,0.986578926283,0,0
2019-02-06 14:00:00,0.988213508083,0.984548388678,0.988609463888,0.986578926283,0,0
2019-02-06 14:30:00,0.987435987793,0.984548388678,0.988609463888,0.986578926283,0,0
2019-02-06 15:00:00,0.987665082066,0.984548388678,0.988609463888,0.986578926283,0,0
2019-02-06 15:30:00,0.988070761737,0.984548388678,0.988609463888,0.986578926283,0,0
2019-02-06 16:00:00,0.987510667081,0.98557522888,0.988609463888,0.987092346384,0,0
2019-02-06 16:30:00,0.987567454455,0.98557522888,0.988609463888,0.987092346384,0,0
2019-02-06 17:30:00,0.987567454455,0.985775540511,0.988609463888,0.9871925022,0,0
2019-02-07 10:00:00,0.981187042832,0.985775540511,0.988609463888,0.9871925022,1,0
2019-02-07 10:30:00,0.983823766216,0.981187042832,0.988609463888,0.98489825336,0,0
2019-02-07 11:00:00,0.978589603865,0.981187042832,0.988609463888,0.98489825336,1,0
2019-02-07 11:30:00,0.976250041813,0.978589603865,0.988609463888,0.983599533877,1,0
2019-02-07 12:00:00,0.9733752782,0.976250041813,0.988609463888,0.98242975285,1,0
2019-02-07 12:30:00,0.974493911693,0.9733752782,0.988609463888,0.980992371044,0,0
2019-02-07 13:00:00,0.973224363806,0.9733752782,0.988609463888,0.980992371044,1,0
2019-02-07 13:30:00,0.975933043796,0.973224363806,0.988609463888,0.980916913847,0,0
2019-02-07 14:00:00,0.976642885981,0.973224363806,0.988573291108,0.980898827457,0,0
2019-02-07 14:30:00,0.977290495427,0.973224363806,0.988573291108,0.980898827457,0,0
2019-02-07 15:00:00,0.976387731749,0.973224363806,0.988573291108,0.980898827457,0,0
2019-02-07 15:30:00,0.976891427985,0.973224363806,0.988573291108,0.980898827457,0,0
2019-02-07 16:00:00,0.979126750199,0.973224363806,0.988573291108,0.980898827457,0,0
2019-02-07 16:30:00,0.978980503261,0.973224363806,0.988213508083,0.980718935945,0,0
2019-02-07 17:00:00,0.978980503261,0.973224363806,0.988070761737,0.980647562771,0,0
2019-02-08 10:00:00,0.971946258918,0.973224363806,0.988070761737,0.980647562771,1,0
2019-02-08 10:30:00,0.970835793471,0.971946258918,0.988070761737,0.980008510327,1,0
2019-02-08 11:00:00,0.969731162344,0.970835793471,0.987567454455,0.979201623963,1,0
2019-02-08 11:30:00,0.969049713846,0.969731162344,0.987567454455,0.9786493084,1,0
2019-02-08 12:00:00,0.970548356005,0.969049713846,0.987567454455,0.978308584151,0,0
2019-02-08 12:30:00,0.970860686567,0.969049713846,0.983823766216,0.976436740031,0,0
2019-02-08 13:00:00,0.971587253801,0.969049713846,0.983823766216,0.976436740031,0,0
2019-02-08 13:30:00,0.971934979234,0.969049713846,0.979126750199,0.974088232022,0,0
2019-02-08 14:00:00,0.972671659288,0.969049713846,0.979126750199,0.974088232022,0,0
2019-02-08 14:30:00,0.973453458079,0.969049713846,0.979126750199,0.974088232022,0,0
2019-02-08 15:00:00,0.972600091638,0.969049713846,0.979126750199,0.974088232022,0,0
2019-02-08 15:30:00,0.973430120802,0.969049713846,0.979126750199,0.974088232022,0,0
2019-02-08 16:00:00,0.97642740512,0.969049713846,0.979126750199,0.974088232022,0,0
2019-02-08 16:30:00,0.976522310048,0.969049713846,0.979126750199,0.974088232022,0,0
2019-02-08 17:30:00,0.976522310048,0.969049713846,0.979126750199,0.974088232022,0,0
2019-02-11 10:00:00,0.976772018916,0.969049713846,0.979126750199,0.974088232022,0,0
2019-02-11 10:30:00,0.975235259203,0.969049713846,0.979126750199,0.974088232022,0,0
2019-02-11 11:00:00,0.975539810672,0.969049713846,0.979126750199,0.974088232022,0,0
2019-02-11 11:30:00,0.975645217375,0.969049713846,0.978980503261,0.974015108553,0,0
2019-02-11 12:00:00,0.975181583465,0.969049713846,0.978980503261,0.974015108553,0,0
2019-02-11 12:30:00,0.976086291917,0.969049713846,0.976772018916,0.972910866381,0,0
2019-02-11 13:00:00,0.975919819338,0.969049713846,0.976772018916,0.972910866381,0,0
2019-02-11 13:30:00,0.974820244621,0.969049713846,0.976772018916,0.972910866381,0,0
2019-02-11 14:00:00,0.974448404002,0.969049713846,0.976772018916,0.972910866381,0,0
2019-02-11 14:30:00,0.973826854516,0.970548356005,0.976772018916,0.973660187461,0,0
2019-02-11 15:00:00,0.973625764977,0.970860686567,0.976772018916,0.973816352741,0,0
2019-02-11 15:30:00,0.974665440682,0.971587253801,0.976772018916,0.974179636359,0,0
2019-02-11 16:00:00,0.974514137334,0.971934979234,0.976772018916,0.974353499075,0,0
2019-02-11 16:30:00,0.974452293549,0.972600091638,0.976772018916,0.974686055277,0,0
2019-02-11 17:00:00,0.974452293549,0.972600091638,0.976772018916,0.974686055277,0,0
2019-02-12 10:00:00,0.983879775682,0.972600091638,0.976772018916,0.974686055277,0,1
2019-02-12 10:30:00,0.983151263675,0.973430120802,0.983879775682,0.978654948242,0,0
2019-02-12 11:00:00,0.985030303455,0.973625764977,0.983879775682,0.978752770329,0,1
2019-02-12 11:30:00,0.98677515389,0.973625764977,0.985030303455,0.979328034216,0,1
2019-02-12 12:00:00,0.987681029205,0.973625764977,0.98677515389,0.980200459433,0,1
2019-02-12 12:30:00,0.987035753487,0.973625764977,0.987681029205,0.980653397091,0,0
2019-02-12 13:00:00,0.98706881463,0.973625764977,0.987681029205,0.980653397091,0,0
2019-02-12 13:30:00,0.988363255612,0.973625764977,0.987681029205,0.980653397091,0,1
2019-02-12 14:00:00,0.990085935634,0.973625764977,0.988363255612,0.980994510294,0,1
2019-02-12 14:30:00,0.989048982611,0.973625764977,0.990085935634,0.981855850305,0,0
2019-02-12 15:00:00,0.988619965663,0.973625764977,0.990085935634,0.981855850305,0,0
2019-02-12 15:30:00,0.989308804299,0.973625764977,0.990085935634,0.981855850305,0,0
2019-02-12 16:00:00,0.988642136077,0.973625764977,0.990085935634,0.981855850305,0,0
2019-02-12 16:30:00,0.988946687546,0.973625764977,0.990085935634,0.981855850305,0,0
2019-02-12 17:00:00,0.988946687546,0.973625764977,0.990085935634,0.981855850305,0,0
2019-02-13 10:00:00,0.994693103134,0.973625764977,0.990085935634,0.981855850305,0,1
2019-02-13 10:30:00,0.995162571363,0.974452293549,0.994693103134,0.984572698342,0,1
2019-02-13 11:00:00,0.995647597777,0.974452293549,0.995162571363,0.984807432456,0,1
2019-02-13 11:30:00,0.992899244417,0.974452293549,0.995647597777,0.985049945663,0,0
2019-02-13 12:00:00,0.993201851113,0.974452293549,0.995647597777,0.985049945663,0,0
2019-02-13 12:30:00,0.991910910722,0.983151263675,0.995647597777,0.989399430726,0,0
2019-02-13 13:00:00,0.992229464557,0.983151263675,0.995647597777,0.989399430726,0,0
2019-02-13 13:30:00,0.992521180524,0.985030303455,0.995647597777,0.990338950616,0,0
2019-02-13 14:00:00,0.992351985263,0.98677515389,0.995647597777,0.991211375834,0,0
2019-02-13 14:30:00,0.993098778138,0.987035753487,0.995647597777,0.991341675632,0,0
2019-02-13 15:00:00,0.994609477891,0.987035753487,0.995647597777,0.991341675632,0,0
2019-02-13 15:30:00,0.995361327175,0.98706881463,0.995647597777,0.991358206204,0,0
2019-02-13 16:00:00,0.993294422313,0.988363255612,0.995647597777,0.992005426695,0,0
2019-02-13 16:30:00,0.993517293311,0.988619965663,0.995647597777,0.99213378172,0,0
2019-02-13 17:00:00,0.993517293311,0.988619965663,0.995647597777,0.99213378172,0,0
2019-02-14 10:00:00,0.987451934933,0.988619965663,0.995647597777,0.99213378172,1,0
2019-02-14 10:30:00,0.989469442558,0.987451934933,0.995647597777,0.991549766355,0,0
2019-02-14 11:00:00,0.988482664681,0.987451934933,0.995647597777,0.991549766355,0,0
2019-02-14 11:30:00,0.987261736122,0.987451934933,0.995647597777,0.991549766355,1,0
2019-02-14 12:00:00,0.98930219207,0.987261736122,0.995647597777,0.99145466695,0,0
2019-02-14 12:30:00,0.992393992362,0.987261736122,0.995647597777,0.99145466695,0,0
2019-02-14 13:00:00,0.992161786453,0.987261736122,0.995647597777,0.99145466695,0,0
2019-02-14 13:30:00,0.992509511885,0.987261736122,0.995647597777,0.99145466695,0,0
2019-02-14 14:00:00,0.992371821949,0.987261736122,0.995361327175,0.991311531649,0,0
2019-02-14 14:30:00,0.992891854279,0.987261736122,0.995361327175,0.991311531649,0,0
2019-02-14 15:00:00,0.991597802251,0.987261736122,0.995361327175,0.991311531649,0,0
2019-02-14 15:30:00,0.991428218036,0.987261736122,0.995361327175,0.991311531649,0,0
2019-02-14 16:00:00,0.989459718692,0.987261736122,0.995361327175,0.991311531649,0,0
2019-02-14 16:30:00,0.989476832696,0.987261736122,0.995361327175,0.991311531649,0,0
2019-02-14 17:00:00,0.989476832696,0.987261736122,0.995361327175,0.991311531649,0,0
2019-02-15 10:00:00,1.00068028163,0.987261736122,0.995361327175,0.991311531649,0,1
2019-02-15 10:30:00,1.00239323779,0.987261736122,1.00068028163,0.993971008878,0,1
2019-02-15 11:00:00,1.00158771277,0.987261736122,1.00239323779,0.994827486956,0,0
2019-02-15 11:30:00,1.00281330878,0.987261736122,1.00239323779,0.994827486956,0,1
2019-02-15 12:00:00,1.00347842119,0.987261736122,1.00281330878,0.995037522452,0,1
2019-02-15 12:30:00,1.00314508708,0.987261736122,1.00347842119,0.995370078654,0,0
2019-02-15 13:00:00,1.00282925592,0.987261736122,1.00347842119,0.995370078654,0,0
2019-02-15 13:30:00,1.00157682204,0.987261736122,1.00347842119,0.995370078654,0,0
2019-02-15 14:00:00,1.00260444015,0.987261736122,1.00347842119,0.995370078654,0,0
2019-02-15 14:30:00,1.00322132218,0.98930219207,1.00347842119,0.996390306628,0,0
2019-02-15 15:00:00,1.00448736948,0.989459718692,1.00347842119,0.996469069939,0,1
2019-02-15 15:30:00,1.00352003933,0.989459718692,1.00448736948,0.996973544085,0,0
2019-02-15 16:00:00,1.00670402187,0.989459718692,1.00448736948,0.996973544085,0,1
2019-02-15 16:30:00,1.00674097256,0.989459718692,1.00670402187,0.998081870281,0,1
2019-02-15 17:00:00,1.00674097256,0.989459718692,1.00674097256,0.998100345625,0,0
2019-02-19 10:00:00,1.00644925659,0.989459718692,1.00674097256,0.998100345625,0,0
2019-02-19 10:30:00,1.00638002267,0.989459718692,1.00674097256,0.998100345625,0,0
2019-02-19 11:00:00,1.00492922193,0.989459718692,1.00674097256,0.998100345625,0,0
2019-02-19 11:30:00,1.00546597931,0.989476832696,1.00674097256,0.998108902627,0,0
2019-02-19 12:00:00,1.00885027347,0.989476832696,1.00674097256,0.998108902627,0,1
2019-02-19 12:30:00,1.00805602814,1.00068028163,1.00885027347,1.00476527755,0,0
2019-02-19 13:00:00,1.00799340644,1.00157682204,1.00885027347,1.00521354776,0,0
2019-02-19 13:30:00,1.0076071745,1.00157682204,1.00885027347,1.00521354776,0,0
2019-02-19 14:00:00,1.00763945774,1.00157682204,1.00885027347,1.00521354776,0,0
2019-02-19 14:30:00,1.00841192161,1.00157682204,1.00885027347,1.00521354776,0,0
2019-02-19 15:00:00,1.00956594998,1.00157682204,1.00885027347,1.00521354776,0,1
2019-02-19 15:30:00,1.00876937091,1.00157682204,1.00956594998,1.00557138601,0,0
2019-02-19 16:00:00,1.00707897412,1.00157682204,1.00956594998,1.00557138601,0,0
2019-02-19 16:30:00,1.00705485894,1.00260444015,1.00956594998,1.00608519506,0,0
2019-02-19 17:30:00,1.00705485894,1.00322132218,1.00956594998,1.00639363608,0,0
2019-02-20 10:00:00,1.00791094806,1.00352003933,1.00956594998,1.00654299465,0,0
2019-02-20 10:30:00,1.00818166048,1.00352003933,1.00956594998,1.00654299465,0,0
2019-02-20 11:00:00,1.0073586325,1.00492922193,1.00956594998,1.00724758595,0,0
2019-02-20 11:30:00,1.00781059777,1.00492922193,1.00956594998,1.00724758595,0,0
2019-02-20 12:00:00,1.00821977803,1.00492922193,1.00956594998,1.00724758595,0,0
2019-02-20 12:30:00,1.00591638876,1.00492922193,1.00956594998,1.00724758595,0,0
2019-02-20 13:00:00,1.00657916743,1.00492922193,1.00956594998,1.00724758595,0,0
2019-02-20 13:30:00,1.0087643145,1.00492922193,1.00956594998,1.00724758595,0,0
2019-02-20 14:00:00,1.00916143717,1.00546597931,1.00956594998,1.00751596464,0,0
2019-02-20 14:30:00,1.00727772994,1.00591638876,1.00956594998,1.00774116937,0,0
2019-02-20 15:00:00,1.00977481861,1.00591638876,1.00956594998,1.00774116937,0,1
2019-02-20 15:30:00,1.0093282987,1.00591638876,1.00977481861,1.00784560368,0,0
2019-02-20 16:00:00,1.00964451881,1.00591638876,1.00977481861,1.00784560368,0,0
2019-02-20 16:30:00,1.00950994051,1.00591638876,1.00977481861,1.00784560368,0,0
2019-02-20 17:30:00,1.00950994051,1.00591638876,1.00977481861,1.00784560368,0,0
2019-02-21 10:00:00,1.00645470196,1.00591638876,1.00977481861,1.00784560368,0,0
2019-02-21 10:30:00,1.00519837853,1.00591638876,1.00977481861,1.00784560368,1,0
2019-02-21 11:00:00,1.00519059943,1.00519837853,1.00977481861,1.00748659857,1,0
2019-02-21 11:30:00,1.00493622311,1.00519059943,1.00977481861,1.00748270902,1,0
2019-02-21 12:00:00,1.00716376623,1.00493622311,1.00977481861,1.00735552086,0,0
2019-02-21 12:30:00,1.00662039662,1.00493622311,1.00977481861,1.00735552086,0,0
2019-02-21 13:00:00,1.00768924393,1.00493622311,1.00977481861,1.00735552086,0,0
2019-02-21 13:30:00,1.00654960688,1.00493622311,1.00977481861,1.00735552086,0,0
2019-02-21 14:00:00,1.00659161398,1.00493622311,1.00977481861,1.00735552086,0,0
2019-02-21 14:30:00,1.00431350676,1.00493622311,1.00977481861,1.00735552086,1,0
2019-02-21 15:00:00,1.00285531588,1.00431350676,1.00977481861,1.00704416269,1,0
2019-02-21 15:30:00,1.00349436833,1.00285531588,1.00977481861,1.00631506725,0,0
2019-02-21 16:00:00,1.00543680771,1.00285531588,1.00977481861,1.00631506725,0,0
2019-02-21 16:30:00,1.00547220258,1.00285531588,1.00977481861,1.00631506725,0,0
2019-02-21 17:00:00,1.00547220258,1.00285531588,1.00977481861,1.00631506725,0,0
2019-02-22 10:00:00,1.00968730382,1.00285531588,1.00977481861,1.00631506725,0,0
2019-02-22 10:30:00,1.01003697403,1.00285531588,1.00968730382,1.00627130985,0,1
2019-02-22 11:00:00,1.0113100225,1.00285531588,1.01003697403,1.00644614495,0,1
2019-02-22 11:30:00,1.01282344494,1.00285531588,1.0113100225,1.00708266919,0,1
2019-02-22 12:00:00,1.01270286901,1.00285531588,1.01282344494,1.00783938041,0,0
2019-02-22 12:30:00,1.01217816922,1.00285531588,1.01282344494,1.00783938041,0,0
2019-02-22 13:00:00,1.01186583866,1.00285531588,1.01282344494,1.00783938041,0,0
2019-02-22 13:30:00,1.01134697319,1.00285531588,1.01282344494,1.00783938041,0,0
2019-02-22 14:00:00,1.01148505208,1.00285531588,1.01282344494,1.00783938041,0,0
2019-02-22 14:30:00,1.01087828287,1.00285531588,1.01282344494,1.00783938041,0,0
2019-02-22 15:00:00,1.00867057644,1.00285531588,1.01282344494,1.00783938041,0,0
2019-02-22 15:30:00,1.01120967221,1.00285531588,1.01282344494,1.00783938041,0,0
2019-02-22 16:00:00,1.01244654791,1.00285531588,1.01282344494,1.00783938041,0,0
2019-02-22 16:30:00,1.01251928243,1.00285531588,1.01282344494,1.00783938041,0,0
2019-02-22 17:00:00,1.01251928243,1.00285531588,1.01282344494,1.00783938041,0,0
2019-02-25 10:00:00,1.01883434967,1.00285531588,1.01282344494,1.00783938041,0,1
2019-02-25 10:30:00,1.01777250355,1.00349436833,1.01883434967,1.011164359,0,0
2019-02-25 11:00:00,1.02054458315,1.00543680771,1.01883434967,1.01213557869,0,1
2019-02-25 11:30:00,1.01910584,1.00547220258,1.02054458315,1.01300839286,0,0
2019-02-25 12:00:00,1.01958931059,1.00547220258,1.02054458315,1.01300839286,0,0
2019-02-25 12:30:00,1.01864259504,1.00867057644,1.02054458315,1.01460757979,0,0
2019-02-25 13:00:00,1.01776628028,1.00867057644,1.02054458315,1.01460757979,0,0
2019-02-25 13:30:00,1.0170358235,1.00867057644,1.02054458315,1.01460757979,0,0
2019-02-25 14:00:00,1.01738588266,1.00867057644,1.02054458315,1.01460757979,0,0
2019-02-25 14:30:00,1.0172929225,1.00867057644,1.02054458315,1.01460757979,0,0
2019-02-25 15:00:00,1.01677755763,1.00867057644,1.02054458315,1.01460757979,0,0
2019-02-25 15:30:00,1.01530380857,1.00867057644,1.02054458315,1.01460757979,0,0
2019-02-25 16:00:00,1.01460524606,1.00867057644,1.02054458315,1.01460757979,0,0
2019-02-25 16:30:00,1.01485845552,1.00867057644,1.02054458315,1.01460757979,0,0
2019-02-25 17:00:00,1.01485845552,1.00867057644,1.02054458315,1.01460757979,0,0
2019-02-26 10:00:00,1.01161185129,1.00867057644,1.02054458315,1.01460757979,0,0
2019-02-26 10:30:00,1.01308560036,1.01120967221,1.02054458315,1.01587712768,0,0
2019-02-26 11:00:00,1.01045432234,1.01161185129,1.02054458315,1.01607821722,1,0
2019-02-26 11:30:00,1.01484756479,1.01045432234,1.02054458315,1.01549945274,0,0
2019-02-26 12:00:00,1.01433842319,1.01045432234,1.02054458315,1.01549945274,0,0
2019-02-26 12:30:00,1.01470326263,1.01045432234,1.02054458315,1.01549945274,0,0
2019-02-26 13:00:00,1.01400858967,1.01045432234,1.02054458315,1.01549945274,0,0
2019-02-26 13:30:00,1.01465853285,1.01045432234,1.02054458315,1.01549945274,0,0
2019-02-26 14:00:00,1.01452939991,1.01045432234,1.01958931059,1.01502181646,0,0
2019-02-26 14:30:00,1.0145998007,1.01045432234,1.01958931059,1.01502181646,0,0
2019-02-26 15:00:00,1.01642360892,1.01045432234,1.01864259504,1.01454845869,0,0
2019-02-26 15:30:00,1.01601559552,1.01045432234,1.01776628028,1.01411030131,0,0
2019-02-26 16:00:00,1.01347455498,1.01045432234,1.01738588266,1.0139201025,0,0
2019-02-26 16:30:00,1.01353717667,1.01045432234,1.01738588266,1.0139201025,0,0
2019-02-26 17:00:00,1.01353717667,1.01045432234,1.0172929225,1.01387362242,0,0
2019-02-27 10:00:00,1.01129679805,1.01045432234,1.01677755763,1.01361593998,0,0
2019-02-27 10:30:00,1.00752277135,1.01045432234,1.01642360892,1.01343896563,1,0
2019-02-27 11:00:00,1.00783121236,1.00752277135,1.01642360892,1.01197319014,0,0
2019-02-27 11:30:00,1.00903541587,1.00752277135,1.01642360892,1.01197319014,0,0
2019-02-27 12:00:00,1.00979543321,1.00752277135,1.01642360892,1.01197319014,0,0
2019-02-27 12:30:00,1.0102368967,1.00752277135,1.01642360892,1.01197319014,0,0
2019-02-27 13:00:00,1.01055428367,1.00752277135,1.01642360892,1.01197319014,0,0
2019-02-27 13:30:00,1.0120754852,1.00752277135,1.01642360892,1.01197319014,0,0
2019-02-27 14:00:00,1.01145432467,1.00752277135,1.01642360892,1.01197319014,0,0
2019-02-27 14:30:00,1.01128279568,1.00752277135,1.01642360892,1.01197319014,0,0
2019-02-27 15:00:00,1.01142787576,1.00752277135,1.01642360892,1.01197319014,0,0
2019-02-27 15:30:00,1.01060484777,1.00752277135,1.01642360892,1.01197319014,0,0
2019-02-27 16:00:00,1.01079154599,1.00752277135,1.01642360892,1.01197319014,0,0
2019-02-27 16:30:00,1.01070480911,1.00752277135,1.01642360892,1.01197319014,0,0
2019-02-27 17:00:00,1.01070480911,1.00752277135,1.01642360892,1.01197319014,0,0
2019-02-28 10:00:00,1.01181721933,1.00752277135,1.01642360892,1.01197319014,0,0
2019-02-28 10:30:00,1.00975926043,1.00752277135,1.01601559552,1.01176918344,0,0
2019-02-28 11:00:00,1.00901830187,1.00752277135,1.01353717667,1.01052997401,0,0
2019-02-28 11:30:00,1.00933996734,1.00752277135,1.01353717667,1.01052997401,0,0
2019-02-28 12:00:00,1.00966474445,1.00752277135,1.01353717667,1.01052997401,0,0
2019-02-28 12:30:00,1.01046443516,1.00752277135,1.0120754852,1.00979912827,0,0
2019-02-28 13:00:00,1.01073048012,1.00752277135,1.0120754852,1.00979912827,0,0
2019-02-28 13:30:00,1.00941075708,1.00783121236,1.0120754852,1.00995334878,0,0
2019-02-28 14:00:00,1.00988683754,1.00901830187,1.0120754852,1.01054689354,0,0
2019-02-28 14:30:00,1.01007042412,1.00901830187,1.0120754852,1.01054689354,0,0
2019-02-28 15:00:00,1.00857567151,1.00901830187,1.0120754852,1.01054689354,1,0
2019-02-28 15:30:00,1.00915326912,1.00857567151,1.0120754852,1.01032557836,0,0
2019-02-28 16:00:00,1.00791172597,1.00857567151,1.0120754852,1.01032557836,1,0
2019-02-28 16:30:00,1.00801479895,1.00791172597,1.01181721933,1.00986447265,0,0
2019-02-28 17:00:00,1.00801479895,1.00791172597,1.01181721933,1.00986447265,0,0
2019-03-01 10:00:00,1.01612255805,1.00791172597,1.01181721933,1.00986447265,0,1
2019-03-01 10:30:00,1.01176082091,1.00791172597,1.01612255805,1.01201714201,0,0
2019-03-01 11:00:00,1.01156712151,1.00791172597,1.01612255805,1.01201714201,0,0
2019-03-01 11:30:00,1.01029135035,1.00791172597,1.01612255805,1.01201714201,0,0
2019-03-01 12:00:00,1.00888916894,1.00791172597,1.01612255805,1.01201714201,0,0
2019-03-01 12:30:00,1.01048855034,1.00791172597,1.01612255805,1.01201714201,0,0
2019-03-01 13:00:00,1.01079699136,1.00791172597,1.01612255805,1.01201714201,0,0
2019-03-01 13:30:00,1.01073242489,1.00791172597,1.01612255805,1.01201714201,0,0
2019-03-01 14:00:00,1.01078648958,1.00791172597,1.01612255805,1.01201714201,0,0
2019-03-01 14:30:00,1.0130303688,1.00791172597,1.01612255805,1.01201714201,0,0
2019-03-01 15:00:00,1.0122563491,1.00791172597,1.01612255805,1.01201714201,0,0
2019-03-01 15:30:00,1.01226685088,1.00791172597,1.01612255805,1.01201714201,0,0
2019-03-01 16:00:00,1.01234503075,1.00791172597,1.01612255805,1.01201714201,0,0
2019-03-01 16:30:00,1.01230574634,1.00791172597,1.01612255805,1.01201714201,0,0
2019-03-01 17:00:00,1.01230574634,1.00791172597,1.01612255805,1.01201714201,0,0
2019-03-04 10:00:00,1.01491874349,1.00791172597,1.01612255805,1.01201714201,0,0
2019-03-04 10:30:00,1.01445083108,1.00791172597,1.01612255805,1.01201714201,0,0
2019-03-04 11:00:00,1.01123223158,1.00791172597,1.01612255805,1.01201714201,0,0
2019-03-04 11:30:00,1.00763595714,1.00801479895,1.01612255805,1.0120686785,1,0
2019-03-04 12:00:00,1.0007491266,1.00763595714,1.01612255805,1.01187925759,1,0
2019-03-04 12:30:00,0.999634382655,1.0007491266,1.01612255805,1.00843584232,1,0
2019-03-04 13:00:00,0.997904312495,0.999634382655,1.01491874349,1.00727656307,1,0
2019-03-04 13:30:00,0.999550757411,0.997904312495,1.01491874349,1.00641152799,0,0
2019-03-04 14:00:00,1.00135745163,0.997904312495,1.01491874349,1.00641152799,0,0
2019-03-04 14:30:00,1.00371996201,0.997904312495,1.01491874349,1.00641152799,0,0
2019-03-04 15:00:00,1.00250681254,0.997904312495,1.01491874349,1.00641152799,0,0
2019-03-04 15:30:00,1.00260599597,0.997904312495,1.01491874349,1.00641152799,0,0
2019-03-04 16:00:00,1.00450292766,0.997904312495,1.01491874349,1.00641152799,0,0
2019-03-04 16:30:00,1.00426722116,0.997904312495,1.01491874349,1.00641152799,0,0
2019-03-04 17:30:00,1.00426722116,0.997904312495,1.01491874349,1.00641152799,0,0
2019-03-05 10:00:00,1.00177052144,0.997904312495,1.01491874349,1.00641152799,0,0
2019-03-05 10:30:00,1.00176507608,0.997904312495,1.01491874349,1.00641152799,0,0
2019-03-05 11:00:00,1.00214391788,0.997904312495,1.01491874349,1.00641152799,0,0
2019-03-05 11:30:00,1.00446169847,0.997904312495,1.01491874349,1.00641152799,0,0
2019-03-05 12:00:00,1.00432789808,0.997904312495,1.01491874349,1.00641152799,0,0
2019-03-05 12:30:00,1.00410463813,0.997904312495,1.01491874349,1.00641152799,0,0
2019-03-05 13:00:00,1.00486815605,0.997904312495,1.01445083108,1.00617757179,0,0
2019-03-05 13:30:00,1.00350370324,0.997904312495,1.01123223158,1.00456827204,0,0
2019-03-05 14:00:00,1.00412408586,0.997904312495,1.00763595714,1.00277013482,0,0
2019-03-05 14:30:00,1.0052551659,0.997904312495,1.00486815605,1.00138623427,0,1
2019-03-05 15:00:00,1.00574369291,0.997904312495,1.0052551659,1.0015797392,0,1
2019-03-05 15:30:00,1.00484870832,0.997904312495,1.00574369291,1.0018240027,0,0
2019-03-05 16:00:00,1.00383042512,0.999550757411,1.00574369291,1.00264722516,0,0
2019-03-05 16:30:00,1.00376080224,1.00135745163,1.00574369291,1.00355057227,0,0
2019-03-05 17:30:00,1.00376080224,1.00176507608,1.00574369291,1.00375438449,0,0
2019-03-06 10:00:00,1.00308246538,1.00176507608,1.00574369291,1.00375438449,0,0
2019-03-06 10:30:00,1.00143213092,1.00176507608,1.00574369291,1.00375438449,1,0
2019-03-06 11:00:00,1.00088992818,1.00143213092,1.00574369291,1.00358791191,1,0
2019-03-06 11:30:00,1.0003411132,1.00088992818,1.00574369291,1.00331681054,1,0
2019-03-06 12:00:00,0.998448460012,1.0003411132,1.00574369291,1.00304240306,1,0
2019-03-06 12:30:00,0.998276153114,0.998448460012,1.00574369291,1.00209607646,1,0
2019-03-06 13:00:00,0.997646435581,0.998276153114,1.00574369291,1.00200992301,1,0
2019-03-06 13:30:00,0.997604039527,0.997646435581,1.00574369291,1.00169506424,1,0
2019-03-06 14:00:00,0.9999074288,0.997604039527,1.00574369291,1.00167386622,0,0
2019-03-06 14:30:00,0.999699338077,0.997604039527,1.00574369291,1.00167386622,0,0
2019-03-06 15:00:00,0.999323218957,0.997604039527,1.00574369291,1.00167386622,0,0
2019-03-06 15:30:00,0.998564368489,0.997604039527,1.00574369291,1.00167386622,0,0
2019-03-06 16:00:00,0.998672497874,0.997604039527,1.00574369291,1.00167386622,0,0
2019-03-06 16:30:00,0.998581093538,0.997604039527,1.00574369291,1.00167386622,0,0
2019-03-06 18:00:00,0.998581093538,0.997604039527,1.00574369291,1.00167386622,0,0
2019-03-07 10:00:00,0.990233349436,0.997604039527,1.00574369291,1.00167386622,1,0
2019-03-07 10:30:00,0.988443769219,0.990233349436,1.00484870832,0.997541028878,1,0
2019-03-07 11:00:00,0.989377649267,0.988443769219,1.00383042512,0.996137097169,0,0
2019-03-07 11:30:00,0.98931813921,0.988443769219,1.00376080224,0.996102285731,0,0
2019-03-07 12:00:00,0.99043560584,0.988443769219,1.00376080224,0.996102285731,0,0
2019-03-07 12:30:00,0.990953304442,0.988443769219,1.00308246538,0.9957631173,0,0
2019-03-07 13:00:00,0.993565912639,0.988443769219,1.00143213092,0.994937950069,0,0
2019-03-07 13:30:00,0.993069995496,0.988443769219,1.00088992818,0.994666848697,0,0
2019-03-07 14:00:00,0.992469838514,0.988443769219,1.0003411132,0.994392441211,0,0
2019-03-07 14:30:00,0.990926077618,0.988443769219,0.9999074288,0.99417559901,0,0
2019-03-07 15:00:00,0.988640191303,0.988443769219,0.9999074288,0.99417559901,0,0
2019-03-07 15:30:00,0.98855150965,0.988443769219,0.9999074288,0.99417559901,0,0
2019-03-07 16:00:00,0.990592354552,0.988443769219,0.9999074288,0.99417559901,0,0
2019-03-07 16:30:00,0.990793055137,0.988443769219,0.9999074288,0.99417559901,0,0
2019-03-07 17:30:00,0.990793055137,0.988443769219,0.999699338077,0.994071553648,0,0
2019-03-08 10:00:00,0.984096812361,0.988443769219,0.999323218957,0.993883494088,1,0
2019-03-08 10:30:00,0.985064531461,0.984096812361,0.998672497874,0.991384655118,0,0
2019-03-08 11:00:00,0.985774762602,0.984096812361,0.998672497874,0.991384655118,0,0
2019-03-08 11:30:00,0.987031863941,0.984096812361,0.998581093538,0.99133895295,0,0
2019-03-08 12:00:00,0.985657298306,0.984096812361,0.998581093538,0.99133895295,0,0
2019-03-08 12:30:00,0.98561140166,0.984096812361,0.993565912639,0.9888313625,0,0
2019-03-08 13:00:00,0.983462038418,0.984096812361,0.993565912639,0.9888313625,1,0
2019-03-08 13:30:00,0.984330963044,0.983462038418,0.993565912639,0.988513975529,0,0
2019-03-08 14:00:00,0.985269121593,0.983462038418,0.993565912639,0.988513975529,0,0
2019-03-08 14:30:00,0.985747535778,0.983462038418,0.993565912639,0.988513975529,0,0
2019-03-08 15:00:00,0.986868891954,0.983462038418,0.993565912639,0.988513975529,0,0
2019-03-08 15:30:00,0.985940068316,0.983462038418,0.993565912639,0.988513975529,0,0
2019-03-08 16:00:00,0.989893403096,0.983462038418,0.993069995496,0.988266016957,0,0
2019-03-08 16:30:00,0.989898848461,0.983462038418,0.992469838514,0.987965938466,0,0
2019-03-08 17:00:00,0.989898848461,0.983462038418,0.990926077618,0.987194058018,0,0
2019-03-11 10:00:00,0.987654191336,0.983462038418,0.990793055137,0.987127546778,0,0
2019-03-11 10:30:00,0.989322028756,0.983462038418,0.990793055137,0.987127546778,0,0
2019-03-11 11:00:00,0.992911690965,0.983462038418,0.990793055137,0.987127546778,0,1
2019-03-11 11:30:00,0.99366859666,0.983462038418,0.992911690965,0.988186864691,0,1
2019-03-11 12:00:00,0.993880576929,0.983462038418,0.99366859666,0.988565317539,0,1
2019-03-11 12:30:00,0.992939695697,0.983462038418,0.993880576929,0.988671307673,0,0
2019-03-11 13:00:00,0.992970034158,0.983462038418,0.993880576929,0.988671307673,0,0
2019-03-11 13:30:00,0.995744836433,0.983462038418,0.993880576929,0.988671307673,0,1
2019-03-11 14:00:00,0.996156739378,0.983462038418,0.995744836433,0.989603437425,0,1
2019-03-11 14:30:00,0.996634764609,0.983462038418,0.996156739378,0.989809388898,0,1
2019-03-11 15:00:00,0.996390501106,0.983462038418,0.996634764609,0.990048401513,0,0
2019-03-11 15:30:00,0.996448844299,0.983462038418,0.996634764609,0.990048401513,0,0
2019-03-11 16:00:00,0.997846747211,0.984330963044,0.996634764609,0.990482863826,0,1
2019-03-11 16:30:00,0.997702834001,0.985269121593,0.997846747211,0.991557934402,0,0
2019-03-11 17:00:00,0.997702834001,0.985747535778,0.997846747211,0.991797141495,0,0
2019-03-12 10:00:00,0.996068446679,0.985940068316,0.997846747211,0.991893407764,0,0
2019-03-12 10:30:00,0.997331771292,0.985940068316,0.997846747211,0.991893407764,0,0
2019-03-12 11:00:00,0.996295985133,0.987654191336,0.997846747211,0.992750469274,0,0
2019-03-12 11:30:00,0.993975092902,0.987654191336,0.997846747211,0.992750469274,0,0
2019-03-12 12:00:00,0.995966929522,0.987654191336,0.997846747211,0.992750469274,0,0
2019-03-12 12:30:00,0.994930365454,0.987654191336,0.997846747211,0.992750469274,0,0
2019-03-12 13:00:00,0.994129118932,0.989322028756,0.997846747211,0.993584387984,0,0
2019-03-12 13:30:00,0.994109282246,0.992911690965,0.997846747211,0.995379219088,0,0
2019-03-12 14:00:00,0.994816790704,0.992939695697,0.997846747211,0.995393221454,0,0
2019-03-12 14:30:00,0.995085169394,0.992939695697,0.997846747211,0.995393221454,0,0
2019-03-12 15:00:00,0.995368717313,0.992939695697,0.997846747211,0.995393221454,0,0
2019-03-12 15:30:00,0.994223245951,0.992970034158,0.997846747211,0.995408390685,0,0
2019-03-12 16:00:00,0.994138842798,0.993975092902,0.997846747211,0.995910920057,0,0
2019-03-12 16:30:00,0.993960312626,0.993975092902,0.997846747211,0.995910920057,1,0
2019-03-12 19:00:00,0.993960312626,0.993960312626,0.997846747211,0.995903529919,0,0
2019-03-13 10:00:00,0.999054840268,0.993960312626,0.997846747211,0.995903529919,0,1
2019-03-13 10:30:00,0.998331384671,0.993960312626,0.999054840268,0.996507576447,0,0
2019-03-13 11:00:00,0.99918630693,0.993960312626,0.999054840268,0.996507576447,0,1
2019-03-13 11:30:00,1.00163749896,0.993960312626,0.99918630693,0.996573309778,0,1
2019-03-13 12:00:00,1.00060871398,0.993960312626,1.00163749896,0.997798905793,0,0
2019-03-13 12:30:00,0.999943990534,0.993960312626,1.00163749896,0.997798905793,0,0
2019-03-13 13:00:00,1.00071373173,0.993960312626,1.00163749896,0.997798905793,0,0
2019-03-13 13:30:00,1.00101361575,0.993960312626,1.00163749896,0.997798905793,0,0
2019-03-13 14:00:00,1.00100078024,0.993960312626,1.00163749896,0.997798905793,0,0
2019-03-13 14:30:00,1.00021937041,0.993960312626,1.00163749896,0.997798905793,0,0
2019-03-13 15:00:00,0.997749508556,0.993960312626,1.00163749896,0.997798905793,0,0
2019-03-13 15:30:00,0.998271485659,0.993960312626,1.00163749896,0.997798905793,0,0
2019-03-13 16:00:00,0.999752235906,0.993960312626,1.00163749896,0.997798905793,0,0
2019-03-13 16:30:00,0.999725786991,0.993960312626,1.00163749896,0.997798905793,0,0
2019-03-13 17:00:00,0.999725786991,0.993960312626,1.00163749896,0.997798905793,0,0
2019-03-14 10:00:00,0.999537532954,0.993960312626,1.00163749896,0.997798905793,0,0
2019-03-14 10:30:00,0.998040446613,0.993960312626,1.00163749896,0.997798905793,0,0
2019-03-14 11:00:00,0.999367948739,0.993960312626,1.00163749896,0.997798905793,0,0
2019-03-14 11:30:00,0.999646051294,0.993960312626,1.00163749896,0.997798905793,0,0
2019-03-14 12:00:00,1.00083586348,0.993960312626,1.00163749896,0.997798905793,0,0
2019-03-14 12:30:00,1.00046091123,0.997749508556,1.00163749896,0.999693503758,0,0
2019-03-14 13:00:00,1.00018980986,0.997749508556,1.00163749896,0.999693503758,0,0
2019-03-14 13:30:00,1.00014157948,0.997749508556,1.00163749896,0.999693503758,0,0
2019-03-14 14:00:00,0.999353168463,0.997749508556,1.00163749896,0.999693503758,0,0
2019-03-14 14:30:00,0.999693892712,0.997749508556,1.00101361575,0.999381562151,0,0
2019-03-14 15:00:00,0.999567093505,0.997749508556,1.00101361575,0.999381562151,0,0
2019-03-14 15:30:00,1.00014391321,0.997749508556,1.00101361575,0.999381562151,0,0
2019-03-14 16:00:00,1.00011551952,0.997749508556,1.00101361575,0.999381562151,0,0
2019-03-14 16:30:00,1.0,0.997749508556,1.00100078024,0.999375144399,0,0
