Date,Price,BuySignal,SellSignal,ExitSignal,Close
2018-12-14 17:00:00,24100.51,,,,0.937400476236
2018-12-17 10:00:00,23907.1,,,,0.929877704888
2018-12-17 10:30:00,23923.4,,,,0.930511700922
2018-12-17 11:00:00,23973.72,,,,0.932468920581
2018-12-17 11:30:00,24022.26,,,,0.934356906317
2018-12-17 12:00:00,24067.29,,,,0.936108368981
2018-12-17 12:30:00,24016.26,,,,0.934123533544
2018-12-17 13:00:00,23831.0,,,,0.926917760213
2018-12-17 13:30:00,23826.99,,,,0.926761789409
2018-12-17 14:00:00,23728.46,,,,0.922929419516
2018-12-17 14:30:00,23698.46,,,,0.92176255565
2018-12-17 15:00:00,23676.79,,,,0.920919690983
2018-12-17 15:30:00,23570.8,,,,0.916797160942
2018-12-17 16:00:00,23594.3,,,,0.917711204305
2018-12-17 16:30:00,23592.98,,,,0.917659862295
2018-12-17 17:00:00,23592.98,,,,0.917659862295
2018-12-18 10:00:00,23906.04,,,,0.929836475698
2018-12-18 10:30:00,23890.53,,,,0.929233207079
2018-12-18 11:00:00,23790.6,,,,0.925346383539
2018-12-18 11:30:00,23771.21,,,,0.924592200526
2018-12-18 12:00:00,23813.15,,,,0.926223476212
2018-12-18 12:30:00,23867.4,,,,0.928333555037
2018-12-18 13:00:00,23896.54,,,,0.929466968807
2018-12-18 13:30:00,23831.33,,,,0.926930595715
2018-12-18 14:00:00,23758.77,,,,0.924108340976
2018-12-18 14:30:00,23767.55,,,,0.924449843135
2018-12-18 15:00:00,23566.94,,1,,0.916647024458
2018-12-18 15:30:00,23591.43,,,,0.917599574328
2018-12-18 16:00:00,23676.48,,,,0.92090763339
2018-12-18 16:30:00,23675.64,,,,0.920874961202
2018-12-18 17:00:00,23675.64,,,,0.920874961202
2018-12-19 10:00:00,23808.36,,,,0.926037166948
2018-12-19 10:30:00,23870.33,,,,0.928447518742
2018-12-19 11:00:00,23901.22,,,,0.92964899957
2018-12-19 11:30:00,23855.19,,,,0.927858641444
2018-12-19 12:00:00,23907.84,1,,1,0.92990648753
2018-12-19 12:30:00,23974.23,1,,,0.932488757267
2018-12-19 13:00:00,23928.69,,,,0.930717457917
2018-12-19 13:30:00,23873.07,,,,0.928554092308
2018-12-19 14:00:00,24025.55,1,,1,0.934484872388
2018-12-19 14:30:00,23797.82,,,,0.925627208776
2018-12-19 15:00:00,23428.58,,1,,0.911265448305
2018-12-19 15:30:00,23275.19,,1,1,0.905299273355
2018-12-19 16:00:00,23322.71,,,,0.90714758572
2018-12-19 16:30:00,23323.66,,,,0.907184536409
2018-12-19 17:00:00,23323.66,,,,0.907184536409
2018-12-20 10:00:00,23194.22,,1,,0.902149907779
2018-12-20 10:30:00,23171.95,,1,1,0.901283705835
2018-12-20 11:00:00,23191.73,,,,0.902053058078
2018-12-20 11:30:00,23080.58,,1,,0.897729827452
2018-12-20 12:00:00,22946.43,,1,1,0.892512001195
2018-12-20 12:30:00,23065.03,,,,0.897125003014
2018-12-20 13:00:00,22973.28,,,,0.893556344356
2018-12-20 13:30:00,22919.54,,1,,0.891466102216
2018-12-20 14:00:00,22834.68,,1,1,0.888165433292
2018-12-20 14:30:00,22869.01,,,,0.88950071451
2018-12-20 15:00:00,22922.18,,,,0.891568786236
2018-12-20 15:30:00,22898.45,,,,0.890645796917
2018-12-20 16:00:00,22860.14,,,,0.88915571176
2018-12-20 16:30:00,22859.6,,,,0.88913470821
2018-12-20 17:30:00,22859.6,,,,0.88913470821
2018-12-21 10:00:00,22975.02,,,,0.89362402246
2018-12-21 10:30:00,23148.51,,,,0.900371996201
2018-12-21 11:00:00,23021.08,,,,0.89541554745
2018-12-21 11:30:00,23007.76,,,,0.894897459893
2018-12-21 12:00:00,22856.27,,,,0.889005186321
2018-12-21 12:30:00,22713.73,,1,,0.883461027136
2018-12-21 13:00:00,22707.28,,1,1,0.883210151404
2018-12-21 13:30:00,22733.09,,,,0.884214043284
2018-12-21 14:00:00,22699.5,,1,,0.882907544708
2018-12-21 14:30:00,22650.99,,1,1,0.881020725836
2018-12-21 15:00:00,22637.33,,1,,0.880489413822
2018-12-21 15:30:00,22452.85,,1,1,0.873313978951
2018-12-21 16:00:00,22439.81,,1,,0.872806782124
2018-12-21 16:30:00,22445.37,,,,0.873023040894
2018-12-21 17:30:00,22445.37,,,,0.873023040894
2018-12-24 10:00:00,22119.2,,1,1,0.860336507981
2018-12-24 10:30:00,22120.69,,,,0.86039446222
2018-12-24 11:00:00,22208.2,,,,0.863798204119
2018-12-24 11:30:00,22036.53,,1,,0.857121020119
2018-12-24 12:00:00,22003.89,,1,1,0.855851472232
2018-12-24 12:30:00,21985.61,,1,,0.855140463183
2018-12-24 13:00:00,21809.3,,1,1,0.848282804238
2018-12-24 13:30:00,21792.2,,1,,0.847617691834
2018-12-24 14:30:00,21792.2,,,,0.847617691834
2018-12-24 15:00:00,21792.2,,,,0.847617691834
2018-12-26 10:00:00,21869.88,,,,0.85063909134
2018-12-26 10:30:00,21803.58,,,,0.848060322194
2018-12-26 11:00:00,21729.73,,1,1,0.845187892309
2018-12-26 11:30:00,21965.82,,,,0.854370721985
2018-12-26 12:00:00,22129.61,,,,0.860741409743
2018-12-26 12:30:00,22195.14,,,,0.863290229382
2018-12-26 13:00:00,22328.15,,,,0.868463714812
2018-12-26 13:30:00,22228.72,,,,0.864596339004
2018-12-26 14:00:00,22416.45,,,,0.871898184126
2018-12-26 14:30:00,22330.32,,,,0.868548117965
2018-12-26 15:00:00,22442.5,1,,,0.872911410917
2018-12-26 15:30:00,22556.37,1,,1,0.877340437201
2018-12-26 16:00:00,22876.48,1,,,0.889791263612
2018-12-26 16:30:00,22878.45,1,,1,0.889867887673
2018-12-26 17:00:00,22878.45,,,,0.889867887673
2018-12-27 10:00:00,22516.2,,,,0.875778006483
2018-12-27 10:30:00,22388.73,,,,0.870820001914
2018-12-27 11:00:00,22474.51,,,,0.874156454663
2018-12-27 11:30:00,22607.53,,,,0.879330329048
2018-12-27 12:00:00,22579.89,,,,0.878255258472
2018-12-27 12:30:00,22448.64,,,,0.873150229055
2018-12-27 13:00:00,22518.4,,,,0.8758635765
2018-12-27 13:30:00,22437.11,,,,0.872701764376
2018-12-27 14:00:00,22355.51,,,,0.869527894659
2018-12-27 14:30:00,22322.16,,,,0.868230730994
2018-12-27 15:00:00,22541.19,,,,0.876750004084
2018-12-27 15:30:00,22804.46,,,,0.886990012423
2018-12-27 16:00:00,23134.02,1,,,0.899808400953
2018-12-27 16:30:00,23138.82,1,,1,0.899995099172
2018-12-27 17:30:00,23138.82,,,,0.899995099172
2018-12-28 10:00:00,23236.02,1,,,0.9037757381
2018-12-28 10:30:00,23100.14,,,,0.898490622693
2018-12-28 11:00:00,23073.53,,,,0.897455614443
2018-12-28 11:30:00,23129.18,,,,0.899620146916
2018-12-28 12:00:00,23200.17,,,,0.902381335779
2018-12-28 12:30:00,23185.11,,,,0.901795570118
2018-12-28 13:00:00,23130.51,,,,0.899671877881
2018-12-28 13:30:00,23075.97,,,,0.897550519371
2018-12-28 14:00:00,23149.16,,,,0.900397278251
2018-12-28 14:30:00,23230.08,,,,0.903544699054
2018-12-28 15:00:00,23363.04,1,,1,0.908716239711
2018-12-28 15:30:00,23072.35,,,,0.897409717798
2018-12-28 16:00:00,23052.54,,,,0.896639198691
2018-12-28 16:30:00,23062.4,,,,0.897022707949
2018-12-28 17:30:00,23062.4,,,,0.897022707949
2018-12-31 10:00:00,23263.38,,,,0.904839917946
2018-12-31 10:30:00,23251.37,,,,0.904372783445
2018-12-31 11:00:00,23205.41,,,,0.902585148001
2018-12-31 11:30:00,23200.39,,,,0.902389892781
2018-12-31 12:00:00,23216.57,,,,0.90301922136
2018-12-31 12:30:00,23242.25,,,,0.904018056829
2018-12-31 13:00:00,23276.37,,,,0.90534517
2018-12-31 13:30:00,23327.21,,,,0.9073226153
2018-12-31 14:00:00,23232.21,,,,0.903627546389
2018-12-31 14:30:00,23181.81,,,,0.901667215093
2018-12-31 15:00:00,23232.37,,,,0.903633769663
2018-12-31 15:30:00,23237.03,,,,0.903815022517
2018-12-31 16:00:00,23322.51,,,,0.907139806627
2018-12-31 16:30:00,23327.46,,,,0.907332339165
2018-12-31 17:30:00,23327.46,,,,0.907332339165
2019-01-02 10:00:00,23070.48,,,,0.897336983284
2019-01-02 10:30:00,23121.45,,,,0.899319484993
2019-01-02 11:00:00,23217.82,,,,0.903067840687
2019-01-02 11:30:00,23268.58,,,,0.90504217435
2019-01-02 12:00:00,23209.13,,,,0.902729839121
2019-01-02 12:30:00,23217.89,,,,0.90307056337
2019-01-02 13:00:00,23327.71,1,,,0.907342063031
2019-01-02 13:30:00,23385.06,1,,1,0.909572717789
2019-01-02 14:00:00,23412.3,1,,,0.91063223018
2019-01-02 14:30:00,23295.03,,,,0.906070959325
2019-01-02 15:00:00,23267.66,,,,0.905006390524
2019-01-02 15:30:00,23236.33,,,,0.903787795693
2019-01-02 16:00:00,23340.71,,,,0.90784770404
2019-01-02 16:30:00,23346.24,,,,0.908062795946
2019-01-02 17:00:00,23346.24,,,,0.908062795946
2019-01-03 10:00:00,23029.32,,1,1,0.895736046058
2019-01-03 10:30:00,22819.91,,1,,0.887590947315
2019-01-03 11:00:00,22779.61,,1,1,0.886023460187
2019-01-03 11:30:00,22773.43,,1,,0.88578308623
2019-01-03 12:00:00,22950.41,,,,0.892666805135
2019-01-03 12:30:00,22916.08,,,,0.891331523916
2019-01-03 13:00:00,22948.72,,,,0.892601071803
2019-01-03 13:30:00,22823.35,,,,0.887724747705
2019-01-03 14:00:00,22773.34,,1,1,0.885779585639
2019-01-03 14:30:00,22860.06,,,,0.889152600123
2019-01-03 15:00:00,22742.94,,1,,0.884597163587
2019-01-03 15:30:00,22730.11,,1,1,0.884098134807
2019-01-03 16:00:00,22683.58,,1,,0.88228832895
2019-01-03 16:30:00,22686.22,,,,0.88239101297
2019-01-03 17:00:00,22686.22,,,,0.88239101297
2019-01-04 10:00:00,23147.79,,,,0.900343991468
2019-01-04 10:30:00,23304.69,,,,0.906446689491
2019-01-04 11:00:00,23312.64,,,,0.906755908415
2019-01-04 11:30:00,23265.31,,,,0.904914986188
2019-01-04 12:00:00,23328.74,,,,0.907382125357
2019-01-04 12:30:00,23398.57,1,,1,0.910098195484
2019-01-04 13:00:00,23454.62,1,,,0.912278286141
2019-01-04 13:30:00,23461.49,1,,1,0.912545497967
2019-01-04 14:00:00,23422.32,,,,0.911021962712
2019-01-04 14:30:00,23433.24,,,,0.911446701159
2019-01-04 15:00:00,23378.45,,,,0.909315618784
2019-01-04 15:30:00,23381.65,,,,0.909440084263
2019-01-04 16:00:00,23426.68,,,,0.911191546927
2019-01-04 16:30:00,23433.16,,,,0.911443589522
2019-01-04 17:30:00,23433.16,,,,0.911443589522
2019-01-07 10:00:00,23386.55,,,,0.909630672028
2019-01-07 10:30:00,23407.07,,,,0.910428806913
2019-01-07 11:00:00,23501.66,1,,,0.914107928684
2019-01-07 11:30:00,23508.87,1,,1,0.914388364967
2019-01-07 12:00:00,23629.52,1,,,0.919081102484
2019-01-07 12:30:00,23609.31,,,,0.918295025193
2019-01-07 13:00:00,23645.62,1,,1,0.919707319426
2019-01-07 13:30:00,23664.0,1,,,0.920422218022
2019-01-07 14:00:00,23574.92,,,,0.916957410247
2019-01-07 14:30:00,23569.84,,,,0.916759821299
2019-01-07 15:00:00,23509.09,,,,0.914396921969
2019-01-07 15:30:00,23593.72,,,,0.917688644937
2019-01-07 16:00:00,23527.06,,,,0.915095873425
2019-01-07 16:30:00,23531.35,,,,0.915262734958
2019-01-07 17:30:00,23531.35,,,,0.915262734958
2019-01-08 10:00:00,23767.46,1,,1,0.924446342543
2019-01-08 10:30:00,23675.57,,,,0.920872238519
2019-01-08 11:00:00,23617.29,,,,0.918605410981
2019-01-08 11:30:00,23655.51,,,,0.920091995547
2019-01-08 12:00:00,23686.73,,,,0.921306311878
2019-01-08 12:30:00,23752.72,,,,0.92387302343
2019-01-08 13:00:00,23674.86,,,,0.920844622741
2019-01-08 13:30:00,23722.33,,,,0.922690990333
2019-01-08 14:00:00,23772.9,1,,,0.924657933857
2019-01-08 14:30:00,23751.6,,,,0.923829460512
2019-01-08 15:00:00,23764.79,,,,0.924342491659
2019-01-08 15:30:00,23799.41,1,,1,0.925689052561
2019-01-08 16:00:00,23786.21,,,,0.92517563246
2019-01-08 16:30:00,23787.45,,,,0.925223862833
2019-01-08 17:00:00,23787.45,,,,0.925223862833
2019-01-09 10:00:00,23955.7,1,,,0.931768024352
2019-01-09 10:30:00,23923.08,,,,0.930499254374
2019-01-09 11:00:00,23853.97,,,,0.92781118898
2019-01-09 11:30:00,23913.04,,,,0.930108743933
2019-01-09 12:00:00,23937.05,,,,0.931042623981
2019-01-09 12:30:00,23923.56,,,,0.930517924196
2019-01-09 13:00:00,23964.05,1,,1,0.932092801461
2019-01-09 13:30:00,23954.39,,,,0.931717071296
2019-01-09 14:00:00,23917.27,,,,0.930273271738
2019-01-09 14:30:00,23875.27,,,,0.928639662325
2019-01-09 15:00:00,23917.58,,,,0.930285329332
2019-01-09 15:30:00,23925.82,,,,0.93060582794
2019-01-09 16:00:00,23876.75,,,,0.928697227609
2019-01-09 16:30:00,23879.12,,,,0.928789409855
2019-01-09 17:00:00,23879.12,,,,0.928789409855
2019-01-10 10:00:00,23740.24,,1,,0.923387608061
2019-01-10 10:30:00,23836.47,,,,0.927130518391
2019-01-10 11:00:00,23872.43,,,,0.928529199212
2019-01-10 11:30:00,23875.56,,,,0.928650942009
2019-01-10 12:00:00,23924.88,,,,0.930569266206
2019-01-10 12:30:00,23920.13,,,,0.93038451276
2019-01-10 13:00:00,23943.33,,,,0.931286887484
2019-01-10 13:30:00,23859.47,,,,0.928025114022
2019-01-10 14:00:00,23857.2,,,,0.927936821323
2019-01-10 14:30:00,23943.29,,,,0.931285331665
2019-01-10 15:00:00,23928.61,,,,0.93071434628
2019-01-10 15:30:00,23957.81,,,,0.931850093777
2019-01-10 16:00:00,24000.93,1,,1,0.933527266108
2019-01-10 16:30:00,24001.92,1,,,0.933565772616
2019-01-10 17:00:00,24001.92,,,,0.933565772616
2019-01-11 10:00:00,23850.95,,,,0.927693724684
2019-01-11 10:30:00,23805.63,,,,0.925930982336
2019-01-11 11:00:00,23910.79,,,,0.930021229143
2019-01-11 11:30:00,23890.25,,,,0.929222316349
2019-01-11 12:00:00,23938.2,,,,0.931087353763
2019-01-11 12:30:00,23950.01,,,,0.931546709172
2019-01-11 13:00:00,23960.07,,,,0.931937997522
2019-01-11 13:30:00,23905.48,,,,0.929814694239
2019-01-11 14:00:00,23923.87,,,,0.930529981789
2019-01-11 14:30:00,23944.1,,,,0.93131683699
2019-01-11 15:00:00,23924.05,,,,0.930536982972
2019-01-11 15:30:00,23929.29,,,,0.930740795194
2019-01-11 16:00:00,23991.64,,,,0.933165927264
2019-01-11 16:30:00,23995.95,,,,0.933333566706
2019-01-11 17:00:00,23995.95,,,,0.933333566706
2019-01-14 10:00:00,23863.94,,,,0.928198976738
2019-01-14 10:30:00,23877.02,,,,0.928707729384
2019-01-14 11:00:00,23897.99,,,,0.929523367227
2019-01-14 11:30:00,23866.67,,,,0.92830516135
2019-01-14 12:00:00,23894.08,,,,0.92937128597
2019-01-14 12:30:00,23938.52,,,,0.931099800311
2019-01-14 13:00:00,23928.47,,,,0.930708900915
2019-01-14 13:30:00,23926.55,,,,0.930634221628
2019-01-14 14:00:00,23920.58,,,,0.930402015718
2019-01-14 14:30:00,23899.66,,,,0.929588322649
2019-01-14 15:00:00,23956.05,,,,0.931781637763
2019-01-14 15:30:00,23926.39,,,,0.930627998354
2019-01-14 16:00:00,23904.54,,,,0.929778132504
2019-01-14 16:30:00,23909.84,,,,0.929984278454
2019-01-14 17:00:00,23909.84,,,,0.929984278454
2019-01-15 10:00:00,23951.41,,,,0.931601162819
2019-01-15 10:30:00,23923.1,,,,0.930500032283
2019-01-15 11:00:00,23997.71,1,,1,0.93340202272
2019-01-15 11:30:00,23979.56,,,,0.93269607008
2019-01-15 12:00:00,24049.02,1,,,0.935397748886
2019-01-15 12:30:00,24073.07,1,,1,0.936333184753
2019-01-15 13:00:00,24042.85,,,,0.935157763884
2019-01-15 13:30:00,24039.15,,,,0.935013850674
2019-01-15 14:00:00,24038.0,,,,0.934969120893
2019-01-15 14:30:00,23941.17,,,,0.931202873286
2019-01-15 15:00:00,23998.06,,,,0.933415636131
2019-01-15 15:30:00,24024.76,,,,0.934454144973
2019-01-15 16:00:00,24063.28,,,,0.935952398178
2019-01-15 16:30:00,24065.59,,,,0.936042246695
2019-01-15 17:00:00,24065.59,,,,0.936042246695
2019-01-16 10:00:00,24199.89,1,,,0.941265907272
2019-01-16 10:30:00,24209.68,1,,1,0.941646693847
2019-01-16 11:00:00,24188.23,,,,0.940812386182
2019-01-16 11:30:00,24222.28,1,,,0.942136776671
2019-01-16 12:00:00,24185.17,,,,0.940693366068
2019-01-16 12:30:00,24206.11,,,,0.941507837047
2019-01-16 13:00:00,24219.28,,,,0.942020090284
2019-01-16 13:30:00,24220.27,,,,0.942058596792
2019-01-16 14:00:00,24235.45,1,,1,0.942649029908
2019-01-16 14:30:00,24264.53,1,,,0.94378010995
2019-01-16 15:00:00,24250.88,,,,0.94324918689
2019-01-16 15:30:00,24283.8,1,,1,0.944529625507
2019-01-16 16:00:00,24202.68,,,,0.941374425611
2019-01-16 16:30:00,24207.16,,,,0.941548677282
2019-01-16 17:00:00,24207.16,,,,0.941548677282
2019-01-17 10:00:00,24173.93,,,,0.940256181072
2019-01-17 10:30:00,24177.75,,,,0.940404761738
2019-01-17 11:00:00,24170.57,,,,0.940125492319
2019-01-17 11:30:00,24193.24,,,,0.941007252448
2019-01-17 12:00:00,24197.55,,,,0.94117489189
2019-01-17 12:30:00,24192.49,,,,0.940978080851
2019-01-17 13:00:00,24167.95,,1,,0.940023586208
2019-01-17 13:30:00,24225.07,,,,0.94224529501
2019-01-17 14:00:00,24221.65,,,,0.94211227253
2019-01-17 14:30:00,24203.69,,,,0.941413710028
2019-01-17 15:00:00,24336.99,1,,1,0.946598475142
2019-01-17 15:30:00,24335.48,,,,0.946539742994
2019-01-17 16:00:00,24368.47,1,,,0.947822904293
2019-01-17 16:30:00,24370.1,1,,1,0.947886303896
2019-01-17 17:00:00,24370.1,,,,0.947886303896
2019-01-18 10:00:00,24504.3,1,,,0.953106074927
2019-01-18 10:30:00,24510.95,1,,1,0.95336472975
2019-01-18 11:00:00,24581.84,1,,,0.956122029067
2019-01-18 11:30:00,24636.75,1,,1,0.958257778898
2019-01-18 12:00:00,24678.85,1,,,0.959895277858
2019-01-18 12:30:00,24724.14,1,,1,0.961656853342
2019-01-18 13:00:00,24723.18,,,,0.961619513698
2019-01-18 13:30:00,24671.7,,,,0.959617175303
2019-01-18 14:00:00,24701.13,,,,0.960761868756
2019-01-18 14:30:00,24665.52,,,,0.959376801346
2019-01-18 15:00:00,24663.54,,,,0.959299788331
2019-01-18 15:30:00,24660.47,,,,0.959180379262
2019-01-18 16:00:00,24708.23,,,,0.961038026538
2019-01-18 16:30:00,24706.35,,,,0.960964903069
2019-01-18 17:00:00,24706.35,,,,0.960964903069
2019-01-22 10:00:00,24555.21,,,,0.955086242908
2019-01-22 10:30:00,24543.34,,,,0.954624553772
2019-01-22 11:00:00,24516.23,,,,0.953570097791
2019-01-22 11:30:00,24509.55,,,,0.953310276103
2019-01-22 12:00:00,24389.73,,,,0.94864982182
2019-01-22 12:30:00,24407.55,,,,0.949342938957
2019-01-22 13:00:00,24407.97,,,,0.949359275051
2019-01-22 13:30:00,24328.38,,1,,0.946263585213
2019-01-22 14:00:00,24346.8,,,,0.946980039627
2019-01-22 14:30:00,24299.83,,1,1,0.945153119766
2019-01-22 15:00:00,24299.63,,1,,0.945145340674
2019-01-22 15:30:00,24328.47,,,,0.946267085804
2019-01-22 16:00:00,24411.16,,,,0.949483351575
2019-01-22 16:30:00,24404.48,,,,0.949223529888
2019-01-22 17:00:00,24404.48,,,,0.949223529888
2019-01-23 10:00:00,24671.81,,,,0.959621453803
2019-01-23 10:30:00,24564.06,,,,0.955430467749
2019-01-23 11:00:00,24506.89,,,,0.953206814174
2019-01-23 11:30:00,24460.66,,,,0.951408676955
2019-01-23 12:00:00,24365.63,,,,0.94771244118
2019-01-23 12:30:00,24389.95,,,,0.948658378822
2019-01-23 13:00:00,24461.56,,,,0.951443682871
2019-01-23 13:30:00,24453.97,,,,0.951148466313
2019-01-23 14:00:00,24495.18,,,,0.952751348311
2019-01-23 14:30:00,24533.34,,,,0.95423559915
2019-01-23 15:00:00,24498.94,,,,0.952897595249
2019-01-23 15:30:00,24574.27,,,,0.955827590418
2019-01-23 16:00:00,24575.36,,,,0.955869986472
2019-01-23 16:30:00,24575.62,,,,0.955880099292
2019-01-23 17:00:00,24575.62,,,,0.955880099292
2019-01-24 10:00:00,24495.74,,,,0.95277312977
2019-01-24 10:30:00,24617.53,,,,0.957510208114
2019-01-24 11:00:00,24554.41,,,,0.955055126539
2019-01-24 11:30:00,24528.13,,,,0.954032953791
2019-01-24 12:00:00,24594.02,,,,0.956595775797
2019-01-24 12:30:00,24525.47,,,,0.953929491862
2019-01-24 13:00:00,24496.5,,,,0.952802690321
2019-01-24 13:30:00,24442.31,,,,0.950694945224
2019-01-24 14:00:00,24485.45,,,,0.952372895464
2019-01-24 14:30:00,24497.12,,,,0.952826805508
2019-01-24 15:00:00,24530.22,,,,0.954114245307
2019-01-24 15:30:00,24542.83,,,,0.954604717086
2019-01-24 16:00:00,24554.43,,,,0.955055904448
2019-01-24 16:30:00,24553.24,,,,0.955009618848
2019-01-24 17:00:00,24553.24,,,,0.955009618848
2019-01-25 10:00:00,24767.08,1,,1,0.963327024489
2019-01-25 10:30:00,24819.79,1,,,0.965377204303
2019-01-25 11:00:00,24838.89,1,,1,0.966120107632
2019-01-25 11:30:00,24765.62,,,,0.963270237115
2019-01-25 12:00:00,24790.37,,,,0.964232899805
2019-01-25 12:30:00,24813.01,,,,0.965113493069
2019-01-25 13:00:00,24723.38,,,,0.96162729279
2019-01-25 13:30:00,24751.29,,,,0.962712865141
2019-01-25 14:00:00,24758.26,,,,0.962983966513
2019-01-25 14:30:00,24708.87,,,,0.961062919633
2019-01-25 15:00:00,24741.64,,,,0.96233752393
2019-01-25 15:30:00,24708.59,,,,0.961052028904
2019-01-25 16:00:00,24732.45,,,,0.961980074633
2019-01-25 16:30:00,24737.2,,,,0.962164828078
2019-01-25 17:00:00,24737.2,,,,0.962164828078
2019-01-28 10:00:00,24392.92,,1,,0.948773898344
2019-01-28 10:30:00,24442.7,,,,0.950710114454
2019-01-28 11:00:00,24408.98,,,,0.949398559468
2019-01-28 11:30:00,24423.81,,,,0.949975379172
2019-01-28 12:00:00,24343.45,,1,1,0.946849739828
2019-01-28 12:30:00,24391.25,,,,0.948708942922
2019-01-28 13:00:00,24372.68,,,,0.947986654189
2019-01-28 13:30:00,24437.7,,,,0.950515637143
2019-01-28 14:00:00,24465.84,,,,0.95161015545
2019-01-28 14:30:00,24442.31,,,,0.950694945224
2019-01-28 15:00:00,24496.18,,,,0.952790243773
2019-01-28 15:30:00,24499.0,,,,0.952899928977
2019-01-28 16:00:00,24531.21,,,,0.954152751815
2019-01-28 16:30:00,24528.22,,,,0.954036454383
2019-01-28 18:00:00,24528.22,,,,0.954036454383
2019-01-29 10:00:00,24635.09,,,,0.958193212431
2019-01-29 10:30:00,24660.33,,,,0.959174933897
2019-01-29 11:00:00,24524.85,,,,0.953905376675
2019-01-29 11:30:00,24565.17,,,,0.955473641712
2019-01-29 12:00:00,24617.52,,,,0.957509819159
2019-01-29 12:30:00,24637.84,,,,0.958300174952
2019-01-29 13:00:00,24609.74,,,,0.957207212463
2019-01-29 13:30:00,24617.66,,,,0.957515264524
2019-01-29 14:00:00,24629.15,,,,0.957962173385
2019-01-29 14:30:00,24579.29,,,,0.956022845639
2019-01-29 15:00:00,24534.36,,,,0.954275272521
2019-01-29 15:30:00,24588.77,,,,0.956391574621
2019-01-29 16:00:00,24578.81,,,,0.956004175817
2019-01-29 16:30:00,24579.96,,,,0.956048905598
2019-01-29 17:00:00,24579.96,,,,0.956048905598
2019-01-30 10:00:00,24810.01,1,,,0.964996806683
2019-01-30 10:30:00,24852.02,1,,1,0.96663080505
2019-01-30 11:00:00,24856.38,1,,,0.966800389266
2019-01-30 11:30:00,24904.86,1,,1,0.968686041274
2019-01-30 12:00:00,24928.3,1,,,0.969597750909
2019-01-30 12:30:00,24939.9,1,,1,0.970048938271
2019-01-30 13:00:00,24906.71,,,,0.968757997879
2019-01-30 13:30:00,24865.27,,,,0.967146169925
2019-01-30 14:00:00,24841.79,,,,0.966232904472
2019-01-30 14:30:00,25007.94,1,,,0.97269538552
2019-01-30 15:00:00,25106.73,1,,1,0.976537868233
2019-01-30 15:30:00,25002.99,,,,0.972502852982
2019-01-30 16:00:00,25014.6,,,,0.972954429299
2019-01-30 16:30:00,25014.86,,,,0.972964542119
2019-01-30 17:00:00,25014.86,,,,0.972964542119
2019-01-31 10:00:00,24881.86,,,,0.967791445643
2019-01-31 10:30:00,24958.88,,,,0.970787174144
2019-01-31 11:00:00,24941.15,,,,0.970097557598
2019-01-31 11:30:00,24948.89,,,,0.970398608476
2019-01-31 12:00:00,25032.41,,,,0.973647157481
2019-01-31 12:30:00,24981.71,,,,0.971675157546
2019-01-31 13:00:00,24962.6,,,,0.970931865263
2019-01-31 13:30:00,24947.43,,,,0.970341821101
2019-01-31 14:00:00,24976.2,,,,0.971460843549
2019-01-31 14:30:00,24952.81,,,,0.970551078688
2019-01-31 15:00:00,24972.45,,,,0.971314985566
2019-01-31 15:30:00,24964.32,,,,0.970998765458
2019-01-31 16:00:00,25009.37,,,,0.972751006031
2019-01-31 16:30:00,24999.67,,,,0.972373720048
2019-01-31 17:30:00,24999.67,,,,0.972373720048
2019-02-01 10:00:00,25050.66,,,,0.974356999666
2019-02-01 10:30:00,25174.32,1,,,0.979166812525
2019-02-01 11:00:00,25094.84,,,,0.976075401187
2019-02-01 11:30:00,25142.7,,,,0.977936938009
2019-02-01 12:00:00,25174.24,,,,0.979163700888
2019-02-01 12:30:00,25091.68,,,,0.975952491527
2019-02-01 13:00:00,25107.99,,,,0.976586876515
2019-02-01 13:30:00,25086.7,,,,0.975758792125
2019-02-01 14:00:00,25072.96,,,,0.975224368474
2019-02-01 14:30:00,25018.54,,,,0.97310767742
2019-02-01 15:00:00,25003.33,,,,0.972516077439
2019-02-01 15:30:00,25029.14,,,,0.973519969319
2019-02-01 16:00:00,25061.45,,,,0.974776681704
2019-02-01 16:30:00,25063.89,,,,0.974871586631
2019-02-01 17:30:00,25063.89,,,,0.974871586631
2019-02-04 10:00:00,25041.56,,,,0.97400305096
2019-02-04 10:30:00,24989.98,,,,0.971996823019
2019-02-04 11:00:00,25015.17,,,,0.972976599712
2019-02-04 11:30:00,25046.74,,,,0.974204529454
2019-02-04 12:00:00,25077.2,,,,0.975389285234
2019-02-04 12:30:00,25082.85,,,,0.975609044595
2019-02-04 13:00:00,25087.73,,,,0.975798854451
2019-02-04 13:30:00,25101.83,,,,0.976347280468
2019-02-04 14:00:00,25151.67,,,,0.978285830305
2019-02-04 14:30:00,25159.99,,,,0.978609440551
2019-02-04 15:00:00,25175.92,1,,1,0.979229045264
2019-02-04 15:30:00,25164.75,,,,0.978794582951
2019-02-04 16:00:00,25237.91,1,,,0.981640174967
2019-02-04 16:30:00,25239.37,1,,1,0.981696962342
2019-02-04 17:30:00,25239.37,,,,0.981696962342
2019-02-05 10:00:00,25377.24,1,,,0.987059479719
2019-02-05 10:30:00,25365.17,,,,0.98659001149
2019-02-05 11:00:00,25410.91,1,,1,0.988369089932
2019-02-05 11:30:00,25362.64,,,,0.98649160597
2019-02-05 12:00:00,25399.8,,,,0.987936961346
2019-02-05 12:30:00,25360.36,,,,0.986402924316
2019-02-05 13:00:00,25312.68,,,,0.984548388678
2019-02-05 13:30:00,25343.84,,,,0.985760371281
2019-02-05 14:00:00,25339.08,,,,0.98557522888
2019-02-05 14:30:00,25392.18,,,,0.987640577924
2019-02-05 15:00:00,25400.45,,,,0.987962243397
2019-02-05 15:30:00,25412.19,1,,,0.988418876123
2019-02-05 16:00:00,25405.02,,,,0.988139995659
2019-02-05 16:30:00,25411.52,,,,0.988392816164
2019-02-05 18:00:00,25411.52,,,,0.988392816164
2019-02-06 10:00:00,25351.28,,,,0.986049753519
2019-02-06 10:30:00,25344.23,,,,0.985775540511
2019-02-06 11:00:00,25417.09,1,,1,0.988609463888
2019-02-06 11:30:00,25393.69,,,,0.987699310072
2019-02-06 12:00:00,25382.97,,,,0.987282350717
2019-02-06 12:30:00,25395.87,,,,0.98778410218
2019-02-06 13:00:00,25402.9,,,,0.988057537279
2019-02-06 13:30:00,25416.16,,,,0.988573291108
2019-02-06 14:00:00,25406.91,,,,0.988213508083
2019-02-06 14:30:00,25386.92,,,,0.987435987793
2019-02-06 15:00:00,25392.81,,,,0.987665082066
2019-02-06 15:30:00,25403.24,,,,0.988070761737
2019-02-06 16:00:00,25388.84,,,,0.987510667081
2019-02-06 16:30:00,25390.3,,,,0.987567454455
2019-02-06 17:30:00,25390.3,,,,0.987567454455
2019-02-07 10:00:00,25226.26,,1,,0.981187042832
2019-02-07 10:30:00,25294.05,,,,0.983823766216
2019-02-07 11:00:00,25159.48,,1,1,0.978589603865
2019-02-07 11:30:00,25099.33,,1,,0.976250041813
2019-02-07 12:00:00,25025.42,,1,1,0.9733752782
2019-02-07 12:30:00,25054.18,,,,0.974493911693
2019-02-07 13:00:00,25021.54,,1,,0.973224363806
2019-02-07 13:30:00,25091.18,,,,0.975933043796
2019-02-07 14:00:00,25109.43,,,,0.976642885981
2019-02-07 14:30:00,25126.08,,,,0.977290495427
2019-02-07 15:00:00,25102.87,,,,0.976387731749
2019-02-07 15:30:00,25115.82,,,,0.976891427985
2019-02-07 16:00:00,25173.29,,,,0.979126750199
2019-02-07 16:30:00,25169.53,,,,0.978980503261
2019-02-07 17:00:00,25169.53,,,,0.978980503261
2019-02-08 10:00:00,24988.68,,1,1,0.971946258918
2019-02-08 10:30:00,24960.13,,1,,0.970835793471
2019-02-08 11:00:00,24931.73,,1,1,0.969731162344
2019-02-08 11:30:00,24914.21,,1,,0.969049713846
2019-02-08 12:00:00,24952.74,,,,0.970548356005
2019-02-08 12:30:00,24960.77,,,,0.970860686567
2019-02-08 13:00:00,24979.45,,,,0.971587253801
2019-02-08 13:30:00,24988.39,,,,0.971934979234
2019-02-08 14:00:00,25007.33,,,,0.972671659288
2019-02-08 14:30:00,25027.43,,,,0.973453458079
2019-02-08 15:00:00,25005.49,,,,0.972600091638
2019-02-08 15:30:00,25026.83,,,,0.973430120802
2019-02-08 16:00:00,25103.89,,,,0.97642740512
2019-02-08 16:30:00,25106.33,,,,0.976522310048
2019-02-08 17:30:00,25106.33,,,,0.976522310048
2019-02-11 10:00:00,25112.75,,,,0.976772018916
2019-02-11 10:30:00,25073.24,,,,0.975235259203
2019-02-11 11:00:00,25081.07,,,,0.975539810672
2019-02-11 11:30:00,25083.78,,,,0.975645217375
2019-02-11 12:00:00,25071.86,,,,0.975181583465
2019-02-11 12:30:00,25095.12,,,,0.976086291917
2019-02-11 13:00:00,25090.84,,,,0.975919819338
2019-02-11 13:30:00,25062.57,,,,0.974820244621
2019-02-11 14:00:00,25053.01,,,,0.974448404002
2019-02-11 14:30:00,25037.03,,,,0.973826854516
2019-02-11 15:00:00,25031.86,,,,0.973625764977
2019-02-11 15:30:00,25058.59,,,,0.974665440682
2019-02-11 16:00:00,25054.7,,,,0.974514137334
2019-02-11 16:30:00,25053.11,,,,0.974452293549
2019-02-11 17:00:00,25053.11,,,,0.974452293549
2019-02-12 10:00:00,25295.49,1,,1,0.983879775682
2019-02-12 10:30:00,25276.76,,,,0.983151263675
2019-02-12 11:00:00,25325.07,1,,,0.985030303455
2019-02-12 11:30:00,25369.93,1,,1,0.98677515389
2019-02-12 12:00:00,25393.22,1,,,0.987681029205
2019-02-12 12:30:00,25376.63,,,,0.987035753487
2019-02-12 13:00:00,25377.48,,,,0.98706881463
2019-02-12 13:30:00,25410.76,1,,1,0.988363255612
2019-02-12 14:00:00,25455.05,1,,,0.990085935634
2019-02-12 14:30:00,25428.39,,,,0.989048982611
2019-02-12 15:00:00,25417.36,,,,0.988619965663
2019-02-12 15:30:00,25435.07,,,,0.989308804299
2019-02-12 16:00:00,25417.93,,,,0.988642136077
2019-02-12 16:30:00,25425.76,,,,0.988946687546
2019-02-12 17:00:00,25425.76,,,,0.988946687546
2019-02-13 10:00:00,25573.5,1,,1,0.994693103134
2019-02-13 10:30:00,25585.57,1,,,0.995162571363
2019-02-13 11:00:00,25598.04,1,,1,0.995647597777
2019-02-13 11:30:00,25527.38,,,,0.992899244417
2019-02-13 12:00:00,25535.16,,,,0.993201851113
2019-02-13 12:30:00,25501.97,,,,0.991910910722
2019-02-13 13:00:00,25510.16,,,,0.992229464557
2019-02-13 13:30:00,25517.66,,,,0.992521180524
2019-02-13 14:00:00,25513.31,,,,0.992351985263
2019-02-13 14:30:00,25532.51,,,,0.993098778138
2019-02-13 15:00:00,25571.35,,,,0.994609477891
2019-02-13 15:30:00,25590.68,,,,0.995361327175
2019-02-13 16:00:00,25537.54,,,,0.993294422313
2019-02-13 16:30:00,25543.27,,,,0.993517293311
2019-02-13 17:00:00,25543.27,,,,0.993517293311
2019-02-14 10:00:00,25387.33,,1,,0.987451934933
2019-02-14 10:30:00,25439.2,,,,0.989469442558
2019-02-14 11:00:00,25413.83,,,,0.988482664681
2019-02-14 11:30:00,25382.44,,1,1,0.987261736122
2019-02-14 12:00:00,25434.9,,,,0.98930219207
2019-02-14 12:30:00,25514.39,,,,0.992393992362
2019-02-14 13:00:00,25508.42,,,,0.992161786453
2019-02-14 13:30:00,25517.36,,,,0.992509511885
2019-02-14 14:00:00,25513.82,,,,0.992371821949
2019-02-14 14:30:00,25527.19,,,,0.992891854279
2019-02-14 15:00:00,25493.92,,,,0.991597802251
2019-02-14 15:30:00,25489.56,,,,0.991428218036
2019-02-14 16:00:00,25438.95,,,,0.989459718692
2019-02-14 16:30:00,25439.39,,,,0.989476832696
2019-02-14 17:00:00,25439.39,,,,0.989476832696
2019-02-15 10:00:00,25727.43,1,,,1.00068028163
2019-02-15 10:30:00,25771.47,1,,1,1.00239323779
2019-02-15 11:00:00,25750.76,,,,1.00158771277
2019-02-15 11:30:00,25782.27,1,,,1.00281330878
2019-02-15 12:00:00,25799.37,1,,1,1.00347842119
2019-02-15 12:30:00,25790.8,,,,1.00314508708
2019-02-15 13:00:00,25782.68,,,,1.00282925592
2019-02-15 13:30:00,25750.48,,,,1.00157682204
2019-02-15 14:00:00,25776.9,,,,1.00260444015
2019-02-15 14:30:00,25792.76,,,,1.00322132218
2019-02-15 15:00:00,25825.31,1,,,1.00448736948
2019-02-15 15:30:00,25800.44,,,,1.00352003933
2019-02-15 16:00:00,25882.3,1,,1,1.00670402187
2019-02-15 16:30:00,25883.25,1,,,1.00674097256
2019-02-15 17:00:00,25883.25,,,,1.00674097256
2019-02-19 10:00:00,25875.75,,,,1.00644925659
2019-02-19 10:30:00,25873.97,,,,1.00638002267
2019-02-19 11:00:00,25836.67,,,,1.00492922193
2019-02-19 11:30:00,25850.47,,,,1.00546597931
2019-02-19 12:00:00,25937.48,1,,1,1.00885027347
2019-02-19 12:30:00,25917.06,,,,1.00805602814
2019-02-19 13:00:00,25915.45,,,,1.00799340644
2019-02-19 13:30:00,25905.52,,,,1.0076071745
2019-02-19 14:00:00,25906.35,,,,1.00763945774
2019-02-19 14:30:00,25926.21,,,,1.00841192161
2019-02-19 15:00:00,25955.88,1,,,1.00956594998
2019-02-19 15:30:00,25935.4,,,,1.00876937091
2019-02-19 16:00:00,25891.94,,,,1.00707897412
2019-02-19 16:30:00,25891.32,,,,1.00705485894
2019-02-19 17:30:00,25891.32,,,,1.00705485894
2019-02-20 10:00:00,25913.33,,,,1.00791094806
2019-02-20 10:30:00,25920.29,,,,1.00818166048
2019-02-20 11:00:00,25899.13,,,,1.0073586325
2019-02-20 11:30:00,25910.75,,,,1.00781059777
2019-02-20 12:00:00,25921.27,,,,1.00821977803
2019-02-20 12:30:00,25862.05,,,,1.00591638876
2019-02-20 13:00:00,25879.09,,,,1.00657916743
2019-02-20 13:30:00,25935.27,,,,1.0087643145
2019-02-20 14:00:00,25945.48,,,,1.00916143717
2019-02-20 14:30:00,25897.05,,,,1.00727772994
2019-02-20 15:00:00,25961.25,1,,1,1.00977481861
2019-02-20 15:30:00,25949.77,,,,1.0093282987
2019-02-20 16:00:00,25957.9,,,,1.00964451881
2019-02-20 16:30:00,25954.44,,,,1.00950994051
2019-02-20 17:30:00,25954.44,,,,1.00950994051
2019-02-21 10:00:00,25875.89,,,,1.00645470196
2019-02-21 10:30:00,25843.59,,1,,1.00519837853
2019-02-21 11:00:00,25843.39,,1,1,1.00519059943
2019-02-21 11:30:00,25836.85,,1,,1.00493622311
2019-02-21 12:00:00,25894.12,,,,1.00716376623
2019-02-21 12:30:00,25880.15,,,,1.00662039662
2019-02-21 13:00:00,25907.63,,,,1.00768924393
2019-02-21 13:30:00,25878.33,,,,1.00654960688
2019-02-21 14:00:00,25879.41,,,,1.00659161398
2019-02-21 14:30:00,25820.84,,1,1,1.00431350676
2019-02-21 15:00:00,25783.35,,1,,1.00285531588
2019-02-21 15:30:00,25799.78,,,,1.00349436833
2019-02-21 16:00:00,25849.72,,,,1.00543680771
2019-02-21 16:30:00,25850.63,,,,1.00547220258
2019-02-21 17:00:00,25850.63,,,,1.00547220258
2019-02-22 10:00:00,25959.0,,,,1.00968730382
2019-02-22 10:30:00,25967.99,1,,1,1.01003697403
2019-02-22 11:00:00,26000.72,1,,,1.0113100225
2019-02-22 11:30:00,26039.63,1,,1,1.01282344494
2019-02-22 12:00:00,26036.53,,,,1.01270286901
2019-02-22 12:30:00,26023.04,,,,1.01217816922
2019-02-22 13:00:00,26015.01,,,,1.01186583866
2019-02-22 13:30:00,26001.67,,,,1.01134697319
2019-02-22 14:00:00,26005.22,,,,1.01148505208
2019-02-22 14:30:00,25989.62,,,,1.01087828287
2019-02-22 15:00:00,25932.86,,,,1.00867057644
2019-02-22 15:30:00,25998.14,,,,1.01120967221
2019-02-22 16:00:00,26029.94,,,,1.01244654791
2019-02-22 16:30:00,26031.81,,,,1.01251928243
2019-02-22 17:00:00,26031.81,,,,1.01251928243
2019-02-25 10:00:00,26194.17,1,,,1.01883434967
2019-02-25 10:30:00,26166.87,,,,1.01777250355
2019-02-25 11:00:00,26238.14,1,,1,1.02054458315
2019-02-25 11:30:00,26201.15,,,,1.01910584
2019-02-25 12:00:00,26213.58,,,,1.01958931059
2019-02-25 12:30:00,26189.24,,,,1.01864259504
2019-02-25 13:00:00,26166.71,,,,1.01776628028
2019-02-25 13:30:00,26147.93,,,,1.0170358235
2019-02-25 14:00:00,26156.93,,,,1.01738588266
2019-02-25 14:30:00,26154.54,,,,1.0172929225
2019-02-25 15:00:00,26141.29,,,,1.01677755763
2019-02-25 15:30:00,26103.4,,,,1.01530380857
2019-02-25 16:00:00,26085.44,,,,1.01460524606
2019-02-25 16:30:00,26091.95,,,,1.01485845552
2019-02-25 17:00:00,26091.95,,,,1.01485845552
2019-02-26 10:00:00,26008.48,,,,1.01161185129
2019-02-26 10:30:00,26046.37,,,,1.01308560036
2019-02-26 11:00:00,25978.72,,1,,1.01045432234
2019-02-26 11:30:00,26091.67,,,,1.01484756479
2019-02-26 12:00:00,26078.58,,,,1.01433842319
2019-02-26 12:30:00,26087.96,,,,1.01470326263
2019-02-26 13:00:00,26070.1,,,,1.01400858967
2019-02-26 13:30:00,26086.81,,,,1.01465853285
2019-02-26 14:00:00,26083.49,,,,1.01452939991
2019-02-26 14:30:00,26085.3,,,,1.0145998007
2019-02-26 15:00:00,26132.19,,,,1.01642360892
2019-02-26 15:30:00,26121.7,,,,1.01601559552
2019-02-26 16:00:00,26056.37,,,,1.01347455498
2019-02-26 16:30:00,26057.98,,,,1.01353717667
2019-02-26 17:00:00,26057.98,,,,1.01353717667
2019-02-27 10:00:00,26000.38,,,,1.01129679805
2019-02-27 10:30:00,25903.35,,1,1,1.00752277135
2019-02-27 11:00:00,25911.28,,,,1.00783121236
2019-02-27 11:30:00,25942.24,,,,1.00903541587
2019-02-27 12:00:00,25961.78,,,,1.00979543321
2019-02-27 12:30:00,25973.13,,,,1.0102368967
2019-02-27 13:00:00,25981.29,,,,1.01055428367
2019-02-27 13:30:00,26020.4,,,,1.0120754852
2019-02-27 14:00:00,26004.43,,,,1.01145432467
2019-02-27 14:30:00,26000.02,,,,1.01128279568
2019-02-27 15:00:00,26003.75,,,,1.01142787576
2019-02-27 15:30:00,25982.59,,,,1.01060484777
2019-02-27 16:00:00,25987.39,,,,1.01079154599
2019-02-27 16:30:00,25985.16,,,,1.01070480911
2019-02-27 17:00:00,25985.16,,,,1.01070480911
2019-02-28 10:00:00,26013.76,,,,1.01181721933
2019-02-28 10:30:00,25960.85,,,,1.00975926043
2019-02-28 11:00:00,25941.8,,,,1.00901830187
2019-02-28 11:30:00,25950.07,,,,1.00933996734
2019-02-28 12:00:00,25958.42,,,,1.00966474445
2019-02-28 12:30:00,25978.98,,,,1.01046443516
2019-02-28 13:00:00,25985.82,,,,1.01073048012
2019-02-28 13:30:00,25951.89,,,,1.00941075708
2019-02-28 14:00:00,25964.13,,,,1.00988683754
2019-02-28 14:30:00,25968.85,,,,1.01007042412
2019-02-28 15:00:00,25930.42,,1,,1.00857567151
2019-02-28 15:30:00,25945.27,,,,1.00915326912
2019-02-28 16:00:00,25913.35,,1,1,1.00791172597
2019-02-28 16:30:00,25916.0,,,,1.00801479895
2019-02-28 17:00:00,25916.0,,,,1.00801479895
2019-03-01 10:00:00,26124.45,1,,,1.01612255805
2019-03-01 10:30:00,26012.31,,,,1.01176082091
2019-03-01 11:00:00,26007.33,,,,1.01156712151
2019-03-01 11:30:00,25974.53,,,,1.01029135035
2019-03-01 12:00:00,25938.48,,,,1.00888916894
2019-03-01 12:30:00,25979.6,,,,1.01048855034
2019-03-01 13:00:00,25987.53,,,,1.01079699136
2019-03-01 13:30:00,25985.87,,,,1.01073242489
2019-03-01 14:00:00,25987.26,,,,1.01078648958
2019-03-01 14:30:00,26044.95,,,,1.0130303688
2019-03-01 15:00:00,26025.05,,,,1.0122563491
2019-03-01 15:30:00,26025.32,,,,1.01226685088
2019-03-01 16:00:00,26027.33,,,,1.01234503075
2019-03-01 16:30:00,26026.32,,,,1.01230574634
2019-03-01 17:00:00,26026.32,,,,1.01230574634
2019-03-04 10:00:00,26093.5,,,,1.01491874349
2019-03-04 10:30:00,26081.47,,,,1.01445083108
2019-03-04 11:00:00,25998.72,,,,1.01123223158
2019-03-04 11:30:00,25906.26,,1,1,1.00763595714
2019-03-04 12:00:00,25729.2,,1,,1.0007491266
2019-03-04 12:30:00,25700.54,,1,1,0.999634382655
2019-03-04 13:00:00,25656.06,,1,,0.997904312495
2019-03-04 13:30:00,25698.39,,,,0.999550757411
2019-03-04 14:00:00,25744.84,,,,1.00135745163
2019-03-04 14:30:00,25805.58,,,,1.00371996201
2019-03-04 15:00:00,25774.39,,,,1.00250681254
2019-03-04 15:30:00,25776.94,,,,1.00260599597
2019-03-04 16:00:00,25825.71,,,,1.00450292766
2019-03-04 16:30:00,25819.65,,,,1.00426722116
2019-03-04 17:30:00,25819.65,,,,1.00426722116
2019-03-05 10:00:00,25755.46,,,,1.00177052144
2019-03-05 10:30:00,25755.32,,,,1.00176507608
2019-03-05 11:00:00,25765.06,,,,1.00214391788
2019-03-05 11:30:00,25824.65,,,,1.00446169847
2019-03-05 12:00:00,25821.21,,,,1.00432789808
2019-03-05 12:30:00,25815.47,,,,1.00410463813
2019-03-05 13:00:00,25835.1,,,,1.00486815605
2019-03-05 13:30:00,25800.02,,,,1.00350370324
2019-03-05 14:00:00,25815.97,,,,1.00412408586
2019-03-05 14:30:00,25845.05,1,,1,1.0052551659
2019-03-05 15:00:00,25857.61,1,,,1.00574369291
2019-03-05 15:30:00,25834.6,,,,1.00484870832
2019-03-05 16:00:00,25808.42,,,,1.00383042512
2019-03-05 16:30:00,25806.63,,,,1.00376080224
2019-03-05 17:30:00,25806.63,,,,1.00376080224
2019-03-06 10:00:00,25789.19,,,,1.00308246538
2019-03-06 10:30:00,25746.76,,1,1,1.00143213092
2019-03-06 11:00:00,25732.82,,1,,1.00088992818
2019-03-06 11:30:00,25718.71,,1,1,1.0003411132
2019-03-06 12:00:00,25670.05,,1,,0.998448460012
2019-03-06 12:30:00,25665.62,,1,1,0.998276153114
2019-03-06 13:00:00,25649.43,,1,,0.997646435581
2019-03-06 13:30:00,25648.34,,1,1,0.997604039527
2019-03-06 14:00:00,25707.56,,,,0.9999074288
2019-03-06 14:30:00,25702.21,,,,0.999699338077
2019-03-06 15:00:00,25692.54,,,,0.999323218957
2019-03-06 15:30:00,25673.03,,,,0.998564368489
2019-03-06 16:00:00,25675.81,,,,0.998672497874
2019-03-06 16:30:00,25673.46,,,,0.998581093538
2019-03-06 18:00:00,25673.46,,,,0.998581093538
2019-03-07 10:00:00,25458.84,,1,,0.990233349436
2019-03-07 10:30:00,25412.83,,1,1,0.988443769219
2019-03-07 11:00:00,25436.84,,,,0.989377649267
2019-03-07 11:30:00,25435.31,,,,0.98931813921
2019-03-07 12:00:00,25464.04,,,,0.99043560584
2019-03-07 12:30:00,25477.35,,,,0.990953304442
2019-03-07 13:00:00,25544.52,,,,0.993565912639
2019-03-07 13:30:00,25531.77,,,,0.993069995496
2019-03-07 14:00:00,25516.34,,,,0.992469838514
2019-03-07 14:30:00,25476.65,,,,0.990926077618
2019-03-07 15:00:00,25417.88,,,,0.988640191303
2019-03-07 15:30:00,25415.6,,,,0.98855150965
2019-03-07 16:00:00,25468.07,,,,0.990592354552
2019-03-07 16:30:00,25473.23,,,,0.990793055137
2019-03-07 17:30:00,25473.23,,,,0.990793055137
2019-03-08 10:00:00,25301.07,,1,,0.984096812361
2019-03-08 10:30:00,25325.95,,,,0.985064531461
2019-03-08 11:00:00,25344.21,,,,0.985774762602
2019-03-08 11:30:00,25376.53,,,,0.987031863941
2019-03-08 12:00:00,25341.19,,,,0.985657298306
2019-03-08 12:30:00,25340.01,,,,0.98561140166
2019-03-08 13:00:00,25284.75,,1,1,0.983462038418
2019-03-08 13:30:00,25307.09,,,,0.984330963044
2019-03-08 14:00:00,25331.21,,,,0.985269121593
2019-03-08 14:30:00,25343.51,,,,0.985747535778
2019-03-08 15:00:00,25372.34,,,,0.986868891954
2019-03-08 15:30:00,25348.46,,,,0.985940068316
2019-03-08 16:00:00,25450.1,,,,0.989893403096
2019-03-08 16:30:00,25450.24,,,,0.989898848461
2019-03-08 17:00:00,25450.24,,,,0.989898848461
2019-03-11 10:00:00,25392.53,,,,0.987654191336
2019-03-11 10:30:00,25435.41,,,,0.989322028756
2019-03-11 11:00:00,25527.7,1,,,0.992911690965
2019-03-11 11:30:00,25547.16,1,,1,0.99366859666
2019-03-11 12:00:00,25552.61,1,,,0.993880576929
2019-03-11 12:30:00,25528.42,,,,0.992939695697
2019-03-11 13:00:00,25529.2,,,,0.992970034158
2019-03-11 13:30:00,25600.54,1,,1,0.995744836433
2019-03-11 14:00:00,25611.13,1,,,0.996156739378
2019-03-11 14:30:00,25623.42,1,,1,0.996634764609
2019-03-11 15:00:00,25617.14,,,,0.996390501106
2019-03-11 15:30:00,25618.64,,,,0.996448844299
2019-03-11 16:00:00,25654.58,1,,,0.997846747211
2019-03-11 16:30:00,25650.88,,,,0.997702834001
2019-03-11 17:00:00,25650.88,,,,0.997702834001
2019-03-12 10:00:00,25608.86,,,,0.996068446679
2019-03-12 10:30:00,25641.34,,,,0.997331771292
2019-03-12 11:00:00,25614.71,,,,0.996295985133
2019-03-12 11:30:00,25555.04,,,,0.993975092902
2019-03-12 12:00:00,25606.25,,,,0.995966929522
2019-03-12 12:30:00,25579.6,,,,0.994930365454
2019-03-12 13:00:00,25559.0,,,,0.994129118932
2019-03-12 13:30:00,25558.49,,,,0.994109282246
2019-03-12 14:00:00,25576.68,,,,0.994816790704
2019-03-12 14:30:00,25583.58,,,,0.995085169394
2019-03-12 15:00:00,25590.87,,,,0.995368717313
2019-03-12 15:30:00,25561.42,,,,0.994223245951
2019-03-12 16:00:00,25559.25,,,,0.994138842798
2019-03-12 16:30:00,25554.66,,1,1,0.993960312626
2019-03-12 19:00:00,25554.66,,,,0.993960312626
2019-03-13 10:00:00,25685.64,1,,,0.999054840268
2019-03-13 10:30:00,25667.04,,,,0.998331384671
2019-03-13 11:00:00,25689.02,1,,1,0.99918630693
2019-03-13 11:30:00,25752.04,1,,,1.00163749896
2019-03-13 12:00:00,25725.59,,,,1.00060871398
2019-03-13 12:30:00,25708.5,,,,0.999943990534
2019-03-13 13:00:00,25728.29,,,,1.00071373173
2019-03-13 13:30:00,25736.0,,,,1.00101361575
2019-03-13 14:00:00,25735.67,,,,1.00100078024
2019-03-13 14:30:00,25715.58,,,,1.00021937041
2019-03-13 15:00:00,25652.08,,,,0.997749508556
2019-03-13 15:30:00,25665.5,,,,0.998271485659
2019-03-13 16:00:00,25703.57,,,,0.999752235906
2019-03-13 16:30:00,25702.89,,,,0.999725786991
2019-03-13 17:00:00,25702.89,,,,0.999725786991
2019-03-14 10:00:00,25698.05,,,,0.999537532954
2019-03-14 10:30:00,25659.56,,,,0.998040446613
2019-03-14 11:00:00,25693.69,,,,0.999367948739
2019-03-14 11:30:00,25700.84,,,,0.999646051294
2019-03-14 12:00:00,25731.43,,,,1.00083586348
2019-03-14 12:30:00,25721.79,,,,1.00046091123
2019-03-14 13:00:00,25714.82,,,,1.00018980986
2019-03-14 13:30:00,25713.58,,,,1.00014157948
2019-03-14 14:00:00,25693.31,,,,0.999353168463
2019-03-14 14:30:00,25702.07,,,,0.999693892712
2019-03-14 15:00:00,25698.81,,,,0.999567093505
2019-03-14 15:30:00,25713.64,,,,1.00014391321
2019-03-14 16:00:00,25712.91,,,,1.00011551952
2019-03-14 16:30:00,25709.94,,,,1.0
