Date,Price,BuySignal,SellSignal,ExitSignal
2018-12-14 17:00:00,24100.51,,,
2018-12-17 10:00:00,23907.1,,,
2018-12-17 10:30:00,23923.4,,,
2018-12-17 11:00:00,23973.72,,,
2018-12-17 11:30:00,24022.26,,,
2018-12-17 12:00:00,24067.29,,,
2018-12-17 12:30:00,24016.26,,,
2018-12-17 13:00:00,23831.0,,,
2018-12-17 13:30:00,23826.99,,,
2018-12-17 14:00:00,23728.46,,,
2018-12-17 14:30:00,23698.46,,,
2018-12-17 15:00:00,23676.79,,,
2018-12-17 15:30:00,23570.8,,,
2018-12-17 16:00:00,23594.3,,,
2018-12-17 16:30:00,23592.98,,,
2018-12-17 17:00:00,23592.98,,,
2018-12-18 10:00:00,23906.04,,,
2018-12-18 10:30:00,23890.53,1,,
2018-12-18 11:00:00,23790.6,,,
2018-12-18 11:30:00,23771.21,,,
2018-12-18 12:00:00,23813.15,,,
2018-12-18 12:30:00,23867.4,,,
2018-12-18 13:00:00,23896.54,,,
2018-12-18 13:30:00,23831.33,,,
2018-12-18 14:00:00,23758.77,,,
2018-12-18 14:30:00,23767.55,,1,
2018-12-18 15:00:00,23566.94,,,
2018-12-18 15:30:00,23591.43,,,
2018-12-18 16:00:00,23676.48,,,
2018-12-18 16:30:00,23675.64,,,
2018-12-18 17:00:00,23675.64,,,
2018-12-19 10:00:00,23808.36,,,
2018-12-19 10:30:00,23870.33,1,,
2018-12-19 11:00:00,23901.22,,,
2018-12-19 11:30:00,23855.19,,,
2018-12-19 12:00:00,23907.84,,,
2018-12-19 12:30:00,23974.23,,,1
2018-12-19 13:00:00,23928.69,,,1
2018-12-19 13:30:00,23873.07,,,
2018-12-19 14:00:00,24025.55,,,
2018-12-19 14:30:00,23797.82,,,
2018-12-19 15:00:00,23428.58,,1,
2018-12-19 15:30:00,23275.19,,,
2018-12-19 16:00:00,23322.71,,,
2018-12-19 16:30:00,23323.66,,,
2018-12-19 17:00:00,23323.66,,,
2018-12-20 10:00:00,23194.22,,,
2018-12-20 10:30:00,23171.95,,,
2018-12-20 11:00:00,23191.73,,,
2018-12-20 11:30:00,23080.58,,,
2018-12-20 12:00:00,22946.43,,,
2018-12-20 12:30:00,23065.03,,,
2018-12-20 13:00:00,22973.28,,,
2018-12-20 13:30:00,22919.54,,,
2018-12-20 14:00:00,22834.68,,,
2018-12-20 14:30:00,22869.01,,,
2018-12-20 15:00:00,22922.18,,,
2018-12-20 15:30:00,22898.45,,,
2018-12-20 16:00:00,22860.14,,,
2018-12-20 16:30:00,22859.6,,,
2018-12-20 17:30:00,22859.6,,,
2018-12-21 10:00:00,22975.02,,,
2018-12-21 10:30:00,23148.51,1,,
2018-12-21 11:00:00,23021.08,,,
2018-12-21 11:30:00,23007.76,,,
2018-12-21 12:00:00,22856.27,,,
2018-12-21 12:30:00,22713.73,,,
2018-12-21 13:00:00,22707.28,,1,
2018-12-21 13:30:00,22733.09,,,
2018-12-21 14:00:00,22699.5,,,
2018-12-21 14:30:00,22650.99,,,
2018-12-21 15:00:00,22637.33,,,
2018-12-21 15:30:00,22452.85,,,
2018-12-21 16:00:00,22439.81,,,
2018-12-21 16:30:00,22445.37,,,
2018-12-21 17:30:00,22445.37,,,
2018-12-24 10:00:00,22119.2,,,
2018-12-24 10:30:00,22120.69,,,
2018-12-24 11:00:00,22208.2,,,
2018-12-24 11:30:00,22036.53,,,
2018-12-24 12:00:00,22003.89,,,
2018-12-24 12:30:00,21985.61,,,
2018-12-24 13:00:00,21809.3,,,
2018-12-24 13:30:00,21792.2,,,
2018-12-24 14:30:00,21792.2,,,
2018-12-24 15:00:00,21792.2,,,
2018-12-26 10:00:00,21869.88,,,
2018-12-26 10:30:00,21803.58,,,
2018-12-26 11:00:00,21729.73,,,
2018-12-26 11:30:00,21965.82,,,
2018-12-26 12:00:00,22129.61,,,
2018-12-26 12:30:00,22195.14,1,,
2018-12-26 13:00:00,22328.15,,,
2018-12-26 13:30:00,22228.72,,,
2018-12-26 14:00:00,22416.45,,,
2018-12-26 14:30:00,22330.32,,,1
2018-12-26 15:00:00,22442.5,,,1
2018-12-26 15:30:00,22556.37,,,1
2018-12-26 16:00:00,22876.48,,,1
2018-12-26 16:30:00,22878.45,,,1
2018-12-26 17:00:00,22878.45,,,1
2018-12-27 10:00:00,22516.2,,,
2018-12-27 10:30:00,22388.73,,,
2018-12-27 11:00:00,22474.51,,,
2018-12-27 11:30:00,22607.53,,1,
2018-12-27 12:00:00,22579.89,,,
2018-12-27 12:30:00,22448.64,,,
2018-12-27 13:00:00,22518.4,,,
2018-12-27 13:30:00,22437.11,,,
2018-12-27 14:00:00,22355.51,,,
2018-12-27 14:30:00,22322.16,,,
2018-12-27 15:00:00,22541.19,,,
2018-12-27 15:30:00,22804.46,1,,
2018-12-27 16:00:00,23134.02,,,
2018-12-27 16:30:00,23138.82,,,1
2018-12-27 17:30:00,23138.82,,,1
2018-12-28 10:00:00,23236.02,,,1
2018-12-28 10:30:00,23100.14,,,1
2018-12-28 11:00:00,23073.53,,,
2018-12-28 11:30:00,23129.18,,,
2018-12-28 12:00:00,23200.17,,,
2018-12-28 12:30:00,23185.11,,,
2018-12-28 13:00:00,23130.51,,1,
2018-12-28 13:30:00,23075.97,,,
2018-12-28 14:00:00,23149.16,,,
2018-12-28 14:30:00,23230.08,,,
2018-12-28 15:00:00,23363.04,,,
2018-12-28 15:30:00,23072.35,,,
2018-12-28 16:00:00,23052.54,,,
2018-12-28 16:30:00,23062.4,,,
2018-12-28 17:30:00,23062.4,,1,
2018-12-31 10:00:00,23263.38,1,,
2018-12-31 10:30:00,23251.37,,,
2018-12-31 11:00:00,23205.41,,,
2018-12-31 11:30:00,23200.39,,,
2018-12-31 12:00:00,23216.57,,,
2018-12-31 12:30:00,23242.25,,,
2018-12-31 13:00:00,23276.37,,,
2018-12-31 13:30:00,23327.21,,,
2018-12-31 14:00:00,23232.21,,,
2018-12-31 14:30:00,23181.81,,,
2018-12-31 15:00:00,23232.37,,,
2018-12-31 15:30:00,23237.03,,,
2018-12-31 16:00:00,23322.51,,1,
2018-12-31 16:30:00,23327.46,,,
2018-12-31 17:30:00,23327.46,,,
2019-01-02 10:00:00,23070.48,,,
2019-01-02 10:30:00,23121.45,,1,
2019-01-02 11:00:00,23217.82,,,
2019-01-02 11:30:00,23268.58,,,
2019-01-02 12:00:00,23209.13,,,
2019-01-02 12:30:00,23217.89,,,
2019-01-02 13:00:00,23327.71,1,,
2019-01-02 13:30:00,23385.06,,,1
2019-01-02 14:00:00,23412.3,,,1
2019-01-02 14:30:00,23295.03,,,
2019-01-02 15:00:00,23267.66,,,
2019-01-02 15:30:00,23236.33,,,
2019-01-02 16:00:00,23340.71,,,
2019-01-02 16:30:00,23346.24,,1,
2019-01-02 17:00:00,23346.24,,,
2019-01-03 10:00:00,23029.32,,,
2019-01-03 10:30:00,22819.91,,,
2019-01-03 11:00:00,22779.61,,,
2019-01-03 11:30:00,22773.43,,,
2019-01-03 12:00:00,22950.41,,,
2019-01-03 12:30:00,22916.08,,,
2019-01-03 13:00:00,22948.72,,,
2019-01-03 13:30:00,22823.35,,,
2019-01-03 14:00:00,22773.34,,,
2019-01-03 14:30:00,22860.06,,,
2019-01-03 15:00:00,22742.94,,,
2019-01-03 15:30:00,22730.11,,,
2019-01-03 16:00:00,22683.58,,,
2019-01-03 16:30:00,22686.22,,,
2019-01-03 17:00:00,22686.22,,,
2019-01-04 10:00:00,23147.79,1,,
2019-01-04 10:30:00,23304.69,,,
2019-01-04 11:00:00,23312.64,,,1
2019-01-04 11:30:00,23265.31,,,1
2019-01-04 12:00:00,23328.74,,,1
2019-01-04 12:30:00,23398.57,,,1
2019-01-04 13:00:00,23454.62,,,1
2019-01-04 13:30:00,23461.49,,,1
2019-01-04 14:00:00,23422.32,,,
2019-01-04 14:30:00,23433.24,,,
2019-01-04 15:00:00,23378.45,,,
2019-01-04 15:30:00,23381.65,,,
2019-01-04 16:00:00,23426.68,,,
2019-01-04 16:30:00,23433.16,,1,
2019-01-04 17:30:00,23433.16,,,
2019-01-07 10:00:00,23386.55,,,
2019-01-07 10:30:00,23407.07,,,
2019-01-07 11:00:00,23501.66,,,
2019-01-07 11:30:00,23508.87,,,
2019-01-07 12:00:00,23629.52,,,
2019-01-07 12:30:00,23609.31,,,1
2019-01-07 13:00:00,23645.62,,,1
2019-01-07 13:30:00,23664.0,,,1
2019-01-07 14:00:00,23574.92,,,1
2019-01-07 14:30:00,23569.84,,,
2019-01-07 15:00:00,23509.09,,,
2019-01-07 15:30:00,23593.72,,,
2019-01-07 16:00:00,23527.06,,1,
2019-01-07 16:30:00,23531.35,,,
2019-01-07 17:30:00,23531.35,,,
2019-01-08 10:00:00,23767.46,1,,
2019-01-08 10:30:00,23675.57,,,
2019-01-08 11:00:00,23617.29,,,
2019-01-08 11:30:00,23655.51,,,
2019-01-08 12:00:00,23686.73,,,
2019-01-08 12:30:00,23752.72,,,
2019-01-08 13:00:00,23674.86,,,
2019-01-08 13:30:00,23722.33,,,
2019-01-08 14:00:00,23772.9,,,1
2019-01-08 14:30:00,23751.6,,,1
2019-01-08 15:00:00,23764.79,,,
2019-01-08 15:30:00,23799.41,,,
2019-01-08 16:00:00,23786.21,,,
2019-01-08 16:30:00,23787.45,,,
2019-01-08 17:00:00,23787.45,,,
2019-01-09 10:00:00,23955.7,,,1
2019-01-09 10:30:00,23923.08,,,1
2019-01-09 11:00:00,23853.97,,,
2019-01-09 11:30:00,23913.04,,,
2019-01-09 12:00:00,23937.05,,,1
2019-01-09 12:30:00,23923.56,,,
2019-01-09 13:00:00,23964.05,,,
2019-01-09 13:30:00,23954.39,,,
2019-01-09 14:00:00,23917.27,,,
2019-01-09 14:30:00,23875.27,,,
2019-01-09 15:00:00,23917.58,,,
2019-01-09 15:30:00,23925.82,,1,
2019-01-09 16:00:00,23876.75,,,
2019-01-09 16:30:00,23879.12,,,
2019-01-09 17:00:00,23879.12,,,
2019-01-10 10:00:00,23740.24,,,
2019-01-10 10:30:00,23836.47,,,
2019-01-10 11:00:00,23872.43,,,
2019-01-10 11:30:00,23875.56,,,
2019-01-10 12:00:00,23924.88,1,,
2019-01-10 12:30:00,23920.13,,,
2019-01-10 13:00:00,23943.33,,,
2019-01-10 13:30:00,23859.47,,,
2019-01-10 14:00:00,23857.2,,,
2019-01-10 14:30:00,23943.29,1,,
2019-01-10 15:00:00,23928.61,,,
2019-01-10 15:30:00,23957.81,,,
2019-01-10 16:00:00,24000.93,,,1
2019-01-10 16:30:00,24001.92,,,1
2019-01-10 17:00:00,24001.92,,,1
2019-01-11 10:00:00,23850.95,,,
2019-01-11 10:30:00,23805.63,,,
2019-01-11 11:00:00,23910.79,,1,
2019-01-11 11:30:00,23890.25,,,
2019-01-11 12:00:00,23938.2,,,
2019-01-11 12:30:00,23950.01,1,,
2019-01-11 13:00:00,23960.07,,,
2019-01-11 13:30:00,23905.48,,,
2019-01-11 14:00:00,23923.87,,,
2019-01-11 14:30:00,23944.1,,,
2019-01-11 15:00:00,23924.05,,,
2019-01-11 15:30:00,23929.29,,1,
2019-01-11 16:00:00,23991.64,,,
2019-01-11 16:30:00,23995.95,,,
2019-01-11 17:00:00,23995.95,,,
2019-01-14 10:00:00,23863.94,,,
2019-01-14 10:30:00,23877.02,,,
2019-01-14 11:00:00,23897.99,,1,
2019-01-14 11:30:00,23866.67,,,
2019-01-14 12:00:00,23894.08,,,
2019-01-14 12:30:00,23938.52,,,
2019-01-14 13:00:00,23928.47,,,
2019-01-14 13:30:00,23926.55,1,,
2019-01-14 14:00:00,23920.58,,,
2019-01-14 14:30:00,23899.66,,,
2019-01-14 15:00:00,23956.05,1,,
2019-01-14 15:30:00,23926.39,,,
2019-01-14 16:00:00,23904.54,,,
2019-01-14 16:30:00,23909.84,,1,
2019-01-14 17:00:00,23909.84,,,
2019-01-15 10:00:00,23951.41,1,,
2019-01-15 10:30:00,23923.1,,,
2019-01-15 11:00:00,23997.71,,,
2019-01-15 11:30:00,23979.56,,,1
2019-01-15 12:00:00,24049.02,,,1
2019-01-15 12:30:00,24073.07,,,1
2019-01-15 13:00:00,24042.85,,,1
2019-01-15 13:30:00,24039.15,,,1
2019-01-15 14:00:00,24038.0,,,
2019-01-15 14:30:00,23941.17,,,
2019-01-15 15:00:00,23998.06,,,
2019-01-15 15:30:00,24024.76,,1,
2019-01-15 16:00:00,24063.28,,,
2019-01-15 16:30:00,24065.59,,,
2019-01-15 17:00:00,24065.59,,,
2019-01-16 10:00:00,24199.89,,,1
2019-01-16 10:30:00,24209.68,,,1
2019-01-16 11:00:00,24188.23,,,1
2019-01-16 11:30:00,24222.28,,,1
2019-01-16 12:00:00,24185.17,,,1
2019-01-16 12:30:00,24206.11,,,
2019-01-16 13:00:00,24219.28,,,
2019-01-16 13:30:00,24220.27,,,
2019-01-16 14:00:00,24235.45,,,
2019-01-16 14:30:00,24264.53,,,
2019-01-16 15:00:00,24250.88,,,
2019-01-16 15:30:00,24283.8,,,
2019-01-16 16:00:00,24202.68,,,
2019-01-16 16:30:00,24207.16,,,
2019-01-16 17:00:00,24207.16,,,
2019-01-17 10:00:00,24173.93,,1,
2019-01-17 10:30:00,24177.75,,,
2019-01-17 11:00:00,24170.57,,,
2019-01-17 11:30:00,24193.24,,,
2019-01-17 12:00:00,24197.55,,,
2019-01-17 12:30:00,24192.49,,,
2019-01-17 13:00:00,24167.95,,,
2019-01-17 13:30:00,24225.07,1,,
2019-01-17 14:00:00,24221.65,,,
2019-01-17 14:30:00,24203.69,,,
2019-01-17 15:00:00,24336.99,,,1
2019-01-17 15:30:00,24335.48,,,1
2019-01-17 16:00:00,24368.47,,,1
2019-01-17 16:30:00,24370.1,,,1
2019-01-17 17:00:00,24370.1,,,1
2019-01-18 10:00:00,24504.3,,,1
2019-01-18 10:30:00,24510.95,,,1
2019-01-18 11:00:00,24581.84,,,1
2019-01-18 11:30:00,24636.75,,,1
2019-01-18 12:00:00,24678.85,,,1
2019-01-18 12:30:00,24724.14,,,1
2019-01-18 13:00:00,24723.18,,,1
2019-01-18 13:30:00,24671.7,,,
2019-01-18 14:00:00,24701.13,,,
2019-01-18 14:30:00,24665.52,,,
2019-01-18 15:00:00,24663.54,,,
2019-01-18 15:30:00,24660.47,,,
2019-01-18 16:00:00,24708.23,,1,
2019-01-18 16:30:00,24706.35,,,
2019-01-18 17:00:00,24706.35,,,
2019-01-22 10:00:00,24555.21,,,
2019-01-22 10:30:00,24543.34,,,
2019-01-22 11:00:00,24516.23,,,
2019-01-22 11:30:00,24509.55,,,
2019-01-22 12:00:00,24389.73,,,
2019-01-22 12:30:00,24407.55,,,
2019-01-22 13:00:00,24407.97,,,
2019-01-22 13:30:00,24328.38,,,
2019-01-22 14:00:00,24346.8,,,
2019-01-22 14:30:00,24299.83,,,
2019-01-22 15:00:00,24299.63,,,
2019-01-22 15:30:00,24328.47,,,
2019-01-22 16:00:00,24411.16,,,
2019-01-22 16:30:00,24404.48,,,
2019-01-22 17:00:00,24404.48,,,
2019-01-23 10:00:00,24671.81,1,,
2019-01-23 10:30:00,24564.06,,,
2019-01-23 11:00:00,24506.89,,,
2019-01-23 11:30:00,24460.66,,,
2019-01-23 12:00:00,24365.63,,,
2019-01-23 12:30:00,24389.95,,,
2019-01-23 13:00:00,24461.56,,1,
2019-01-23 13:30:00,24453.97,,,
2019-01-23 14:00:00,24495.18,1,,
2019-01-23 14:30:00,24533.34,,,
2019-01-23 15:00:00,24498.94,,,
2019-01-23 15:30:00,24574.27,,,
2019-01-23 16:00:00,24575.36,,,
2019-01-23 16:30:00,24575.62,,,
2019-01-23 17:00:00,24575.62,,,
2019-01-24 10:00:00,24495.74,,,
2019-01-24 10:30:00,24617.53,,,
2019-01-24 11:00:00,24554.41,,,
2019-01-24 11:30:00,24528.13,,,
2019-01-24 12:00:00,24594.02,,1,
2019-01-24 12:30:00,24525.47,,,
2019-01-24 13:00:00,24496.5,,1,
2019-01-24 13:30:00,24442.31,,,
2019-01-24 14:00:00,24485.45,,,
2019-01-24 14:30:00,24497.12,,,
2019-01-24 15:00:00,24530.22,,,
2019-01-24 15:30:00,24542.83,1,,
2019-01-24 16:00:00,24554.43,,,
2019-01-24 16:30:00,24553.24,,,
2019-01-24 17:00:00,24553.24,,,
2019-01-25 10:00:00,24767.08,,,1
2019-01-25 10:30:00,24819.79,,,1
2019-01-25 11:00:00,24838.89,,,1
2019-01-25 11:30:00,24765.62,,,1
2019-01-25 12:00:00,24790.37,,,1
2019-01-25 12:30:00,24813.01,,,
2019-01-25 13:00:00,24723.38,,,
2019-01-25 13:30:00,24751.29,,,
2019-01-25 14:00:00,24758.26,,,
2019-01-25 14:30:00,24708.87,,1,
2019-01-25 15:00:00,24741.64,,,
2019-01-25 15:30:00,24708.59,,,
2019-01-25 16:00:00,24732.45,,,
2019-01-25 16:30:00,24737.2,,,
2019-01-25 17:00:00,24737.2,,,
2019-01-28 10:00:00,24392.92,,,
2019-01-28 10:30:00,24442.7,,,
2019-01-28 11:00:00,24408.98,,,
2019-01-28 11:30:00,24423.81,,,
2019-01-28 12:00:00,24343.45,,,
2019-01-28 12:30:00,24391.25,,,
2019-01-28 13:00:00,24372.68,,,
2019-01-28 13:30:00,24437.7,,,
2019-01-28 14:00:00,24465.84,,,
2019-01-28 14:30:00,24442.31,,,
2019-01-28 15:00:00,24496.18,,,
2019-01-28 15:30:00,24499.0,,,
2019-01-28 16:00:00,24531.21,1,,
2019-01-28 16:30:00,24528.22,,,
2019-01-28 18:00:00,24528.22,,,
2019-01-29 10:00:00,24635.09,,,
2019-01-29 10:30:00,24660.33,,,
2019-01-29 11:00:00,24524.85,,,
2019-01-29 11:30:00,24565.17,,,
2019-01-29 12:00:00,24617.52,,,
2019-01-29 12:30:00,24637.84,,,1
2019-01-29 13:00:00,24609.74,,,
2019-01-29 13:30:00,24617.66,,,
2019-01-29 14:00:00,24629.15,,,
2019-01-29 14:30:00,24579.29,,,
2019-01-29 15:00:00,24534.36,,1,
2019-01-29 15:30:00,24588.77,1,,
2019-01-29 16:00:00,24578.81,,,
2019-01-29 16:30:00,24579.96,,,
2019-01-29 17:00:00,24579.96,,,
2019-01-30 10:00:00,24810.01,1,,
2019-01-30 10:30:00,24852.02,,,1
2019-01-30 11:00:00,24856.38,,,1
2019-01-30 11:30:00,24904.86,,,1
2019-01-30 12:00:00,24928.3,,,1
2019-01-30 12:30:00,24939.9,,,1
2019-01-30 13:00:00,24906.71,,,1
2019-01-30 13:30:00,24865.27,,,
2019-01-30 14:00:00,24841.79,,,
2019-01-30 14:30:00,25007.94,,,
2019-01-30 15:00:00,25106.73,,,1
2019-01-30 15:30:00,25002.99,,,1
2019-01-30 16:00:00,25014.6,,,
2019-01-30 16:30:00,25014.86,,,
2019-01-30 17:00:00,25014.86,,,
2019-01-31 10:00:00,24881.86,,,
2019-01-31 10:30:00,24958.88,,,
2019-01-31 11:00:00,24941.15,,1,
2019-01-31 11:30:00,24948.89,,,
2019-01-31 12:00:00,25032.41,,,
2019-01-31 12:30:00,24981.71,,,
2019-01-31 13:00:00,24962.6,,,
2019-01-31 13:30:00,24947.43,,,
2019-01-31 14:00:00,24976.2,,,
2019-01-31 14:30:00,24952.81,,,
2019-01-31 15:00:00,24972.45,,1,
2019-01-31 15:30:00,24964.32,,,
2019-01-31 16:00:00,25009.37,,,
2019-01-31 16:30:00,24999.67,,1,
2019-01-31 17:30:00,24999.67,,,
2019-02-01 10:00:00,25050.66,,,1
2019-02-01 10:30:00,25174.32,,,1
2019-02-01 11:00:00,25094.84,,,1
2019-02-01 11:30:00,25142.7,,,1
2019-02-01 12:00:00,25174.24,,,1
2019-02-01 12:30:00,25091.68,,,
2019-02-01 13:00:00,25107.99,,,
2019-02-01 13:30:00,25086.7,,,
2019-02-01 14:00:00,25072.96,,,
2019-02-01 14:30:00,25018.54,,1,
2019-02-01 15:00:00,25003.33,,,
2019-02-01 15:30:00,25029.14,,,
2019-02-01 16:00:00,25061.45,,,
2019-02-01 16:30:00,25063.89,,,
2019-02-01 17:30:00,25063.89,,,
2019-02-04 10:00:00,25041.56,,,
2019-02-04 10:30:00,24989.98,,,
2019-02-04 11:00:00,25015.17,,1,
2019-02-04 11:30:00,25046.74,,,
2019-02-04 12:00:00,25077.2,1,,
2019-02-04 12:30:00,25082.85,,,
2019-02-04 13:00:00,25087.73,,,
2019-02-04 13:30:00,25101.83,,,
2019-02-04 14:00:00,25151.67,,,
2019-02-04 14:30:00,25159.99,,,1
2019-02-04 15:00:00,25175.92,,,1
2019-02-04 15:30:00,25164.75,,,1
2019-02-04 16:00:00,25237.91,,,1
2019-02-04 16:30:00,25239.37,,,1
2019-02-04 17:30:00,25239.37,,,1
2019-02-05 10:00:00,25377.24,,,1
2019-02-05 10:30:00,25365.17,,,1
2019-02-05 11:00:00,25410.91,,,1
2019-02-05 11:30:00,25362.64,,,1
2019-02-05 12:00:00,25399.8,,,1
2019-02-05 12:30:00,25360.36,,,
2019-02-05 13:00:00,25312.68,,,
2019-02-05 13:30:00,25343.84,,,
2019-02-05 14:00:00,25339.08,,,
2019-02-05 14:30:00,25392.18,,1,
2019-02-05 15:00:00,25400.45,,,
2019-02-05 15:30:00,25412.19,,,
2019-02-05 16:00:00,25405.02,,,
2019-02-05 16:30:00,25411.52,,,
2019-02-05 18:00:00,25411.52,,,
2019-02-06 10:00:00,25351.28,,,
2019-02-06 10:30:00,25344.23,,,
2019-02-06 11:00:00,25417.09,,1,
2019-02-06 11:30:00,25393.69,,,
2019-02-06 12:00:00,25382.97,,,
2019-02-06 12:30:00,25395.87,,,
2019-02-06 13:00:00,25402.9,,,
2019-02-06 13:30:00,25416.16,,,
2019-02-06 14:00:00,25406.91,,,
2019-02-06 14:30:00,25386.92,,,
2019-02-06 15:00:00,25392.81,,,
2019-02-06 15:30:00,25403.24,,,
2019-02-06 16:00:00,25388.84,,1,
2019-02-06 16:30:00,25390.3,,,
2019-02-06 17:30:00,25390.3,,,
2019-02-07 10:00:00,25226.26,,,
2019-02-07 10:30:00,25294.05,,,
2019-02-07 11:00:00,25159.48,,,
2019-02-07 11:30:00,25099.33,,,
2019-02-07 12:00:00,25025.42,,,
2019-02-07 12:30:00,25054.18,,,
2019-02-07 13:00:00,25021.54,,,
2019-02-07 13:30:00,25091.18,,,
2019-02-07 14:00:00,25109.43,,,
2019-02-07 14:30:00,25126.08,,,
2019-02-07 15:00:00,25102.87,,,
2019-02-07 15:30:00,25115.82,,,
2019-02-07 16:00:00,25173.29,,,
2019-02-07 16:30:00,25169.53,,,
2019-02-07 17:00:00,25169.53,1,,
2019-02-08 10:00:00,24988.68,,,
2019-02-08 10:30:00,24960.13,,1,
2019-02-08 11:00:00,24931.73,,,
2019-02-08 11:30:00,24914.21,,,
2019-02-08 12:00:00,24952.74,,,
2019-02-08 12:30:00,24960.77,,,
2019-02-08 13:00:00,24979.45,,,
2019-02-08 13:30:00,24988.39,,,
2019-02-08 14:00:00,25007.33,,,
2019-02-08 14:30:00,25027.43,,,
2019-02-08 15:00:00,25005.49,,,
2019-02-08 15:30:00,25026.83,1,,
2019-02-08 16:00:00,25103.89,,,
2019-02-08 16:30:00,25106.33,,,
2019-02-08 17:30:00,25106.33,,,
2019-02-11 10:00:00,25112.75,,,
2019-02-11 10:30:00,25073.24,,,
2019-02-11 11:00:00,25081.07,,,
2019-02-11 11:30:00,25083.78,,,
2019-02-11 12:00:00,25071.86,,,
2019-02-11 12:30:00,25095.12,,1,
2019-02-11 13:00:00,25090.84,,,
2019-02-11 13:30:00,25062.57,,,
2019-02-11 14:00:00,25053.01,,,
2019-02-11 14:30:00,25037.03,,,
2019-02-11 15:00:00,25031.86,,,
2019-02-11 15:30:00,25058.59,,,
2019-02-11 16:00:00,25054.7,,,
2019-02-11 16:30:00,25053.11,,,
2019-02-11 17:00:00,25053.11,,,
2019-02-12 10:00:00,25295.49,1,,
2019-02-12 10:30:00,25276.76,,,1
2019-02-12 11:00:00,25325.07,,,1
2019-02-12 11:30:00,25369.93,,,1
2019-02-12 12:00:00,25393.22,,,1
2019-02-12 12:30:00,25376.63,,,1
2019-02-12 13:00:00,25377.48,,,1
2019-02-12 13:30:00,25410.76,,,1
2019-02-12 14:00:00,25455.05,,,1
2019-02-12 14:30:00,25428.39,,,
2019-02-12 15:00:00,25417.36,,,
2019-02-12 15:30:00,25435.07,,,
2019-02-12 16:00:00,25417.93,,,
2019-02-12 16:30:00,25425.76,,,
2019-02-12 17:00:00,25425.76,,,
2019-02-13 10:00:00,25573.5,,,
2019-02-13 10:30:00,25585.57,,,
2019-02-13 11:00:00,25598.04,,,1
2019-02-13 11:30:00,25527.38,,,
2019-02-13 12:00:00,25535.16,,,
2019-02-13 12:30:00,25501.97,,,
2019-02-13 13:00:00,25510.16,,,
2019-02-13 13:30:00,25517.66,,1,
2019-02-13 14:00:00,25513.31,,,
2019-02-13 14:30:00,25532.51,,,
2019-02-13 15:00:00,25571.35,,,
2019-02-13 15:30:00,25590.68,,,
2019-02-13 16:00:00,25537.54,,,
2019-02-13 16:30:00,25543.27,,,
2019-02-13 17:00:00,25543.27,,,
2019-02-14 10:00:00,25387.33,,1,
2019-02-14 10:30:00,25439.2,,,
2019-02-14 11:00:00,25413.83,,,
2019-02-14 11:30:00,25382.44,,,
2019-02-14 12:00:00,25434.9,,,
2019-02-14 12:30:00,25514.39,,,
2019-02-14 13:00:00,25508.42,,,
2019-02-14 13:30:00,25517.36,1,,
2019-02-14 14:00:00,25513.82,,,
2019-02-14 14:30:00,25527.19,,,
2019-02-14 15:00:00,25493.92,,,
2019-02-14 15:30:00,25489.56,,,
2019-02-14 16:00:00,25438.95,,,
2019-02-14 16:30:00,25439.39,,1,
2019-02-14 17:00:00,25439.39,,,
2019-02-15 10:00:00,25727.43,1,,
2019-02-15 10:30:00,25771.47,,,
2019-02-15 11:00:00,25750.76,,,1
2019-02-15 11:30:00,25782.27,,,1
2019-02-15 12:00:00,25799.37,,,1
2019-02-15 12:30:00,25790.8,,,1
2019-02-15 13:00:00,25782.68,,,
2019-02-15 13:30:00,25750.48,,,
2019-02-15 14:00:00,25776.9,,,
2019-02-15 14:30:00,25792.76,,,
2019-02-15 15:00:00,25825.31,,,
2019-02-15 15:30:00,25800.44,,,
2019-02-15 16:00:00,25882.3,,,
2019-02-15 16:30:00,25883.25,,,
2019-02-15 17:00:00,25883.25,,,
2019-02-19 10:00:00,25875.75,,,
2019-02-19 10:30:00,25873.97,,,
2019-02-19 11:00:00,25836.67,,,
2019-02-19 11:30:00,25850.47,,,
2019-02-19 12:00:00,25937.48,,,
2019-02-19 12:30:00,25917.06,,,1
2019-02-19 13:00:00,25915.45,,,1
2019-02-19 13:30:00,25905.52,,,
2019-02-19 14:00:00,25906.35,,,
2019-02-19 14:30:00,25926.21,,,
2019-02-19 15:00:00,25955.88,,,1
2019-02-19 15:30:00,25935.4,,,
2019-02-19 16:00:00,25891.94,,,
2019-02-19 16:30:00,25891.32,,,
2019-02-19 17:30:00,25891.32,,1,
2019-02-20 10:00:00,25913.33,,,
2019-02-20 10:30:00,25920.29,,,
2019-02-20 11:00:00,25899.13,,,
2019-02-20 11:30:00,25910.75,,,
2019-02-20 12:00:00,25921.27,,,
2019-02-20 12:30:00,25862.05,,,
2019-02-20 13:00:00,25879.09,,,
2019-02-20 13:30:00,25935.27,1,,
2019-02-20 14:00:00,25945.48,,,
2019-02-20 14:30:00,25897.05,,1,
2019-02-20 15:00:00,25961.25,,,
2019-02-20 15:30:00,25949.77,,,1
2019-02-20 16:00:00,25957.9,,,
2019-02-20 16:30:00,25954.44,,,1
2019-02-20 17:30:00,25954.44,,,
2019-02-21 10:00:00,25875.89,,,
2019-02-21 10:30:00,25843.59,,1,
2019-02-21 11:00:00,25843.39,,,
2019-02-21 11:30:00,25836.85,,,
2019-02-21 12:00:00,25894.12,,,
2019-02-21 12:30:00,25880.15,,,
2019-02-21 13:00:00,25907.63,,,
2019-02-21 13:30:00,25878.33,,,
2019-02-21 14:00:00,25879.41,,,
2019-02-21 14:30:00,25820.84,,,
2019-02-21 15:00:00,25783.35,,1,
2019-02-21 15:30:00,25799.78,,,
2019-02-21 16:00:00,25849.72,,,
2019-02-21 16:30:00,25850.63,,,
2019-02-21 17:00:00,25850.63,,,
2019-02-22 10:00:00,25959.0,1,,
2019-02-22 10:30:00,25967.99,,,1
2019-02-22 11:00:00,26000.72,,,1
2019-02-22 11:30:00,26039.63,,,1
2019-02-22 12:00:00,26036.53,,,1
2019-02-22 12:30:00,26023.04,,,1
2019-02-22 13:00:00,26015.01,,,
2019-02-22 13:30:00,26001.67,,,
2019-02-22 14:00:00,26005.22,,,
2019-02-22 14:30:00,25989.62,,,
2019-02-22 15:00:00,25932.86,,1,
2019-02-22 15:30:00,25998.14,,,
2019-02-22 16:00:00,26029.94,,,
2019-02-22 16:30:00,26031.81,,,
2019-02-22 17:00:00,26031.81,,,
2019-02-25 10:00:00,26194.17,,,
2019-02-25 10:30:00,26166.87,,,1
2019-02-25 11:00:00,26238.14,,,1
2019-02-25 11:30:00,26201.15,,,1
2019-02-25 12:00:00,26213.58,,,1
2019-02-25 12:30:00,26189.24,,,
2019-02-25 13:00:00,26166.71,,,
2019-02-25 13:30:00,26147.93,,,
2019-02-25 14:00:00,26156.93,,,
2019-02-25 14:30:00,26154.54,,1,
2019-02-25 15:00:00,26141.29,,,
2019-02-25 15:30:00,26103.4,,,
2019-02-25 16:00:00,26085.44,,,
2019-02-25 16:30:00,26091.95,,,
2019-02-25 17:00:00,26091.95,,,
2019-02-26 10:00:00,26008.48,,,
2019-02-26 10:30:00,26046.37,,,
2019-02-26 11:00:00,25978.72,,,
2019-02-26 11:30:00,26091.67,,,
2019-02-26 12:00:00,26078.58,,,
2019-02-26 12:30:00,26087.96,,,
2019-02-26 13:00:00,26070.1,,,
2019-02-26 13:30:00,26086.81,,,
2019-02-26 14:00:00,26083.49,1,,
2019-02-26 14:30:00,26085.3,,,
2019-02-26 15:00:00,26132.19,,,
2019-02-26 15:30:00,26121.7,,,
2019-02-26 16:00:00,26056.37,,,
2019-02-26 16:30:00,26057.98,,,
2019-02-26 17:00:00,26057.98,,,
2019-02-27 10:00:00,26000.38,,1,
2019-02-27 10:30:00,25903.35,,,
2019-02-27 11:00:00,25911.28,,,
2019-02-27 11:30:00,25942.24,,,
2019-02-27 12:00:00,25961.78,,,
2019-02-27 12:30:00,25973.13,,,
2019-02-27 13:00:00,25981.29,,,
2019-02-27 13:30:00,26020.4,,,
2019-02-27 14:00:00,26004.43,,,
2019-02-27 14:30:00,26000.02,,,
2019-02-27 15:00:00,26003.75,1,,
2019-02-27 15:30:00,25982.59,,,
2019-02-27 16:00:00,25987.39,,,
2019-02-27 16:30:00,25985.16,,,
2019-02-27 17:00:00,25985.16,,1,
2019-02-28 10:00:00,26013.76,1,,
2019-02-28 10:30:00,25960.85,,,
2019-02-28 11:00:00,25941.8,,,
2019-02-28 11:30:00,25950.07,,,
2019-02-28 12:00:00,25958.42,,,
2019-02-28 12:30:00,25978.98,,,
2019-02-28 13:00:00,25985.82,,,
2019-02-28 13:30:00,25951.89,,,
2019-02-28 14:00:00,25964.13,,,
2019-02-28 14:30:00,25968.85,,,
2019-02-28 15:00:00,25930.42,,,
2019-02-28 15:30:00,25945.27,,1,
2019-02-28 16:00:00,25913.35,,,
2019-02-28 16:30:00,25916.0,,,
2019-02-28 17:00:00,25916.0,,,
2019-03-01 10:00:00,26124.45,1,,
2019-03-01 10:30:00,26012.31,,,1
2019-03-01 11:00:00,26007.33,,,
2019-03-01 11:30:00,25974.53,,,
2019-03-01 12:00:00,25938.48,,,
2019-03-01 12:30:00,25979.6,1,,
2019-03-01 13:00:00,25987.53,,,
2019-03-01 13:30:00,25985.87,,1,
2019-03-01 14:00:00,25987.26,,,
2019-03-01 14:30:00,26044.95,,,
2019-03-01 15:00:00,26025.05,,,
2019-03-01 15:30:00,26025.32,,,
2019-03-01 16:00:00,26027.33,,,
2019-03-01 16:30:00,26026.32,,,
2019-03-01 17:00:00,26026.32,,,
2019-03-04 10:00:00,26093.5,,,1
2019-03-04 10:30:00,26081.47,,,
2019-03-04 11:00:00,25998.72,,,
2019-03-04 11:30:00,25906.26,,1,
2019-03-04 12:00:00,25729.2,,,
2019-03-04 12:30:00,25700.54,,,
2019-03-04 13:00:00,25656.06,,,
2019-03-04 13:30:00,25698.39,,,
2019-03-04 14:00:00,25744.84,,,
2019-03-04 14:30:00,25805.58,,,
2019-03-04 15:00:00,25774.39,,,
2019-03-04 15:30:00,25776.94,,,
2019-03-04 16:00:00,25825.71,,,
2019-03-04 16:30:00,25819.65,,,
2019-03-04 17:30:00,25819.65,,,
2019-03-05 10:00:00,25755.46,,,
2019-03-05 10:30:00,25755.32,,,
2019-03-05 11:00:00,25765.06,,1,
2019-03-05 11:30:00,25824.65,,,
2019-03-05 12:00:00,25821.21,1,,
2019-03-05 12:30:00,25815.47,,,
2019-03-05 13:00:00,25835.1,,,
2019-03-05 13:30:00,25800.02,,,
2019-03-05 14:00:00,25815.97,,,
2019-03-05 14:30:00,25845.05,,,
2019-03-05 15:00:00,25857.61,,,
2019-03-05 15:30:00,25834.6,,,
2019-03-05 16:00:00,25808.42,,,
2019-03-05 16:30:00,25806.63,,,
2019-03-05 17:30:00,25806.63,,,
2019-03-06 10:00:00,25789.19,,1,
2019-03-06 10:30:00,25746.76,,,
2019-03-06 11:00:00,25732.82,,,
2019-03-06 11:30:00,25718.71,,,
2019-03-06 12:00:00,25670.05,,,
2019-03-06 12:30:00,25665.62,,,
2019-03-06 13:00:00,25649.43,,,
2019-03-06 13:30:00,25648.34,,,
2019-03-06 14:00:00,25707.56,,,
2019-03-06 14:30:00,25702.21,,,
2019-03-06 15:00:00,25692.54,,,
2019-03-06 15:30:00,25673.03,,,
2019-03-06 16:00:00,25675.81,,,
2019-03-06 16:30:00,25673.46,,,
2019-03-06 18:00:00,25673.46,,,
2019-03-07 10:00:00,25458.84,,1,
2019-03-07 10:30:00,25412.83,,,
2019-03-07 11:00:00,25436.84,,,
2019-03-07 11:30:00,25435.31,,,
2019-03-07 12:00:00,25464.04,,,
2019-03-07 12:30:00,25477.35,,,
2019-03-07 13:00:00,25544.52,,,
2019-03-07 13:30:00,25531.77,,,
2019-03-07 14:00:00,25516.34,,,
2019-03-07 14:30:00,25476.65,,,
2019-03-07 15:00:00,25417.88,,,
2019-03-07 15:30:00,25415.6,,,
2019-03-07 16:00:00,25468.07,,1,
2019-03-07 16:30:00,25473.23,,,
2019-03-07 17:30:00,25473.23,,,
2019-03-08 10:00:00,25301.07,,,
2019-03-08 10:30:00,25325.95,,,
2019-03-08 11:00:00,25344.21,,,
2019-03-08 11:30:00,25376.53,,,
2019-03-08 12:00:00,25341.19,,,
2019-03-08 12:30:00,25340.01,,,
2019-03-08 13:00:00,25284.75,,,
2019-03-08 13:30:00,25307.09,,,
2019-03-08 14:00:00,25331.21,,,
2019-03-08 14:30:00,25343.51,,,
2019-03-08 15:00:00,25372.34,,,
2019-03-08 15:30:00,25348.46,,,
2019-03-08 16:00:00,25450.1,1,,
2019-03-08 16:30:00,25450.24,,,
2019-03-08 17:00:00,25450.24,,,
2019-03-11 10:00:00,25392.53,,,
2019-03-11 10:30:00,25435.41,,,
2019-03-11 11:00:00,25527.7,,,1
2019-03-11 11:30:00,25547.16,,,1
2019-03-11 12:00:00,25552.61,,,1
2019-03-11 12:30:00,25528.42,,,1
2019-03-11 13:00:00,25529.2,,,1
2019-03-11 13:30:00,25600.54,,,1
2019-03-11 14:00:00,25611.13,,,1
2019-03-11 14:30:00,25623.42,,,1
2019-03-11 15:00:00,25617.14,,,1
2019-03-11 15:30:00,25618.64,,,
2019-03-11 16:00:00,25654.58,,,
2019-03-11 16:30:00,25650.88,,,
2019-03-11 17:00:00,25650.88,,,
2019-03-12 10:00:00,25608.86,,,
2019-03-12 10:30:00,25641.34,,,
2019-03-12 11:00:00,25614.71,,,
2019-03-12 11:30:00,25555.04,,1,
2019-03-12 12:00:00,25606.25,1,,
2019-03-12 12:30:00,25579.6,,,
2019-03-12 13:00:00,25559.0,,,
2019-03-12 13:30:00,25558.49,,,
2019-03-12 14:00:00,25576.68,,,
2019-03-12 14:30:00,25583.58,,,
2019-03-12 15:00:00,25590.87,,,
2019-03-12 15:30:00,25561.42,,,
2019-03-12 16:00:00,25559.25,,,
2019-03-12 16:30:00,25554.66,,1,
2019-03-12 19:00:00,25554.66,,,
2019-03-13 10:00:00,25685.64,1,,
2019-03-13 10:30:00,25667.04,,,1
2019-03-13 11:00:00,25689.02,,,1
2019-03-13 11:30:00,25752.04,,,1
2019-03-13 12:00:00,25725.59,,,1
2019-03-13 12:30:00,25708.5,,,1
2019-03-13 13:00:00,25728.29,,,
2019-03-13 13:30:00,25736.0,,,1
2019-03-13 14:00:00,25735.67,,,
2019-03-13 14:30:00,25715.58,,,
2019-03-13 15:00:00,25652.08,,,
2019-03-13 15:30:00,25665.5,,1,
2019-03-13 16:00:00,25703.57,,,
2019-03-13 16:30:00,25702.89,,,
2019-03-13 17:00:00,25702.89,,,
2019-03-14 10:00:00,25698.05,,,
2019-03-14 10:30:00,25659.56,,,
2019-03-14 11:00:00,25693.69,,,
2019-03-14 11:30:00,25700.84,1,,
2019-03-14 12:00:00,25731.43,,,
2019-03-14 12:30:00,25721.79,,,
2019-03-14 13:00:00,25714.82,,,
2019-03-14 13:30:00,25713.58,,,
2019-03-14 14:00:00,25693.31,,,
2019-03-14 14:30:00,25702.07,,,
2019-03-14 15:00:00,25698.81,,,
2019-03-14 15:30:00,25713.64,1,1,
2019-03-14 16:00:00,25712.91,,,
2019-03-14 16:30:00,25709.94,,,
